profile_id,segment,assessment_date,profile_visibility,search_engine_indexing,friends_list_visibility,contact_lookup_enabled,username_reuse,phone_public,email_public,birthday_public,home_info_public,workplace_public,education_public,relationship_public,location_public,realtime_location,location_tagging,live_checkins,travel_posts,routine_patterns,posts_public,sensitive_photo_content,family_photos_public,public_stories,request_audience,unknown_connections,connections_reviewed,close_friends_used,tag_review_enabled,who_can_tag,tagged_posts_auto_visible,who_can_mention,mfa_enabled,mfa_method,password_reuse_reported,password_manager_used,login_alerts_enabled,sessions_reviewed,recovery_reviewed,unknown_devices_checked,third_party_apps_reviewed,unused_apps_removed,permissions_checked,social_login_overuse,responds_to_suspicious_dms,suspicious_link_awareness,clicks_unexpected_links,shares_verification_codes,impersonation_check,giveaway_participation,old_posts_reviewed,privacy_settings_reviewed,unused_accounts,photo_metadata_awareness,public_comments,score_profile,score_personal_info,score_location,score_content,score_connections,score_tagging,score_account_security,score_third_party,score_social_engineering,score_footprint,risk_score,risk_level
SYN-00001,Professional,2026-09-18,PRIVATE,NO,PRIVATE,NO,NO,NO,NO,NO,NO,NO,NO,NO,NO,NEVER,NEVER,NEVER,NEVER,NEVER,PRIVATE,NEVER,NEVER,NO,APPROVAL,NEVER,RECENT,YES,YES,NO_ONE,NO,NO_ONE,YES,APP_OR_KEY,NEVER,YES,YES,OLD,YES,YES,RECENT,YES,YES,NEVER,NEVER,YES,NEVER,NO,YES,NEVER,OLD,OLD,NO,YES,NEVER,0.0,0.0,0.0,0.0,0.0,0.0,4.6,0.0,0.0,27.5,2,LOW
SYN-00002,Professional,2026-01-14,PRIVATE,NO,PRIVATE,NO,NO,NO,NO,NOT_SURE,NO,NO,NO,NO,NO,NEVER,NEVER,NEVER,NOT_SURE,NEVER,FRIENDS,NEVER,NEVER,NO,APPROVAL,SOMETIMES,RECENT,YES,YES,NO_ONE,NO,NO_ONE,YES,APP_OR_KEY,NOT_SURE,YES,NOT_SURE,RECENT,YES,YES,OLD,YES,SOMETIMES,NOT_SURE,NEVER,YES,NEVER,NO,YES,NEVER,OLD,OLD,NO,YES,SOMETIMES,0.0,8.0,8.0,11.7,24.0,0.0,17.5,40.0,0.0,36.5,12,LOW
SYN-00003,Professional,2026-09-01,FRIENDS,NOT_SURE,PRIVATE,NOT_SURE,NOT_SURE,NO,NO,NOT_SURE,NO,NOT_SURE,YES,NO,NO,NEVER,SOMETIMES,SOMETIMES,NEVER,SOMETIMES,FRIENDS,NEVER,NEVER,NO,APPROVAL,SOMETIMES,RECENT,SOMETIMES,NOT_SURE,NO_ONE,NOT_SURE,FRIENDS,NOT_SURE,SMS,NEVER,NO,NO,RECENT,YES,SOMETIMES,OLD,SOMETIMES,YES,SOMETIMES,NEVER,SOMETIMES,SOMETIMES,NO,SOMETIMES,NOT_SURE,OLD,OLD,NOT_SURE,SOMETIMES,SOMETIMES,39.5,26.0,26.4,11.7,30.7,40.7,44.7,41.8,31.4,54.0,33,MODERATE
SYN-00004,Educator,2026-04-04,PRIVATE,NOT_SURE,FRIENDS,NOT_SURE,NO,NOT_SURE,NO,NOT_SURE,NO,NO,NO,YES,NOT_SURE,NEVER,NEVER,NEVER,SOMETIMES,NEVER,FRIENDS,NEVER,SOMETIMES,NOT_SURE,FRIENDS_OF_FRIENDS,SOMETIMES,RECENT,SOMETIMES,NOT_SURE,FRIENDS,NO,NO_ONE,YES,SMS,SOMETIMES,NOT_SURE,YES,OLD,YES,SOMETIMES,OLD,SOMETIMES,SOMETIMES,NEVER,NOT_SURE,SOMETIMES,NOT_SURE,NO,SOMETIMES,NEVER,NOT_SURE,RECENT,NO,SOMETIMES,NEVER,31.0,30.0,19.2,35.0,42.7,35.0,31.8,42.9,32.8,27.5,32,MODERATE
SYN-00005,SMB Owner,2026-01-30,FRIENDS,YES,FRIENDS,YES,NO,NOT_SURE,NO,NOT_SURE,NO,YES,YES,NOT_SURE,NOT_SURE,SOMETIMES,NOT_SURE,NOT_SURE,SOMETIMES,SOMETIMES,FRIENDS,NOT_SURE,OFTEN,NOT_SURE,FRIENDS_OF_FRIENDS,SOMETIMES,OLD,SOMETIMES,NOT_SURE,ANYONE,YES,FRIENDS,NOT_SURE,SMS,OFTEN,NO,NO,NEVER,NOT_SURE,SOMETIMES,NEVER,NOT_SURE,SOMETIMES,SOMETIMES,NEVER,NOT_SURE,SOMETIMES,NOT_SURE,NO,SOMETIMES,NOT_SURE,OLD,YES,SOMETIMES,SOMETIMES,57.5,49.3,56.8,57.8,53.7,80.0,80.3,74.1,54.1,70.2,61,HIGH
SYN-00006,Job Seeker,2026-02-21,PRIVATE,NO,FRIENDS,NO,NOT_SURE,NO,NO,NO,NO,NO,NO,NO,NOT_SURE,OFTEN,NEVER,NEVER,NEVER,NEVER,FRIENDS,NEVER,NEVER,NO,FRIENDS_OF_FRIENDS,NEVER,RECENT,SOMETIMES,NOT_SURE,FRIENDS,NOT_SURE,FRIENDS,YES,APP_OR_KEY,SOMETIMES,YES,YES,OLD,YES,SOMETIMES,RECENT,SOMETIMES,SOMETIMES,SOMETIMES,NEVER,SOMETIMES,NEVER,NO,SOMETIMES,NEVER,OLD,OLD,NOT_SURE,SOMETIMES,NEVER,12.0,0.0,33.6,11.7,18.7,50.7,20.4,34.1,13.8,45.0,20,LOW
SYN-00007,Student,2026-06-14,FRIENDS,NOT_SURE,FRIENDS,NOT_SURE,NOT_SURE,NOT_SURE,NO,NO,NO,YES,NOT_SURE,NOT_SURE,NOT_SURE,SOMETIMES,NEVER,SOMETIMES,NEVER,NEVER,FRIENDS,NOT_SURE,NOT_SURE,NOT_SURE,FRIENDS_OF_FRIENDS,NEVER,NOT_SURE,SOMETIMES,NO,NO_ONE,NO,FRIENDS,YES,SMS,SOMETIMES,NO,NOT_SURE,RECENT,NO,SOMETIMES,OLD,YES,SOMETIMES,NOT_SURE,NEVER,SOMETIMES,SOMETIMES,NO,SOMETIMES,NOT_SURE,NOT_SURE,OLD,NOT_SURE,SOMETIMES,SOMETIMES,46.5,37.3,33.6,46.7,34.7,40.7,48.6,40.0,31.4,60.2,41,HIGH
SYN-00008,Professional,2026-07-23,PRIVATE,NO,PRIVATE,NO,NO,NO,NO,NO,NO,NO,NO,NO,NO,NEVER,NEVER,NEVER,NEVER,NEVER,PRIVATE,NEVER,NOT_SURE,NO,APPROVAL,NEVER,RECENT,SOMETIMES,NOT_SURE,FRIENDS,NO,NO_ONE,YES,SMS,NEVER,YES,NOT_SURE,OLD,YES,YES,OLD,YES,SOMETIMES,SOMETIMES,NEVER,YES,NEVER,NO,SOMETIMES,NEVER,OLD,NOT_SURE,NO,SOMETIMES,NOT_SURE,0.0,0.0,0.0,11.1,6.7,35.0,17.9,41.8,6.9,48.8,11,LOW
SYN-00009,Student,2025-11-24,PUBLIC,YES,FRIENDS,YES,YES,YES,NOT_SURE,YES,NOT_SURE,YES,YES,NOT_SURE,NOT_SURE,NOT_SURE,SOMETIMES,SOMETIMES,SOMETIMES,OFTEN,FRIENDS,NOT_SURE,SOMETIMES,YES,EVERYONE,OFTEN,OLD,NO,NOT_SURE,ANYONE,NOT_SURE,FRIENDS,NO,NONE,OFTEN,NO,NO,NOT_SURE,NOT_SURE,SOMETIMES,NEVER,SOMETIMES,NO,SOMETIMES,SOMETIMES,NOT_SURE,SOMETIMES,YES,NOT_SURE,OFTEN,NEVER,NOT_SURE,NOT_SURE,NO,SOMETIMES,87.0,82.7,62.4,55.6,91.0,69.3,90.8,81.2,76.6,79.0,78,CRITICAL
SYN-00010,Professional,2026-06-03,FRIENDS,NO,PRIVATE,NO,NO,NO,NO,NO,NO,NO,NO,NO,NO,NEVER,NEVER,SOMETIMES,NEVER,NEVER,FRIENDS,NEVER,SOMETIMES,NO,APPROVAL,NEVER,RECENT,YES,YES,NO_ONE,NO,NO_ONE,YES,APP_OR_KEY,NEVER,YES,YES,OLD,YES,SOMETIMES,OLD,YES,YES,NEVER,NEVER,YES,NOT_SURE,NO,YES,NOT_SURE,OLD,OLD,NOT_SURE,SOMETIMES,NEVER,10.5,0.0,9.6,25.0,0.0,0.0,8.8,19.4,15.5,45.0,11,LOW
SYN-00011,Job Seeker,2026-07-20,PRIVATE,NO,PRIVATE,NOT_SURE,NO,NO,NO,NO,NO,NO,NO,NO,NO,SOMETIMES,NOT_SURE,NEVER,NEVER,SOMETIMES,PRIVATE,NEVER,NEVER,NO,APPROVAL,NEVER,RECENT,YES,NOT_SURE,NO_ONE,NO,FRIENDS,YES,SMS,NEVER,YES,YES,RECENT,YES,SOMETIMES,RECENT,YES,SOMETIMES,NEVER,NEVER,YES,NOT_SURE,NO,YES,NEVER,RECENT,RECENT,NO,SOMETIMES,NEVER,12.0,0.0,29.6,0.0,0.0,30.0,9.7,11.8,10.3,7.5,11,LOW
SYN-00012,Student,2025-11-30,FRIENDS,NO,PUBLIC,NO,YES,NOT_SURE,NOT_SURE,NOT_SURE,NOT_SURE,NOT_SURE,NOT_SURE,NOT_SURE,NOT_SURE,SOMETIMES,SOMETIMES,SOMETIMES,SOMETIMES,SOMETIMES,FRIENDS,NEVER,OFTEN,NO,FRIENDS_OF_FRIENDS,SOMETIMES,OLD,SOMETIMES,NOT_SURE,FRIENDS,YES,FRIENDS,NO,NONE,SOMETIMES,NOT_SURE,YES,OLD,NO,NOT_SURE,NEVER,SOMETIMES,NO,SOMETIMES,SOMETIMES,SOMETIMES,NOT_SURE,NO,NOT_SURE,OFTEN,OLD,OLD,NOT_SURE,NO,NOT_SURE,40.5,60.0,60.0,33.9,53.7,61.4,72.4,81.2,47.6,60.0,57,HIGH
SYN-00013,Professional,2026-08-09,PRIVATE,NO,FRIENDS,NO,NO,NO,NO,NO,NO,NO,NOT_SURE,NO,NO,NEVER,NEVER,NEVER,NEVER,NEVER,PRIVATE,NEVER,NEVER,NO,APPROVAL,NEVER,RECENT,YES,YES,NO_ONE,NO,FRIENDS,YES,APP_OR_KEY,NEVER,YES,YES,RECENT,YES,YES,NOT_SURE,YES,YES,NEVER,NEVER,YES,NEVER,NO,YES,NEVER,OLD,RECENT,NO,YES,NEVER,7.0,6.0,0.0,0.0,0.0,5.0,0.0,28.2,0.0,13.8,4,LOW
SYN-00014,Professional,2026-03-26,PRIVATE,NO,PRIVATE,NO,NO,NO,NO,NOT_SURE,NO,NO,NO,NO,NO,NEVER,NEVER,NEVER,NEVER,NEVER,PRIVATE,NEVER,NEVER,NO,APPROVAL,NEVER,RECENT,YES,NOT_SURE,NO_ONE,NO,FRIENDS,YES,APP_OR_KEY,NEVER,YES,YES,OLD,YES,YES,OLD,YES,YES,NEVER,NEVER,SOMETIMES,NEVER,NO,YES,NEVER,OLD,RECENT,NO,YES,NEVER,0.0,8.0,0.0,0.0,0.0,30.0,4.6,19.4,6.9,13.8,6,LOW
SYN-00015,Student,2026-07-08,FRIENDS,NOT_SURE,FRIENDS,NOT_SURE,YES,NOT_SURE,NOT_SURE,YES,NOT_SURE,YES,YES,NO,NO,NOT_SURE,SOMETIMES,SOMETIMES,SOMETIMES,NEVER,FRIENDS,SOMETIMES,SOMETIMES,NOT_SURE,FRIENDS_OF_FRIENDS,SOMETIMES,OLD,SOMETIMES,NOT_SURE,FRIENDS,NOT_SURE,FRIENDS,NO,NONE,NOT_SURE,NOT_SURE,NO,OLD,NOT_SURE,SOMETIMES,NEVER,YES,SOMETIMES,SOMETIMES,SOMETIMES,SOMETIMES,SOMETIMES,NO,SOMETIMES,SOMETIMES,NEVER,NOT_SURE,NO,NO,SOMETIMES,51.5,68.7,40.8,51.7,53.7,50.7,76.5,57.6,42.8,69.0,57,HIGH
SYN-00016,Professional,2026-01-31,PRIVATE,NO,FRIENDS,NO,NO,NO,NOT_SURE,NOT_SURE,NO,NO,NO,NOT_SURE,NOT_SURE,NOT_SURE,NEVER,NEVER,NEVER,NEVER,FRIENDS,NEVER,NEVER,NO,APPROVAL,NOT_SURE,OLD,YES,NOT_SURE,FRIENDS,NO,FRIENDS,NOT_SURE,SMS,NEVER,YES,NOT_SURE,OLD,YES,SOMETIMES,OLD,NOT_SURE,YES,NOT_SURE,NEVER,SOMETIMES,NEVER,NO,SOMETIMES,SOMETIMES,OLD,OLD,YES,NO,NEVER,7.0,22.0,21.6,11.7,31.0,40.0,37.6,44.7,20.0,62.5,27,MODERATE
SYN-00017,SMB Owner,2026-01-30,FRIENDS,NOT_SURE,PUBLIC,NOT_SURE,NOT_SURE,YES,NO,NOT_SURE,NO,YES,NOT_SURE,NOT_SURE,NO,SOMETIMES,SOMETIMES,SOMETIMES,SOMETIMES,SOMETIMES,FRIENDS,NOT_SURE,SOMETIMES,NO,FRIENDS_OF_FRIENDS,SOMETIMES,OLD,NOT_SURE,NOT_SURE,ANYONE,NO,FRIENDS,NOT_SURE,NOT_SURE,SOMETIMES,NOT_SURE,NO,NEVER,NOT_SURE,NO,OLD,SOMETIMES,NO,NOT_SURE,SOMETIMES,SOMETIMES,SOMETIMES,NO,SOMETIMES,SOMETIMES,NEVER,OLD,NOT_SURE,NO,SOMETIMES,59.5,53.3,50.4,38.9,56.3,58.6,76.4,63.5,42.8,72.8,57,HIGH
SYN-00018,SMB Owner,2026-09-19,PUBLIC,NOT_SURE,FRIENDS,YES,YES,NOT_SURE,NO,NO,NOT_SURE,NOT_SURE,NOT_SURE,NO,NOT_SURE,NOT_SURE,SOMETIMES,SOMETIMES,SOMETIMES,NOT_SURE,FRIENDS,NOT_SURE,SOMETIMES,YES,FRIENDS_OF_FRIENDS,SOMETIMES,OLD,NO,NO,FRIENDS,NOT_SURE,FRIENDS,NOT_SURE,SMS,NEVER,NO,NO,OLD,YES,NOT_SURE,NEVER,NOT_SURE,NOT_SURE,SOMETIMES,SOMETIMES,NOT_SURE,SOMETIMES,NOT_SURE,SOMETIMES,NOT_SURE,OLD,OLD,YES,NO,NOT_SURE,79.0,38.0,56.4,55.6,60.3,61.4,51.0,78.8,56.6,70.0,57,HIGH
SYN-00019,Student,2026-05-16,PUBLIC,NOT_SURE,PUBLIC,YES,NOT_SURE,NOT_SURE,NOT_SURE,NOT_SURE,NOT_SURE,YES,NOT_SURE,YES,YES,SOMETIMES,OFTEN,SOMETIMES,SOMETIMES,SOMETIMES,PUBLIC,SOMETIMES,SOMETIMES,NOT_SURE,FRIENDS_OF_FRIENDS,OFTEN,NEVER,SOMETIMES,NO,ANYONE,YES,FRIENDS,NO,NONE,OFTEN,NO,NO,NEVER,NO,SOMETIMES,OLD,NOT_SURE,SOMETIMES,SOMETIMES,SOMETIMES,NOT_SURE,SOMETIMES,NOT_SURE,SOMETIMES,SOMETIMES,NEVER,NEVER,NOT_SURE,NO,OFTEN,87.0,69.3,72.8,73.3,78.7,90.7,95.8,58.2,57.6,90.0,77,CRITICAL
SYN-00020,Job Seeker,2025-11-08,FRIENDS,YES,PUBLIC,YES,NO,NOT_SURE,NOT_SURE,YES,NOT_SURE,NOT_SURE,NOT_SURE,YES,NOT_SURE,SOMETIMES,SOMETIMES,OFTEN,OFTEN,SOMETIMES,FRIENDS,NOT_SURE,OFTEN,YES,APPROVAL,NOT_SURE,OLD,SOMETIMES,NOT_SURE,ANYONE,NO,FRIENDS,YES,SMS,SOMETIMES,NO,NO,OLD,NOT_SURE,NO,NEVER,SOMETIMES,NOT_SURE,OFTEN,SOMETIMES,SOMETIMES,SOMETIMES,NOT_SURE,SOMETIMES,OFTEN,NEVER,OLD,YES,NO,NOT_SURE,70.5,69.3,72.8,64.4,37.7,58.6,57.4,81.2,59.0,81.2,64,HIGH
SYN-00021,Student,2026-04-12,FRIENDS,YES,PUBLIC,NOT_SURE,NOT_SURE,NO,NOT_SURE,NOT_SURE,NOT_SURE,YES,NOT_SURE,YES,YES,NOT_SURE,OFTEN,SOMETIMES,SOMETIMES,SOMETIMES,FRIENDS,SOMETIMES,OFTEN,YES,EVERYONE,SOMETIMES,OLD,SOMETIMES,NO,ANYONE,NO,NO_ONE,NO,NONE,SOMETIMES,NOT_SURE,NOT_SURE,OLD,NO,NOT_SURE,NEVER,NO,SOMETIMES,OFTEN,OFTEN,SOMETIMES,OFTEN,NOT_SURE,NOT_SURE,SOMETIMES,OLD,OLD,NOT_SURE,NO,NEVER,67.5,57.3,70.4,67.2,68.3,64.3,80.1,88.2,72.8,52.5,69,HIGH
SYN-00022,SMB Owner,2026-02-12,FRIENDS,YES,FRIENDS,NOT_SURE,YES,NOT_SURE,NO,NO,NO,NOT_SURE,NO,NO,NO,SOMETIMES,SOMETIMES,SOMETIMES,SOMETIMES,NEVER,PRIVATE,SOMETIMES,SOMETIMES,NOT_SURE,EVERYONE,NOT_SURE,NEVER,SOMETIMES,NOT_SURE,FRIENDS,NOT_SURE,FRIENDS,NO,NONE,SOMETIMES,NOT_SURE,NOT_SURE,OLD,NOT_SURE,YES,NEVER,NOT_SURE,SOMETIMES,SOMETIMES,NOT_SURE,NOT_SURE,SOMETIMES,NO,SOMETIMES,SOMETIMES,OLD,OLD,YES,SOMETIMES,NOT_SURE,59.5,20.0,43.2,40.0,73.3,50.7,71.0,74.1,43.8,62.5,51,HIGH
SYN-00023,Educator,2025-10-18,FRIENDS,NO,PRIVATE,NO,NO,NO,NO,NO,NO,NO,NO,NO,NOT_SURE,NEVER,NEVER,NEVER,NEVER,NEVER,PRIVATE,NEVER,SOMETIMES,NO,APPROVAL,NEVER,RECENT,NOT_SURE,NO,NO_ONE,NO,FRIENDS,YES,APP_OR_KEY,NEVER,YES,YES,OLD,YES,YES,OLD,SOMETIMES,YES,NEVER,NEVER,SOMETIMES,NEVER,NO,YES,NEVER,OLD,OLD,NO,YES,NEVER,10.5,0.0,9.6,13.3,9.3,40.7,4.6,31.2,6.9,27.5,11,LOW
SYN-00024,Job Seeker,2026-07-21,FRIENDS,NO,FRIENDS,NOT_SURE,NO,NO,NOT_SURE,NO,NO,YES,NOT_SURE,NOT_SURE,NOT_SURE,NEVER,NOT_SURE,OFTEN,SOMETIMES,SOMETIMES,FRIENDS,SOMETIMES,NEVER,NO,FRIENDS_OF_FRIENDS,NOT_SURE,OLD,SOMETIMES,NOT_SURE,FRIENDS,NOT_SURE,NO_ONE,NO,NONE,NEVER,NO,YES,OLD,NOT_SURE,SOMETIMES,NOT_SURE,SOMETIMES,SOMETIMES,NEVER,NOT_SURE,SOMETIMES,SOMETIMES,NO,SOMETIMES,SOMETIMES,OLD,OLD,YES,YES,NOT_SURE,29.5,33.3,50.4,28.3,49.7,45.7,58.2,51.8,41.0,55.0,44,HIGH
SYN-00025,Student,2025-10-30,FRIENDS,NOT_SURE,FRIENDS,NOT_SURE,NOT_SURE,NO,NOT_SURE,YES,NO,NOT_SURE,NO,NOT_SURE,NOT_SURE,OFTEN,SOMETIMES,SOMETIMES,NOT_SURE,SOMETIMES,FRIENDS,SOMETIMES,SOMETIMES,YES,EVERYONE,NOT_SURE,NEVER,SOMETIMES,NO,FRIENDS,NOT_SURE,FRIENDS,NO,NONE,SOMETIMES,YES,NO,NOT_SURE,YES,SOMETIMES,NOT_SURE,SOMETIMES,SOMETIMES,SOMETIMES,NOT_SURE,YES,SOMETIMES,NO,SOMETIMES,SOMETIMES,NEVER,OLD,YES,NOT_SURE,NOT_SURE,46.5,35.3,68.0,58.3,73.3,61.4,66.9,62.4,34.1,76.8,57,HIGH
SYN-00026,Educator,2026-07-26,PUBLIC,NO,PRIVATE,NOT_SURE,YES,YES,NOT_SURE,YES,NOT_SURE,NOT_SURE,NOT_SURE,YES,NO,NEVER,SOMETIMES,OFTEN,SOMETIMES,NOT_SURE,PUBLIC,OFTEN,SOMETIMES,NOT_SURE,FRIENDS_OF_FRIENDS,SOMETIMES,OLD,NOT_SURE,NO,ANYONE,NOT_SURE,ANYONE,NO,NONE,NOT_SURE,NOT_SURE,NO,NEVER,YES,SOMETIMES,NEVER,SOMETIMES,SOMETIMES,SOMETIMES,NOT_SURE,SOMETIMES,OFTEN,NO,SOMETIMES,SOMETIMES,OLD,OLD,NO,SOMETIMES,SOMETIMES,52.0,77.3,41.2,84.4,56.3,89.3,72.5,69.4,49.3,44.0,63,HIGH
SYN-00027,Job Seeker,2026-08-24,FRIENDS,NOT_SURE,FRIENDS,NO,NOT_SURE,NO,NO,NOT_SURE,NO,NOT_SURE,NOT_SURE,NOT_SURE,NOT_SURE,NOT_SURE,NOT_SURE,SOMETIMES,NOT_SURE,SOMETIMES,FRIENDS,NEVER,SOMETIMES,NO,FRIENDS_OF_FRIENDS,OFTEN,OLD,NOT_SURE,YES,FRIENDS,NO,FRIENDS,NOT_SURE,SMS,SOMETIMES,NO,NOT_SURE,NOT_SURE,NOT_SURE,SOMETIMES,NEVER,NOT_SURE,SOMETIMES,SOMETIMES,NOT_SURE,YES,SOMETIMES,NO,SOMETIMES,SOMETIMES,OLD,OLD,YES,SOMETIMES,SOMETIMES,34.5,28.0,54.4,25.0,72.3,15.0,67.5,74.1,34.1,64.0,47,HIGH
SYN-00028,Job Seeker,2025-10-27,FRIENDS,NOT_SURE,FRIENDS,YES,NOT_SURE,NOT_SURE,NOT_SURE,YES,NO,NO,NOT_SURE,NOT_SURE,NOT_SURE,SOMETIMES,SOMETIMES,NEVER,NOT_SURE,NEVER,PUBLIC,SOMETIMES,SOMETIMES,YES,EVERYONE,NOT_SURE,OLD,SOMETIMES,NOT_SURE,FRIENDS,NOT_SURE,FRIENDS,NOT_SURE,APP_OR_KEY,SOMETIMES,NOT_SURE,NOT_SURE,NEVER,NOT_SURE,SOMETIMES,NEVER,SOMETIMES,SOMETIMES,SOMETIMES,SOMETIMES,SOMETIMES,SOMETIMES,NOT_SURE,NO,NEVER,NOT_SURE,OLD,YES,SOMETIMES,SOMETIMES,54.5,45.3,41.6,80.0,64.3,50.7,61.1,69.4,55.5,70.2,57,HIGH
SYN-00029,Job Seeker,2026-03-23,PRIVATE,NO,PRIVATE,NO,NO,NO,NO,NOT_SURE,NO,NO,NO,NOT_SURE,NO,NEVER,NEVER,NEVER,NEVER,NEVER,FRIENDS,NOT_SURE,NEVER,NO,APPROVAL,NEVER,RECENT,SOMETIMES,YES,FRIENDS,NO,FRIENDS,YES,APP_OR_KEY,NEVER,YES,NOT_SURE,OLD,YES,SOMETIMES,OLD,SOMETIMES,YES,NEVER,NOT_SURE,YES,NEVER,NO,YES,NEVER,RECENT,RECENT,NO,SOMETIMES,NEVER,0.0,14.0,0.0,25.6,6.7,15.0,16.5,31.2,8.6,7.5,11,LOW
SYN-00030,Student,2025-12-18,FRIENDS,NO,FRIENDS,NOT_SURE,NOT_SURE,NO,NOT_SURE,YES,NOT_SURE,NO,NOT_SURE,NOT_SURE,NOT_SURE,SOMETIMES,NOT_SURE,SOMETIMES,SOMETIMES,SOMETIMES,FRIENDS,SOMETIMES,SOMETIMES,NOT_SURE,FRIENDS_OF_FRIENDS,OFTEN,OLD,SOMETIMES,NOT_SURE,FRIENDS,YES,FRIENDS,YES,SMS,SOMETIMES,NOT_SURE,NO,NEVER,YES,NOT_SURE,NOT_SURE,SOMETIMES,SOMETIMES,SOMETIMES,NEVER,NOT_SURE,SOMETIMES,NOT_SURE,SOMETIMES,NEVER,OLD,OLD,YES,SOMETIMES,NEVER,34.5,45.3,58.4,51.7,69.7,61.4,48.3,62.4,41.0,55.0,51,HIGH
SYN-00031,Professional,2026-05-15,PRIVATE,NO,PRIVATE,NO,NOT_SURE,NO,NO,NO,NO,NO,NO,NO,NOT_SURE,NEVER,NEVER,SOMETIMES,NOT_SURE,NEVER,FRIENDS,NEVER,SOMETIMES,NO,APPROVAL,SOMETIMES,RECENT,YES,YES,FRIENDS,NO,FRIENDS,NOT_SURE,SMS,SOMETIMES,NOT_SURE,YES,OLD,NOT_SURE,YES,OLD,SOMETIMES,YES,NOT_SURE,NEVER,YES,SOMETIMES,NO,YES,NEVER,RECENT,OLD,YES,SOMETIMES,NEVER,5.0,0.0,27.2,25.0,24.0,15.0,51.0,40.0,12.4,41.2,23,MODERATE
SYN-00032,Student,2026-01-22,FRIENDS,NO,PUBLIC,NOT_SURE,NOT_SURE,YES,NO,NOT_SURE,NOT_SURE,NOT_SURE,NOT_SURE,NO,NOT_SURE,SOMETIMES,NEVER,NEVER,SOMETIMES,OFTEN,FRIENDS,NEVER,NEVER,YES,FRIENDS_OF_FRIENDS,SOMETIMES,RECENT,SOMETIMES,NOT_SURE,FRIENDS,YES,FRIENDS,NOT_SURE,SMS,NOT_SURE,NO,NOT_SURE,OLD,NOT_SURE,SOMETIMES,OLD,SOMETIMES,SOMETIMES,NEVER,SOMETIMES,SOMETIMES,NOT_SURE,NOT_SURE,SOMETIMES,SOMETIMES,OLD,OLD,NOT_SURE,SOMETIMES,NEVER,47.5,54.0,45.6,28.3,42.7,61.4,63.5,42.9,52.8,45.0,49,HIGH
SYN-00033,Educator,2026-07-01,PRIVATE,NOT_SURE,PRIVATE,NO,NOT_SURE,NO,NO,NOT_SURE,NO,NOT_SURE,NO,NO,NOT_SURE,NEVER,SOMETIMES,NEVER,SOMETIMES,NEVER,PRIVATE,NOT_SURE,SOMETIMES,NOT_SURE,APPROVAL,NEVER,OLD,YES,YES,NO_ONE,NO,FRIENDS,YES,SMS,NEVER,YES,YES,OLD,YES,SOMETIMES,OLD,YES,YES,NEVER,SOMETIMES,SOMETIMES,SOMETIMES,NO,SOMETIMES,NEVER,NOT_SURE,RECENT,NOT_SURE,SOMETIMES,NEVER,17.0,16.0,28.8,37.2,11.0,5.0,14.3,19.4,36.6,37.5,22,MODERATE
SYN-00034,Student,2026-08-03,PRIVATE,NO,PUBLIC,NOT_SURE,NOT_SURE,NOT_SURE,YES,NOT_SURE,NOT_SURE,NO,NOT_SURE,NOT_SURE,NOT_SURE,SOMETIMES,SOMETIMES,NOT_SURE,SOMETIMES,SOMETIMES,FRIENDS,SOMETIMES,NEVER,NO,FRIENDS_OF_FRIENDS,SOMETIMES,OLD,SOMETIMES,NO,FRIENDS,NO,FRIENDS,NOT_SURE,NOT_SURE,SOMETIMES,NOT_SURE,YES,OLD,NOT_SURE,SOMETIMES,OLD,SOMETIMES,SOMETIMES,NEVER,SOMETIMES,SOMETIMES,SOMETIMES,NOT_SURE,NOT_SURE,OFTEN,OLD,OLD,NOT_SURE,SOMETIMES,NEVER,37.0,57.3,58.4,28.3,53.7,50.7,57.4,42.9,61.7,45.0,51,HIGH
SYN-00035,Student,2025-11-17,PUBLIC,NOT_SURE,PUBLIC,NOT_SURE,YES,NOT_SURE,NOT_SURE,YES,NO,YES,YES,NOT_SURE,YES,SOMETIMES,SOMETIMES,SOMETIMES,SOMETIMES,SOMETIMES,PUBLIC,OFTEN,SOMETIMES,NOT_SURE,FRIENDS_OF_FRIENDS,SOMETIMES,OLD,NO,NO,FRIENDS,YES,ANYONE,NO,NONE,OFTEN,NO,NO,NEVER,NOT_SURE,NO,NOT_SURE,NO,NO,OFTEN,SOMETIMES,NOT_SURE,SOMETIMES,NOT_SURE,SOMETIMES,OFTEN,NOT_SURE,NEVER,YES,NO,OFTEN,84.0,62.7,66.4,84.4,60.3,81.4,96.7,92.9,61.7,95.0,76,CRITICAL
SYN-00036,Professional,2026-03-02,FRIENDS,NO,FRIENDS,NO,NO,NO,NO,NOT_SURE,NO,NO,NO,NO,NO,NOT_SURE,NEVER,SOMETIMES,NOT_SURE,NEVER,FRIENDS,NEVER,NOT_SURE,NO,FRIENDS_OF_FRIENDS,NEVER,OLD,YES,YES,NO_ONE,NO,NO_ONE,YES,APP_OR_KEY,NEVER,YES,NOT_SURE,RECENT,YES,YES,NOT_SURE,YES,SOMETIMES,SOMETIMES,NEVER,YES,NEVER,NO,YES,NEVER,OLD,RECENT,NOT_SURE,YES,NEVER,17.5,8.0,29.6,22.8,23.0,0.0,7.8,50.6,0.0,23.8,17,LOW
SYN-00037,Professional,2026-07-22,FRIENDS,NO,PRIVATE,NOT_SURE,YES,NO,NOT_SURE,YES,NO,NO,NOT_SURE,NO,NO,NEVER,NEVER,NOT_SURE,NEVER,NEVER,FRIENDS,SOMETIMES,NOT_SURE,NO,APPROVAL,SOMETIMES,RECENT,YES,NOT_SURE,NO_ONE,NO,FRIENDS,YES,APP_OR_KEY,NOT_SURE,NOT_SURE,NOT_SURE,OLD,YES,YES,OLD,YES,YES,SOMETIMES,NEVER,YES,NEVER,NO,YES,NEVER,NOT_SURE,OLD,NO,NOT_SURE,NEVER,32.5,27.3,8.0,39.4,24.0,30.0,27.9,30.0,0.0,44.2,24,MODERATE
SYN-00038,Student,2026-05-30,FRIENDS,YES,FRIENDS,YES,NOT_SURE,NOT_SURE,NOT_SURE,NOT_SURE,NOT_SURE,NOT_SURE,YES,YES,NOT_SURE,SOMETIMES,NOT_SURE,SOMETIMES,OFTEN,OFTEN,PUBLIC,SOMETIMES,OFTEN,NOT_SURE,FRIENDS_OF_FRIENDS,NOT_SURE,OLD,NO,NO,ANYONE,YES,FRIENDS,NO,NONE,NOT_SURE,NO,NOT_SURE,NEVER,NO,NOT_SURE,NEVER,SOMETIMES,SOMETIMES,SOMETIMES,OFTEN,NOT_SURE,OFTEN,NO,NOT_SURE,SOMETIMES,NEVER,NEVER,YES,NO,OFTEN,62.5,68.0,69.6,82.2,56.3,90.7,84.4,69.4,63.4,100.0,73,CRITICAL
SYN-00039,Professional,2025-12-12,PRIVATE,NOT_SURE,PRIVATE,NOT_SURE,NO,NO,NO,NO,NO,NO,NOT_SURE,NO,NOT_SURE,NEVER,NEVER,NEVER,NEVER,SOMETIMES,FRIENDS,NEVER,SOMETIMES,NO,FRIENDS_OF_FRIENDS,NEVER,RECENT,YES,NOT_SURE,NO_ONE,NO,FRIENDS,YES,APP_OR_KEY,NEVER,YES,YES,OLD,YES,SOMETIMES,OLD,YES,YES,NEVER,SOMETIMES,YES,NEVER,NO,YES,SOMETIMES,RECENT,RECENT,NO,SOMETIMES,NOT_SURE,24.0,6.0,16.8,25.0,12.0,30.0,8.8,19.4,16.6,15.0,16,LOW
SYN-00040,Student,2026-08-09,PUBLIC,NOT_SURE,FRIENDS,NOT_SURE,YES,YES,NOT_SURE,NO,NOT_SURE,YES,NOT_SURE,NOT_SURE,NO,SOMETIMES,SOMETIMES,SOMETIMES,NOT_SURE,SOMETIMES,FRIENDS,SOMETIMES,SOMETIMES,NOT_SURE,FRIENDS_OF_FRIENDS,OFTEN,NOT_SURE,SOMETIMES,NOT_SURE,FRIENDS,NO,FRIENDS,NOT_SURE,SMS,OFTEN,NOT_SURE,NO,OLD,NOT_SURE,SOMETIMES,OLD,SOMETIMES,SOMETIMES,SOMETIMES,SOMETIMES,SOMETIMES,SOMETIMES,NOT_SURE,SOMETIMES,NOT_SURE,NEVER,OLD,YES,NO,NEVER,71.0,65.3,48.8,51.7,74.7,40.0,74.0,53.5,53.8,73.8,62,HIGH
SYN-00041,Student,2026-08-29,PRIVATE,NO,FRIENDS,NO,NOT_SURE,NO,NO,NOT_SURE,NO,NO,NO,NOT_SURE,NOT_SURE,SOMETIMES,NEVER,NOT_SURE,NEVER,NOT_SURE,FRIENDS,SOMETIMES,OFTEN,NO,FRIENDS_OF_FRIENDS,SOMETIMES,OLD,SOMETIMES,NOT_SURE,FRIENDS,NO,FRIENDS,YES,NOT_SURE,NEVER,NOT_SURE,NOT_SURE,OLD,YES,YES,OLD,YES,SOMETIMES,NOT_SURE,NOT_SURE,YES,NOT_SURE,NO,SOMETIMES,NEVER,RECENT,RECENT,NOT_SURE,SOMETIMES,SOMETIMES,12.0,14.0,38.0,50.6,53.7,40.0,26.0,40.0,25.9,26.5,31,MODERATE
SYN-00042,Job Seeker,2026-06-11,PUBLIC,YES,FRIENDS,NO,NOT_SURE,NO,NOT_SURE,NOT_SURE,NO,YES,NOT_SURE,YES,NOT_SURE,NOT_SURE,SOMETIMES,NEVER,SOMETIMES,SOMETIMES,PUBLIC,SOMETIMES,SOMETIMES,NO,FRIENDS_OF_FRIENDS,NEVER,OLD,YES,YES,FRIENDS,NO,FRIENDS,YES,SMS,NOT_SURE,YES,YES,NEVER,NOT_SURE,SOMETIMES,RECENT,NOT_SURE,SOMETIMES,OFTEN,SOMETIMES,SOMETIMES,SOMETIMES,NO,SOMETIMES,OFTEN,NEVER,OLD,NOT_SURE,SOMETIMES,NEVER,62.0,45.3,48.0,63.3,23.0,15.0,35.6,45.9,46.9,56.2,45,HIGH
SYN-00043,Student,2026-03-16,PRIVATE,NO,PRIVATE,NO,NOT_SURE,NO,NO,NO,NO,NO,NOT_SURE,NOT_SURE,NO,NEVER,NOT_SURE,NOT_SURE,NEVER,SOMETIMES,PRIVATE,NEVER,NEVER,NO,APPROVAL,SOMETIMES,RECENT,YES,NOT_SURE,NO_ONE,NO,FRIENDS,YES,APP_OR_KEY,NEVER,YES,NOT_SURE,NOT_SURE,YES,SOMETIMES,OLD,YES,NO,NEVER,NEVER,YES,SOMETIMES,NO,YES,NEVER,RECENT,OLD,NOT_SURE,YES,NEVER,5.0,12.0,23.2,0.0,24.0,30.0,18.6,42.9,12.4,23.8,17,LOW
SYN-00044,Student,2026-02-18,FRIENDS,NOT_SURE,FRIENDS,NOT_SURE,NOT_SURE,NOT_SURE,NO,YES,NO,NOT_SURE,NO,NOT_SURE,NOT_SURE,SOMETIMES,NEVER,SOMETIMES,NOT_SURE,SOMETIMES,FRIENDS,OFTEN,SOMETIMES,NOT_SURE,FRIENDS_OF_FRIENDS,SOMETIMES,OLD,NOT_SURE,YES,FRIENDS,NOT_SURE,FRIENDS,NOT_SURE,SMS,NOT_SURE,YES,NOT_SURE,NEVER,NO,SOMETIMES,OLD,SOMETIMES,SOMETIMES,NEVER,OFTEN,SOMETIMES,SOMETIMES,NO,SOMETIMES,NEVER,NEVER,NEVER,YES,NOT_SURE,NEVER,46.5,39.3,48.8,62.8,56.3,25.7,62.2,42.9,43.4,80.5,51,HIGH
SYN-00045,Educator,2026-09-05,PRIVATE,NO,FRIENDS,NO,NOT_SURE,NO,NO,NO,NO,NOT_SURE,NO,NOT_SURE,YES,NOT_SURE,NEVER,NEVER,SOMETIMES,NEVER,FRIENDS,NEVER,NEVER,NO,FRIENDS_OF_FRIENDS,SOMETIMES,OLD,YES,NOT_SURE,FRIENDS,NOT_SURE,FRIENDS,NOT_SURE,SMS,SOMETIMES,NOT_SURE,NO,OLD,NOT_SURE,YES,OLD,NO,NO,NOT_SURE,SOMETIMES,SOMETIMES,NEVER,NO,SOMETIMES,SOMETIMES,OLD,OLD,YES,SOMETIMES,NOT_SURE,12.0,14.0,37.6,11.7,47.0,50.7,62.1,75.3,30.3,62.5,37,MODERATE
SYN-00046,Professional,2026-05-14,PRIVATE,NO,FRIENDS,NO,NO,NO,NO,NO,NO,NOT_SURE,NO,NOT_SURE,NOT_SURE,NOT_SURE,NEVER,NEVER,SOMETIMES,NEVER,FRIENDS,NEVER,SOMETIMES,NO,FRIENDS_OF_FRIENDS,SOMETIMES,OLD,YES,YES,FRIENDS,NOT_SURE,FRIENDS,YES,SMS,SOMETIMES,NO,NOT_SURE,RECENT,YES,YES,NEVER,YES,YES,NOT_SURE,SOMETIMES,YES,NEVER,NO,SOMETIMES,NOT_SURE,OLD,OLD,NO,SOMETIMES,SOMETIMES,7.0,14.0,31.2,25.0,47.0,25.7,33.3,44.1,22.4,44.0,28,MODERATE
SYN-00047,Professional,2025-11-25,FRIENDS,NOT_SURE,FRIENDS,NO,NO,NO,NOT_SURE,NO,NO,NOT_SURE,NOT_SURE,NO,NO,NEVER,NEVER,NEVER,NEVER,NEVER,FRIENDS,NEVER,NOT_SURE,NO,APPROVAL,SOMETIMES,OLD,NOT_SURE,NOT_SURE,NO_ONE,YES,NO_ONE,YES,APP_OR_KEY,OFTEN,YES,NOT_SURE,OLD,YES,SOMETIMES,OLD,SOMETIMES,SOMETIMES,SOMETIMES,NEVER,YES,SOMETIMES,NO,YES,NEVER,NOT_SURE,RECENT,YES,SOMETIMES,SOMETIMES,29.5,22.0,0.0,22.8,44.3,46.4,36.0,53.5,12.4,56.5,27,MODERATE
SYN-00048,Job Seeker,2026-09-27,PRIVATE,NO,PRIVATE,NO,NO,NOT_SURE,NOT_SURE,NO,NO,NOT_SURE,NOT_SURE,NOT_SURE,NO,NOT_SURE,NEVER,NEVER,NEVER,SOMETIMES,FRIENDS,NOT_SURE,NEVER,NO,FRIENDS_OF_FRIENDS,SOMETIMES,RECENT,SOMETIMES,YES,NO_ONE,NO,FRIENDS,YES,APP_OR_KEY,NEVER,YES,YES,NOT_SURE,YES,YES,OLD,YES,SOMETIMES,NEVER,SOMETIMES,YES,NOT_SURE,NO,YES,NEVER,RECENT,OLD,NOT_SURE,SOMETIMES,NEVER,0.0,40.0,19.2,25.6,42.7,5.0,6.7,31.2,20.7,31.2,22,MODERATE
SYN-00049,Educator,2026-02-21,PRIVATE,NO,PRIVATE,NO,NOT_SURE,NO,NO,NO,NO,NO,NO,NO,NO,NEVER,SOMETIMES,SOMETIMES,NEVER,NOT_SURE,FRIENDS,SOMETIMES,NEVER,NOT_SURE,APPROVAL,NEVER,RECENT,SOMETIMES,YES,FRIENDS,NOT_SURE,FRIENDS,YES,SMS,NEVER,YES,YES,OLD,YES,YES,OLD,YES,YES,NOT_SURE,NEVER,YES,NEVER,NO,YES,NEVER,OLD,RECENT,NOT_SURE,SOMETIMES,NEVER,5.0,0.0,25.2,38.3,6.7,25.7,10.1,28.2,0.0,31.2,15,LOW
SYN-00050,Student,2026-06-19,PUBLIC,YES,FRIENDS,NO,NO,NOT_SURE,NO,NOT_SURE,NOT_SURE,NO,YES,YES,NOT_SURE,SOMETIMES,NOT_SURE,NOT_SURE,OFTEN,SOMETIMES,FRIENDS,OFTEN,OFTEN,NOT_SURE,FRIENDS_OF_FRIENDS,SOMETIMES,OLD,YES,NOT_SURE,NO_ONE,YES,FRIENDS,NO,NONE,NEVER,NO,NO,NEVER,NOT_SURE,NOT_SURE,NEVER,SOMETIMES,SOMETIMES,SOMETIMES,NOT_SURE,SOMETIMES,SOMETIMES,NOT_SURE,NO,OFTEN,OLD,OLD,YES,SOMETIMES,SOMETIMES,57.0,52.0,63.2,71.7,47.0,51.4,74.7,69.4,64.1,64.0,62,HIGH
SYN-00051,Job Seeker,2026-08-13,FRIENDS,NO,FRIENDS,NO,NOT_SURE,NO,NOT_SURE,NOT_SURE,NO,NO,YES,NO,NO,NOT_SURE,SOMETIMES,SOMETIMES,SOMETIMES,NOT_SURE,FRIENDS,SOMETIMES,SOMETIMES,NOT_SURE,FRIENDS_OF_FRIENDS,SOMETIMES,OLD,SOMETIMES,NOT_SURE,FRIENDS,NO,FRIENDS,NOT_SURE,APP_OR_KEY,NEVER,NOT_SURE,NOT_SURE,OLD,YES,SOMETIMES,NOT_SURE,NOT_SURE,SOMETIMES,NOT_SURE,NEVER,YES,SOMETIMES,NO,SOMETIMES,SOMETIMES,OLD,NOT_SURE,YES,SOMETIMES,NOT_SURE,22.5,26.0,46.8,51.7,53.7,40.0,37.9,65.3,25.5,68.8,41,HIGH
SYN-00052,Job Seeker,2026-07-22,PRIVATE,NOT_SURE,FRIENDS,NO,NO,NO,NO,NOT_SURE,NO,NO,NO,NO,NO,NOT_SURE,NEVER,NOT_SURE,NEVER,NOT_SURE,FRIENDS,NEVER,SOMETIMES,NOT_SURE,FRIENDS_OF_FRIENDS,NEVER,OLD,SOMETIMES,NOT_SURE,FRIENDS,NO,NO_ONE,YES,APP_OR_KEY,NEVER,YES,NOT_SURE,OLD,NO,YES,OLD,SOMETIMES,NOT_SURE,NEVER,NEVER,YES,NOT_SURE,NO,SOMETIMES,NEVER,NOT_SURE,OLD,NOT_SURE,NO,SOMETIMES,19.0,8.0,26.0,35.0,29.7,35.0,23.5,47.6,17.2,67.8,26,MODERATE
SYN-00053,Educator,2025-10-03,FRIENDS,NO,FRIENDS,NO,NO,NO,NO,NOT_SURE,NO,NO,NO,NO,NO,NOT_SURE,NEVER,NEVER,NEVER,NOT_SURE,FRIENDS,NEVER,SOMETIMES,NO,APPROVAL,NEVER,RECENT,YES,YES,FRIENDS,NO,NO_ONE,YES,APP_OR_KEY,NEVER,NOT_SURE,NOT_SURE,OLD,YES,YES,NEVER,YES,YES,NEVER,SOMETIMES,YES,NEVER,NO,YES,NEVER,OLD,OLD,NOT_SURE,SOMETIMES,NEVER,17.5,8.0,18.0,25.0,0.0,10.0,18.2,35.3,10.3,45.0,16,LOW
SYN-00054,Student,2026-05-19,FRIENDS,NOT_SURE,PUBLIC,YES,NOT_SURE,NOT_SURE,NOT_SURE,NOT_SURE,NOT_SURE,YES,YES,NOT_SURE,NOT_SURE,SOMETIMES,SOMETIMES,SOMETIMES,SOMETIMES,SOMETIMES,FRIENDS,SOMETIMES,SOMETIMES,YES,FRIENDS_OF_FRIENDS,SOMETIMES,OLD,NOT_SURE,NO,ANYONE,NOT_SURE,ANYONE,NOT_SURE,SMS,SOMETIMES,NOT_SURE,NO,NEVER,NOT_SURE,NOT_SURE,NEVER,SOMETIMES,NOT_SURE,SOMETIMES,SOMETIMES,NOT_SURE,SOMETIMES,NO,SOMETIMES,OFTEN,NEVER,NOT_SURE,YES,SOMETIMES,OFTEN,67.5,69.3,60.0,58.3,56.3,89.3,71.7,74.1,49.7,87.5,66,HIGH
SYN-00055,Professional,2025-12-04,PUBLIC,NOT_SURE,FRIENDS,YES,YES,NOT_SURE,NOT_SURE,NOT_SURE,NOT_SURE,NOT_SURE,NOT_SURE,NOT_SURE,YES,OFTEN,NOT_SURE,OFTEN,SOMETIMES,SOMETIMES,FRIENDS,OFTEN,SOMETIMES,NOT_SURE,FRIENDS_OF_FRIENDS,SOMETIMES,NOT_SURE,NO,NOT_SURE,FRIENDS,YES,ANYONE,NO,NONE,OFTEN,NOT_SURE,NOT_SURE,NEVER,NO,SOMETIMES,NOT_SURE,SOMETIMES,SOMETIMES,SOMETIMES,NOT_SURE,SOMETIMES,SOMETIMES,YES,SOMETIMES,SOMETIMES,NEVER,OLD,YES,NOT_SURE,OFTEN,79.0,60.0,80.8,62.8,65.3,70.7,90.0,62.4,65.2,84.3,73,CRITICAL
SYN-00056,Professional,2026-01-22,FRIENDS,NOT_SURE,FRIENDS,NO,YES,NOT_SURE,NOT_SURE,YES,NOT_SURE,NOT_SURE,NOT_SURE,NOT_SURE,NOT_SURE,SOMETIMES,SOMETIMES,SOMETIMES,SOMETIMES,SOMETIMES,FRIENDS,NEVER,SOMETIMES,NO,EVERYONE,SOMETIMES,OLD,SOMETIMES,YES,FRIENDS,NOT_SURE,FRIENDS,NOT_SURE,SMS,SOMETIMES,NOT_SURE,NO,OLD,NO,SOMETIMES,NEVER,NOT_SURE,SOMETIMES,SOMETIMES,SOMETIMES,SOMETIMES,NEVER,NO,SOMETIMES,SOMETIMES,NOT_SURE,OLD,YES,SOMETIMES,SOMETIMES,39.5,65.3,60.0,25.0,68.3,25.7,69.6,74.1,30.3,70.2,54,HIGH
SYN-00057,Professional,2026-09-21,PRIVATE,NO,PRIVATE,NO,NO,NO,NO,NO,NO,NO,NO,NO,NO,SOMETIMES,NEVER,NEVER,NEVER,NEVER,FRIENDS,NEVER,NEVER,NO,FRIENDS_OF_FRIENDS,NEVER,RECENT,SOMETIMES,NOT_SURE,NO_ONE,NO,NO_ONE,YES,APP_OR_KEY,NEVER,YES,YES,RECENT,YES,YES,RECENT,YES,YES,NEVER,NEVER,YES,NEVER,NO,YES,NEVER,OLD,OLD,NOT_SURE,SOMETIMES,NEVER,0.0,0.0,14.4,11.7,18.7,25.0,0.0,0.0,0.0,45.0,9,LOW
SYN-00058,Educator,2025-10-15,FRIENDS,NOT_SURE,FRIENDS,NOT_SURE,NO,NOT_SURE,NO,NO,NOT_SURE,NOT_SURE,NO,NO,NOT_SURE,SOMETIMES,NEVER,NEVER,NEVER,SOMETIMES,FRIENDS,NEVER,NOT_SURE,NOT_SURE,APPROVAL,NEVER,OLD,SOMETIMES,YES,FRIENDS,NOT_SURE,NO_ONE,NOT_SURE,SMS,NEVER,NO,NOT_SURE,OLD,NOT_SURE,SOMETIMES,NOT_SURE,YES,SOMETIMES,NOT_SURE,SOMETIMES,SOMETIMES,NEVER,NO,SOMETIMES,SOMETIMES,OLD,RECENT,NO,SOMETIMES,SOMETIMES,41.5,32.0,31.2,32.8,17.7,20.7,53.7,48.8,30.3,30.2,35,MODERATE
SYN-00059,Professional,2025-10-14,PUBLIC,NOT_SURE,FRIENDS,NOT_SURE,NOT_SURE,NO,NOT_SURE,NOT_SURE,YES,YES,NOT_SURE,NOT_SURE,YES,SOMETIMES,NEVER,SOMETIMES,SOMETIMES,NOT_SURE,FRIENDS,OFTEN,NOT_SURE,NOT_SURE,FRIENDS_OF_FRIENDS,SOMETIMES,RECENT,SOMETIMES,NOT_SURE,FRIENDS,YES,NO_ONE,YES,SMS,SOMETIMES,NO,NOT_SURE,OLD,NOT_SURE,YES,NOT_SURE,SOMETIMES,SOMETIMES,SOMETIMES,SOMETIMES,NOT_SURE,OFTEN,NO,SOMETIMES,SOMETIMES,OLD,OLD,NOT_SURE,NOT_SURE,NOT_SURE,66.0,61.3,55.6,60.6,42.7,56.4,45.7,62.4,53.8,55.5,55,HIGH
SYN-00060,SMB Owner,2026-05-09,PRIVATE,NO,PRIVATE,NO,NOT_SURE,NO,NO,NO,NO,NO,NO,NO,NO,NEVER,NEVER,NEVER,NEVER,NEVER,FRIENDS,NEVER,SOMETIMES,NO,FRIENDS_OF_FRIENDS,NOT_SURE,OLD,YES,YES,FRIENDS,NO,FRIENDS,YES,APP_OR_KEY,NEVER,YES,YES,OLD,YES,YES,OLD,YES,YES,NEVER,NEVER,YES,NEVER,NO,YES,NEVER,OLD,RECENT,NO,SOMETIMES,SOMETIMES,5.0,0.0,0.0,25.0,43.0,15.0,4.6,19.4,0.0,30.2,11,LOW
SYN-00061,Educator,2026-09-17,FRIENDS,NO,FRIENDS,YES,NOT_SURE,NOT_SURE,YES,NOT_SURE,NO,NOT_SURE,NOT_SURE,NO,NO,SOMETIMES,NEVER,SOMETIMES,SOMETIMES,SOMETIMES,FRIENDS,NOT_SURE,SOMETIMES,NOT_SURE,FRIENDS_OF_FRIENDS,OFTEN,OLD,SOMETIMES,NO,FRIENDS,NOT_SURE,FRIENDS,NO,NONE,NOT_SURE,NOT_SURE,NOT_SURE,NEVER,NO,NO,NEVER,SOMETIMES,NO,SOMETIMES,OFTEN,YES,SOMETIMES,NO,SOMETIMES,OFTEN,OLD,OLD,NOT_SURE,NOT_SURE,NOT_SURE,42.5,47.3,40.8,48.9,69.7,61.4,84.4,81.2,46.9,55.5,57,HIGH
SYN-00062,Student,2026-08-07,FRIENDS,NOT_SURE,FRIENDS,NO,NO,NOT_SURE,NO,NOT_SURE,YES,NOT_SURE,NO,NO,NOT_SURE,SOMETIMES,SOMETIMES,NOT_SURE,NOT_SURE,SOMETIMES,PRIVATE,NEVER,SOMETIMES,NOT_SURE,FRIENDS_OF_FRIENDS,SOMETIMES,OLD,NOT_SURE,NOT_SURE,NO_ONE,NO,FRIENDS,YES,SMS,NOT_SURE,YES,NOT_SURE,NEVER,YES,YES,NOT_SURE,SOMETIMES,SOMETIMES,NEVER,NEVER,SOMETIMES,SOMETIMES,NO,SOMETIMES,SOMETIMES,NEVER,OLD,NOT_SURE,SOMETIMES,NOT_SURE,29.5,48.0,56.8,23.3,56.3,30.0,31.4,51.8,32.4,63.8,42,HIGH
SYN-00063,Job Seeker,2025-12-11,PRIVATE,NOT_SURE,FRIENDS,NO,NOT_SURE,NOT_SURE,NOT_SURE,NO,NOT_SURE,NOT_SURE,NO,NOT_SURE,NO,SOMETIMES,NEVER,NOT_SURE,SOMETIMES,NEVER,FRIENDS,SOMETIMES,NOT_SURE,NOT_SURE,APPROVAL,SOMETIMES,OLD,SOMETIMES,YES,ANYONE,NOT_SURE,FRIENDS,NO,NONE,NEVER,NOT_SURE,YES,NOT_SURE,NOT_SURE,YES,OLD,YES,YES,NOT_SURE,SOMETIMES,YES,NEVER,NO,YES,NEVER,OLD,RECENT,NOT_SURE,SOMETIMES,SOMETIMES,24.0,46.0,32.0,49.4,41.7,44.3,53.6,28.2,10.3,40.3,38,MODERATE
SYN-00064,Job Seeker,2026-09-21,PUBLIC,YES,FRIENDS,YES,YES,YES,NO,YES,NOT_SURE,YES,YES,YES,YES,SOMETIMES,OFTEN,SOMETIMES,OFTEN,SOMETIMES,FRIENDS,OFTEN,SOMETIMES,NOT_SURE,EVERYONE,NOT_SURE,OLD,NOT_SURE,NO,FRIENDS,YES,FRIENDS,NOT_SURE,NOT_SURE,SOMETIMES,NO,NO,NOT_SURE,NOT_SURE,SOMETIMES,OLD,SOMETIMES,SOMETIMES,SOMETIMES,SOMETIMES,NO,OFTEN,NOT_SURE,NO,SOMETIMES,NOT_SURE,NOT_SURE,YES,SOMETIMES,SOMETIMES,87.0,78.7,79.2,62.8,67.0,72.1,73.1,53.5,76.9,76.5,74,CRITICAL
SYN-00065,Professional,2026-09-29,FRIENDS,NOT_SURE,FRIENDS,NO,NOT_SURE,NO,NOT_SURE,NO,NO,NOT_SURE,NOT_SURE,NO,NOT_SURE,NEVER,OFTEN,NEVER,SOMETIMES,NOT_SURE,FRIENDS,NEVER,NOT_SURE,NOT_SURE,APPROVAL,NEVER,NEVER,NOT_SURE,NOT_SURE,FRIENDS,NOT_SURE,FRIENDS,YES,SMS,NEVER,YES,NOT_SURE,OLD,YES,YES,OLD,YES,YES,NOT_SURE,NOT_SURE,NOT_SURE,SOMETIMES,NO,YES,NOT_SURE,OLD,OLD,NOT_SURE,SOMETIMES,NEVER,34.5,22.0,41.2,32.8,29.3,50.7,17.9,28.2,35.9,45.0,32,MODERATE
SYN-00066,Job Seeker,2026-08-13,PRIVATE,NO,PRIVATE,NO,NO,NO,NO,NO,NO,NO,NO,NO,NO,NEVER,NEVER,NEVER,NEVER,NEVER,PRIVATE,NEVER,NEVER,NO,APPROVAL,NEVER,RECENT,YES,YES,NO_ONE,NO,NO_ONE,YES,APP_OR_KEY,NEVER,YES,NOT_SURE,RECENT,YES,YES,RECENT,YES,YES,NEVER,NEVER,YES,NEVER,NO,YES,NEVER,RECENT,OLD,NO,YES,NEVER,0.0,0.0,0.0,0.0,0.0,0.0,7.8,0.0,0.0,13.8,2,LOW
SYN-00067,Professional,2026-04-10,FRIENDS,NOT_SURE,FRIENDS,NOT_SURE,NOT_SURE,NOT_SURE,NO,NO,NO,NO,NO,NO,NOT_SURE,NOT_SURE,SOMETIMES,SOMETIMES,SOMETIMES,SOMETIMES,PRIVATE,NOT_SURE,SOMETIMES,NOT_SURE,FRIENDS_OF_FRIENDS,SOMETIMES,OLD,SOMETIMES,YES,FRIENDS,NOT_SURE,FRIENDS,YES,SMS,SOMETIMES,NO,NOT_SURE,OLD,NOT_SURE,SOMETIMES,OLD,SOMETIMES,SOMETIMES,SOMETIMES,SOMETIMES,SOMETIMES,SOMETIMES,NO,YES,SOMETIMES,NEVER,NOT_SURE,YES,NOT_SURE,SOMETIMES,46.5,12.0,57.6,37.2,53.7,25.7,49.9,53.5,35.9,84.5,43,HIGH
SYN-00068,Professional,2026-05-09,PRIVATE,NO,PRIVATE,NO,NOT_SURE,NO,NO,NO,NO,NO,NO,NO,NO,SOMETIMES,NOT_SURE,NEVER,NEVER,NEVER,FRIENDS,NOT_SURE,NEVER,NO,APPROVAL,NEVER,RECENT,YES,YES,NO_ONE,NO,FRIENDS,YES,APP_OR_KEY,NOT_SURE,YES,YES,OLD,YES,YES,OLD,SOMETIMES,SOMETIMES,NEVER,NEVER,YES,NEVER,NO,YES,NEVER,OLD,RECENT,NO,YES,NEVER,5.0,0.0,22.4,25.6,0.0,5.0,14.3,42.9,0.0,13.8,12,LOW
SYN-00069,Job Seeker,2025-10-07,FRIENDS,NO,PRIVATE,NO,NO,NOT_SURE,NO,NOT_SURE,NO,NOT_SURE,NO,NO,NO,NEVER,SOMETIMES,SOMETIMES,NEVER,NEVER,FRIENDS,SOMETIMES,NEVER,NO,APPROVAL,NEVER,RECENT,YES,YES,FRIENDS,NO,FRIENDS,YES,SMS,SOMETIMES,YES,YES,OLD,NOT_SURE,SOMETIMES,OLD,YES,YES,SOMETIMES,SOMETIMES,YES,NOT_SURE,NO,YES,NEVER,OLD,NOT_SURE,NO,SOMETIMES,NEVER,10.5,28.0,19.2,28.3,0.0,15.0,33.8,30.0,20.7,41.2,22,MODERATE
SYN-00070,Student,2026-06-14,PUBLIC,YES,PUBLIC,YES,NOT_SURE,NOT_SURE,NOT_SURE,YES,NOT_SURE,NOT_SURE,NOT_SURE,NOT_SURE,YES,SOMETIMES,SOMETIMES,NOT_SURE,OFTEN,SOMETIMES,FRIENDS,OFTEN,SOMETIMES,YES,EVERYONE,SOMETIMES,OLD,NO,NO,FRIENDS,YES,ANYONE,NO,NONE,SOMETIMES,NOT_SURE,NOT_SURE,OLD,NOT_SURE,NO,NEVER,NO,NOT_SURE,OFTEN,SOMETIMES,SOMETIMES,OFTEN,NOT_SURE,NO,OFTEN,NOT_SURE,OLD,YES,NOT_SURE,NOT_SURE,95.0,65.3,71.2,69.4,75.0,81.4,79.3,92.9,74.1,71.8,76,CRITICAL
SYN-00071,Student,2026-03-19,FRIENDS,YES,FRIENDS,NOT_SURE,YES,NOT_SURE,NOT_SURE,NOT_SURE,NO,YES,NOT_SURE,NOT_SURE,YES,SOMETIMES,SOMETIMES,SOMETIMES,SOMETIMES,SOMETIMES,FRIENDS,SOMETIMES,SOMETIMES,YES,FRIENDS_OF_FRIENDS,NOT_SURE,OLD,NO,NO,FRIENDS,NOT_SURE,ANYONE,NO,NONE,SOMETIMES,NOT_SURE,NOT_SURE,NOT_SURE,NOT_SURE,SOMETIMES,OLD,SOMETIMES,SOMETIMES,SOMETIMES,OFTEN,NO,SOMETIMES,NO,NO,OFTEN,OLD,NEVER,NOT_SURE,NOT_SURE,SOMETIMES,59.5,53.3,66.4,58.3,56.3,70.7,77.2,53.5,67.6,68.2,63,HIGH
SYN-00072,Professional,2026-08-21,FRIENDS,NO,FRIENDS,NO,NOT_SURE,YES,NOT_SURE,NOT_SURE,NO,NO,NOT_SURE,NOT_SURE,NO,NEVER,SOMETIMES,NEVER,NOT_SURE,NEVER,PRIVATE,NOT_SURE,SOMETIMES,NO,APPROVAL,NOT_SURE,NOT_SURE,SOMETIMES,NOT_SURE,FRIENDS,NOT_SURE,FRIENDS,NOT_SURE,NOT_SURE,NEVER,YES,YES,OLD,YES,SOMETIMES,NEVER,YES,YES,SOMETIMES,SOMETIMES,YES,NEVER,NO,SOMETIMES,SOMETIMES,OLD,OLD,NOT_SURE,SOMETIMES,NOT_SURE,22.5,48.0,17.6,27.2,42.7,50.7,32.1,45.9,23.4,52.5,34,MODERATE
SYN-00073,Educator,2025-11-27,PUBLIC,NO,PUBLIC,YES,NOT_SURE,NOT_SURE,YES,YES,NO,YES,NOT_SURE,NOT_SURE,YES,OFTEN,OFTEN,SOMETIMES,SOMETIMES,OFTEN,FRIENDS,OFTEN,OFTEN,YES,FRIENDS_OF_FRIENDS,OFTEN,NOT_SURE,SOMETIMES,NO,FRIENDS,YES,FRIENDS,NOT_SURE,SMS,OFTEN,YES,NO,NEVER,NOT_SURE,NO,NEVER,SOMETIMES,NOT_SURE,OFTEN,OFTEN,NO,NOT_SURE,NOT_SURE,NO,SOMETIMES,NEVER,NOT_SURE,NOT_SURE,NO,OFTEN,75.0,64.0,87.2,78.3,74.7,72.1,76.1,81.2,73.4,85.0,76,CRITICAL
SYN-00074,Educator,2026-08-01,FRIENDS,NOT_SURE,FRIENDS,NO,NOT_SURE,NO,NO,NO,NO,NOT_SURE,NOT_SURE,NOT_SURE,NO,SOMETIMES,NEVER,NEVER,SOMETIMES,SOMETIMES,FRIENDS,SOMETIMES,NEVER,NOT_SURE,APPROVAL,SOMETIMES,RECENT,SOMETIMES,NOT_SURE,FRIENDS,YES,FRIENDS,NOT_SURE,NOT_SURE,NEVER,YES,NOT_SURE,NOT_SURE,YES,SOMETIMES,OLD,NOT_SURE,YES,SOMETIMES,NOT_SURE,SOMETIMES,NOT_SURE,NO,SOMETIMES,SOMETIMES,OLD,RECENT,YES,SOMETIMES,SOMETIMES,34.5,20.0,31.2,38.3,30.7,61.4,41.9,46.5,39.0,50.3,36,MODERATE
SYN-00075,Student,2026-05-16,FRIENDS,NOT_SURE,PUBLIC,YES,YES,YES,NOT_SURE,YES,YES,NOT_SURE,YES,NOT_SURE,YES,OFTEN,SOMETIMES,SOMETIMES,NOT_SURE,SOMETIMES,PUBLIC,SOMETIMES,OFTEN,NOT_SURE,EVERYONE,SOMETIMES,NEVER,NO,NOT_SURE,ANYONE,YES,ANYONE,NO,NONE,NOT_SURE,NO,NOT_SURE,NEVER,NO,NO,NEVER,NOT_SURE,NOT_SURE,NOT_SURE,SOMETIMES,NO,NEVER,NOT_SURE,NOT_SURE,SOMETIMES,NEVER,OLD,YES,NOT_SURE,SOMETIMES,72.5,85.3,74.4,82.2,84.0,89.3,86.9,77.1,52.1,78.2,78,CRITICAL
SYN-00076,Educator,2025-10-20,FRIENDS,NOT_SURE,PUBLIC,NOT_SURE,NO,NO,NOT_SURE,NO,NOT_SURE,NO,NOT_SURE,YES,NO,SOMETIMES,NOT_SURE,SOMETIMES,SOMETIMES,NEVER,PRIVATE,SOMETIMES,SOMETIMES,NOT_SURE,FRIENDS_OF_FRIENDS,NEVER,NEVER,YES,NOT_SURE,FRIENDS,NO,FRIENDS,NOT_SURE,NOT_SURE,SOMETIMES,YES,NO,OLD,YES,SOMETIMES,OLD,SOMETIMES,YES,NOT_SURE,SOMETIMES,SOMETIMES,SOMETIMES,NO,SOMETIMES,SOMETIMES,OLD,OLD,NO,NO,NEVER,54.5,36.0,41.6,40.0,32.0,40.0,54.9,40.0,42.8,42.5,43,HIGH
SYN-00077,Student,2025-12-02,FRIENDS,NO,FRIENDS,NOT_SURE,NO,NO,NO,NO,NO,NOT_SURE,YES,NO,NO,NEVER,NEVER,SOMETIMES,NEVER,NOT_SURE,FRIENDS,NOT_SURE,NEVER,NO,FRIENDS_OF_FRIENDS,NEVER,OLD,SOMETIMES,NOT_SURE,FRIENDS,NOT_SURE,FRIENDS,YES,APP_OR_KEY,NEVER,NOT_SURE,NOT_SURE,RECENT,YES,YES,RECENT,YES,YES,NOT_SURE,SOMETIMES,SOMETIMES,NEVER,NO,YES,SOMETIMES,RECENT,OLD,NOT_SURE,SOMETIMES,NEVER,29.5,18.0,15.6,25.6,29.7,50.7,13.6,8.8,23.4,31.2,22,MODERATE
SYN-00078,SMB Owner,2026-05-02,FRIENDS,NOT_SURE,PRIVATE,NO,NO,NO,NO,NOT_SURE,NO,NO,NO,NO,NO,SOMETIMES,NOT_SURE,SOMETIMES,NEVER,NEVER,FRIENDS,NEVER,NEVER,NO,APPROVAL,NEVER,OLD,YES,NOT_SURE,FRIENDS,NOT_SURE,FRIENDS,YES,APP_OR_KEY,NEVER,NO,YES,OLD,YES,SOMETIMES,OLD,YES,YES,NOT_SURE,NOT_SURE,SOMETIMES,NOT_SURE,NO,SOMETIMES,SOMETIMES,OLD,RECENT,NO,SOMETIMES,NOT_SURE,22.5,8.0,32.0,11.7,11.0,50.7,17.1,28.2,39.0,28.8,22,MODERATE
SYN-00079,Student,2026-06-08,PUBLIC,YES,PUBLIC,YES,YES,YES,NOT_SURE,YES,NOT_SURE,NOT_SURE,NOT_SURE,NOT_SURE,YES,NOT_SURE,NOT_SURE,NOT_SURE,NOT_SURE,OFTEN,FRIENDS,SOMETIMES,OFTEN,NOT_SURE,EVERYONE,NOT_SURE,OLD,NO,NOT_SURE,FRIENDS,YES,FRIENDS,NOT_SURE,NOT_SURE,SOMETIMES,NO,NOT_SURE,OLD,NO,NO,NEVER,SOMETIMES,NO,SOMETIMES,NOT_SURE,NOT_SURE,OFTEN,YES,NO,OFTEN,NEVER,NEVER,YES,NO,OFTEN,100.0,73.3,64.0,60.6,71.0,61.4,75.1,81.2,87.2,100.0,76,CRITICAL
SYN-00080,Professional,2026-03-01,FRIENDS,NOT_SURE,PUBLIC,YES,NOT_SURE,YES,YES,NOT_SURE,NO,YES,NOT_SURE,NOT_SURE,YES,OFTEN,SOMETIMES,SOMETIMES,SOMETIMES,OFTEN,FRIENDS,SOMETIMES,NOT_SURE,YES,EVERYONE,SOMETIMES,OLD,SOMETIMES,NOT_SURE,FRIENDS,YES,FRIENDS,NO,NONE,NOT_SURE,NO,NO,NEVER,NOT_SURE,SOMETIMES,NOT_SURE,NO,NO,NOT_SURE,OFTEN,NOT_SURE,OFTEN,NOT_SURE,SOMETIMES,NOT_SURE,NEVER,NOT_SURE,NOT_SURE,NO,NOT_SURE,67.5,66.7,80.8,56.1,68.3,61.4,82.8,84.1,71.7,77.5,72,CRITICAL
SYN-00081,Job Seeker,2025-10-01,PRIVATE,NO,PRIVATE,NO,NO,NO,NO,NOT_SURE,NO,NO,NO,NOT_SURE,NO,NEVER,SOMETIMES,NOT_SURE,NEVER,NEVER,FRIENDS,NEVER,NEVER,NOT_SURE,APPROVAL,NEVER,OLD,YES,YES,FRIENDS,NOT_SURE,NO_ONE,YES,SMS,SOMETIMES,YES,YES,NEVER,YES,YES,RECENT,YES,SOMETIMES,NEVER,NEVER,SOMETIMES,SOMETIMES,NO,YES,NEVER,OLD,RECENT,NO,NOT_SURE,NEVER,0.0,14.0,17.6,21.7,11.0,20.7,25.6,11.8,19.3,24.2,17,LOW
SYN-00082,Job Seeker,2026-02-28,PUBLIC,NOT_SURE,FRIENDS,NOT_SURE,NOT_SURE,NOT_SURE,NOT_SURE,YES,NO,YES,NOT_SURE,NOT_SURE,NOT_SURE,OFTEN,SOMETIMES,SOMETIMES,SOMETIMES,SOMETIMES,FRIENDS,SOMETIMES,NOT_SURE,NOT_SURE,EVERYONE,SOMETIMES,NOT_SURE,SOMETIMES,NO,FRIENDS,NOT_SURE,FRIENDS,NO,NONE,SOMETIMES,NOT_SURE,YES,NEVER,NO,NOT_SURE,NEVER,SOMETIMES,NOT_SURE,SOMETIMES,NOT_SURE,NOT_SURE,NOT_SURE,NO,NOT_SURE,SOMETIMES,NOT_SURE,OLD,NOT_SURE,NOT_SURE,OFTEN,66.0,58.7,69.6,49.4,73.3,61.4,76.1,74.1,44.5,69.2,64,HIGH
SYN-00083,Student,2026-03-02,FRIENDS,NOT_SURE,PRIVATE,NO,YES,NOT_SURE,NO,NOT_SURE,NO,NO,NOT_SURE,NOT_SURE,YES,NEVER,SOMETIMES,NOT_SURE,SOMETIMES,NOT_SURE,FRIENDS,NOT_SURE,NEVER,NO,FRIENDS_OF_FRIENDS,NOT_SURE,OLD,YES,YES,NO_ONE,NOT_SURE,FRIENDS,YES,SMS,SOMETIMES,YES,NOT_SURE,OLD,NOT_SURE,SOMETIMES,OLD,SOMETIMES,SOMETIMES,NEVER,NOT_SURE,SOMETIMES,SOMETIMES,NO,YES,NEVER,NOT_SURE,OLD,NOT_SURE,SOMETIMES,SOMETIMES,32.5,32.0,49.2,25.6,43.0,15.7,41.5,42.9,27.9,60.2,37,MODERATE
SYN-00084,Professional,2025-11-01,FRIENDS,NOT_SURE,FRIENDS,NOT_SURE,NOT_SURE,NOT_SURE,NOT_SURE,NOT_SURE,NO,NO,NOT_SURE,NO,YES,SOMETIMES,SOMETIMES,NOT_SURE,SOMETIMES,SOMETIMES,FRIENDS,SOMETIMES,SOMETIMES,NOT_SURE,FRIENDS_OF_FRIENDS,NOT_SURE,NOT_SURE,SOMETIMES,NOT_SURE,FRIENDS,NOT_SURE,FRIENDS,NOT_SURE,SMS,SOMETIMES,NOT_SURE,NOT_SURE,OLD,NOT_SURE,SOMETIMES,NOT_SURE,NO,NO,NOT_SURE,OFTEN,SOMETIMES,NOT_SURE,NO,SOMETIMES,NEVER,OLD,NEVER,NOT_SURE,NO,OFTEN,46.5,34.0,64.8,51.7,54.7,50.7,62.9,84.1,41.4,78.8,54,HIGH
SYN-00085,Student,2026-09-25,PUBLIC,YES,PUBLIC,NOT_SURE,YES,YES,NOT_SURE,YES,NOT_SURE,YES,YES,YES,YES,SOMETIMES,SOMETIMES,OFTEN,SOMETIMES,OFTEN,PUBLIC,NOT_SURE,SOMETIMES,YES,EVERYONE,OFTEN,OLD,NO,NO,FRIENDS,YES,FRIENDS,NOT_SURE,SMS,SOMETIMES,NO,NO,NOT_SURE,NO,SOMETIMES,NEVER,NO,SOMETIMES,OFTEN,OFTEN,NO,SOMETIMES,NOT_SURE,NOT_SURE,OFTEN,NEVER,NEVER,YES,NO,SOMETIMES,92.0,86.7,77.6,77.2,91.0,72.1,74.2,88.2,75.5,94.0,82,CRITICAL
SYN-00086,Professional,2026-05-31,FRIENDS,NOT_SURE,FRIENDS,NOT_SURE,NOT_SURE,NOT_SURE,YES,NO,NO,NOT_SURE,NO,YES,YES,SOMETIMES,SOMETIMES,SOMETIMES,SOMETIMES,SOMETIMES,FRIENDS,SOMETIMES,NOT_SURE,YES,FRIENDS_OF_FRIENDS,SOMETIMES,OLD,SOMETIMES,YES,FRIENDS,NOT_SURE,FRIENDS,NOT_SURE,SMS,NOT_SURE,NO,NOT_SURE,NEVER,NOT_SURE,NOT_SURE,OLD,NOT_SURE,NO,SOMETIMES,NOT_SURE,SOMETIMES,NOT_SURE,NOT_SURE,SOMETIMES,SOMETIMES,NEVER,NOT_SURE,NOT_SURE,SOMETIMES,OFTEN,46.5,43.3,66.4,56.1,53.7,25.7,68.9,70.0,51.0,77.5,56,HIGH
SYN-00087,Job Seeker,2026-07-16,FRIENDS,NOT_SURE,FRIENDS,YES,NOT_SURE,NO,NOT_SURE,NOT_SURE,NOT_SURE,NOT_SURE,NOT_SURE,NOT_SURE,NOT_SURE,SOMETIMES,SOMETIMES,NOT_SURE,SOMETIMES,NEVER,PRIVATE,SOMETIMES,SOMETIMES,NO,APPROVAL,SOMETIMES,OLD,SOMETIMES,YES,FRIENDS,NO,FRIENDS,YES,SMS,NOT_SURE,NOT_SURE,NOT_SURE,NOT_SURE,NOT_SURE,SOMETIMES,OLD,SOMETIMES,SOMETIMES,NOT_SURE,NOT_SURE,SOMETIMES,SOMETIMES,NO,YES,SOMETIMES,RECENT,OLD,NOT_SURE,SOMETIMES,SOMETIMES,54.5,48.0,51.2,30.0,41.7,15.0,47.5,51.8,34.1,40.3,43,HIGH
SYN-00088,Student,2026-08-27,FRIENDS,NO,FRIENDS,NOT_SURE,NOT_SURE,NOT_SURE,NO,NO,NOT_SURE,NOT_SURE,NOT_SURE,NOT_SURE,NOT_SURE,NEVER,SOMETIMES,SOMETIMES,OFTEN,SOMETIMES,FRIENDS,NEVER,SOMETIMES,YES,FRIENDS_OF_FRIENDS,SOMETIMES,NOT_SURE,SOMETIMES,NOT_SURE,ANYONE,NOT_SURE,FRIENDS,NO,NONE,NOT_SURE,NOT_SURE,NOT_SURE,OLD,YES,NOT_SURE,NEVER,YES,SOMETIMES,SOMETIMES,NOT_SURE,NOT_SURE,NOT_SURE,NOT_SURE,SOMETIMES,SOMETIMES,OLD,NOT_SURE,YES,NOT_SURE,NOT_SURE,34.5,44.0,52.0,41.7,58.7,69.3,67.1,57.6,53.8,71.8,53,HIGH
SYN-00089,Student,2025-10-08,FRIENDS,YES,FRIENDS,NOT_SURE,NOT_SURE,YES,YES,NOT_SURE,NO,NOT_SURE,YES,NO,YES,OFTEN,SOMETIMES,SOMETIMES,SOMETIMES,SOMETIMES,FRIENDS,OFTEN,NOT_SURE,YES,EVERYONE,NOT_SURE,NEVER,SOMETIMES,NOT_SURE,FRIENDS,NOT_SURE,FRIENDS,NO,NONE,OFTEN,NO,NO,NOT_SURE,NOT_SURE,NO,NEVER,SOMETIMES,NOT_SURE,NOT_SURE,OFTEN,SOMETIMES,OFTEN,NOT_SURE,SOMETIMES,SOMETIMES,NOT_SURE,OLD,NOT_SURE,SOMETIMES,SOMETIMES,54.5,59.3,76.0,67.2,73.3,50.7,95.0,72.4,70.0,60.2,70,HIGH
SYN-00090,Student,2025-10-06,PRIVATE,NOT_SURE,PUBLIC,NOT_SURE,YES,NOT_SURE,NOT_SURE,NOT_SURE,NO,YES,NOT_SURE,NOT_SURE,NOT_SURE,SOMETIMES,SOMETIMES,NOT_SURE,SOMETIMES,SOMETIMES,FRIENDS,SOMETIMES,SOMETIMES,NOT_SURE,EVERYONE,SOMETIMES,OLD,NOT_SURE,NO,FRIENDS,NOT_SURE,ANYONE,NO,NONE,OFTEN,NOT_SURE,NO,OLD,NOT_SURE,SOMETIMES,OLD,SOMETIMES,SOMETIMES,SOMETIMES,NOT_SURE,NOT_SURE,NEVER,NOT_SURE,SOMETIMES,NOT_SURE,OLD,NEVER,YES,NO,NEVER,54.0,53.3,58.4,51.7,71.0,70.7,86.2,53.5,42.4,73.8,62,HIGH
SYN-00091,Professional,2026-01-08,FRIENDS,YES,FRIENDS,YES,NOT_SURE,NO,NOT_SURE,YES,NO,NOT_SURE,YES,YES,NOT_SURE,SOMETIMES,NOT_SURE,SOMETIMES,SOMETIMES,NOT_SURE,FRIENDS,OFTEN,SOMETIMES,NOT_SURE,FRIENDS_OF_FRIENDS,SOMETIMES,OLD,NOT_SURE,NOT_SURE,FRIENDS,NOT_SURE,FRIENDS,YES,SMS,NEVER,YES,YES,NEVER,YES,NO,OLD,SOMETIMES,SOMETIMES,SOMETIMES,SOMETIMES,NOT_SURE,NOT_SURE,NO,YES,NOT_SURE,NOT_SURE,NOT_SURE,NO,SOMETIMES,NOT_SURE,62.5,49.3,57.2,62.8,56.3,50.7,22.2,53.5,35.5,55.0,49,HIGH
SYN-00092,SMB Owner,2025-11-24,FRIENDS,NO,FRIENDS,NOT_SURE,YES,NOT_SURE,NOT_SURE,NOT_SURE,NOT_SURE,NO,NOT_SURE,NOT_SURE,NOT_SURE,SOMETIMES,SOMETIMES,SOMETIMES,SOMETIMES,SOMETIMES,FRIENDS,OFTEN,SOMETIMES,NOT_SURE,FRIENDS_OF_FRIENDS,SOMETIMES,OLD,NOT_SURE,NOT_SURE,FRIENDS,NOT_SURE,FRIENDS,NOT_SURE,NOT_SURE,SOMETIMES,NOT_SURE,NOT_SURE,OLD,NOT_SURE,SOMETIMES,NOT_SURE,NOT_SURE,SOMETIMES,NEVER,SOMETIMES,SOMETIMES,SOMETIMES,NO,NOT_SURE,NEVER,OLD,OLD,NOT_SURE,SOMETIMES,NEVER,39.5,52.0,60.0,62.8,56.3,50.7,65.1,56.5,39.3,45.0,54,HIGH
SYN-00093,Professional,2025-11-19,FRIENDS,NOT_SURE,FRIENDS,NOT_SURE,NO,NO,NO,NOT_SURE,NO,NO,NOT_SURE,NO,NO,NOT_SURE,SOMETIMES,NEVER,SOMETIMES,SOMETIMES,PRIVATE,NEVER,SOMETIMES,NO,APPROVAL,SOMETIMES,RECENT,YES,YES,NO_ONE,NOT_SURE,NO_ONE,YES,SMS,NEVER,NO,NOT_SURE,OLD,YES,YES,OLD,YES,YES,NEVER,NOT_SURE,NO,NEVER,NO,YES,NEVER,NOT_SURE,NOT_SURE,NO,SOMETIMES,SOMETIMES,41.5,14.0,38.4,13.3,24.0,10.7,26.2,19.4,22.4,56.5,26,MODERATE
SYN-00094,Job Seeker,2026-03-11,FRIENDS,NO,FRIENDS,YES,NO,NO,NOT_SURE,NO,NO,NO,NOT_SURE,NO,NO,SOMETIMES,NEVER,NOT_SURE,SOMETIMES,NEVER,PRIVATE,NEVER,NEVER,NOT_SURE,FRIENDS_OF_FRIENDS,SOMETIMES,RECENT,YES,YES,FRIENDS,NO,FRIENDS,NOT_SURE,APP_OR_KEY,NOT_SURE,NOT_SURE,YES,OLD,NOT_SURE,SOMETIMES,OLD,SOMETIMES,SOMETIMES,NEVER,NEVER,SOMETIMES,SOMETIMES,NO,YES,SOMETIMES,NEVER,RECENT,NOT_SURE,SOMETIMES,SOMETIMES,37.5,14.0,32.0,10.0,36.0,15.0,47.6,42.9,25.5,51.5,30,MODERATE
SYN-00095,Student,2026-09-18,PRIVATE,NOT_SURE,FRIENDS,NOT_SURE,NOT_SURE,NOT_SURE,NO,NO,NO,YES,NO,YES,NOT_SURE,NEVER,SOMETIMES,SOMETIMES,NOT_SURE,SOMETIMES,PUBLIC,SOMETIMES,SOMETIMES,NOT_SURE,FRIENDS_OF_FRIENDS,SOMETIMES,OLD,SOMETIMES,NOT_SURE,FRIENDS,NOT_SURE,FRIENDS,YES,SMS,SOMETIMES,NO,NOT_SURE,NOT_SURE,YES,YES,OLD,SOMETIMES,NO,SOMETIMES,SOMETIMES,YES,SOMETIMES,NO,NOT_SURE,SOMETIMES,NEVER,RECENT,NOT_SURE,SOMETIMES,SOMETIMES,36.0,35.3,44.0,73.3,53.7,50.7,40.0,65.3,38.6,51.5,46,HIGH
SYN-00096,Professional,2026-05-10,PRIVATE,NO,FRIENDS,NOT_SURE,NOT_SURE,NO,NO,NO,NO,NOT_SURE,NO,NO,NO,NEVER,NEVER,NOT_SURE,NEVER,SOMETIMES,FRIENDS,SOMETIMES,NEVER,NO,FRIENDS_OF_FRIENDS,SOMETIMES,OLD,SOMETIMES,YES,NO_ONE,NO,NO_ONE,NO,NONE,SOMETIMES,NOT_SURE,YES,OLD,NOT_SURE,SOMETIMES,OLD,SOMETIMES,SOMETIMES,NEVER,NEVER,YES,NEVER,NO,YES,NOT_SURE,OLD,RECENT,NOT_SURE,SOMETIMES,SOMETIMES,24.0,8.0,15.2,28.3,53.7,0.0,67.4,42.9,5.2,40.3,29,MODERATE
SYN-00097,Student,2025-10-21,PRIVATE,NOT_SURE,FRIENDS,NOT_SURE,NOT_SURE,NO,NO,NOT_SURE,NO,NOT_SURE,NOT_SURE,NOT_SURE,NO,NOT_SURE,NOT_SURE,SOMETIMES,SOMETIMES,SOMETIMES,FRIENDS,NEVER,SOMETIMES,NO,EVERYONE,SOMETIMES,OLD,NOT_SURE,NOT_SURE,FRIENDS,NO,FRIENDS,YES,SMS,SOMETIMES,YES,NOT_SURE,OLD,NOT_SURE,NOT_SURE,NOT_SURE,SOMETIMES,SOMETIMES,SOMETIMES,SOMETIMES,SOMETIMES,SOMETIMES,NOT_SURE,YES,NEVER,OLD,NOT_SURE,NO,SOMETIMES,SOMETIMES,36.0,28.0,46.4,25.0,71.0,40.0,43.2,62.4,41.7,50.3,43,HIGH
SYN-00098,Job Seeker,2026-03-10,FRIENDS,NOT_SURE,FRIENDS,YES,NOT_SURE,NOT_SURE,YES,NOT_SURE,NOT_SURE,NO,NO,NO,NO,SOMETIMES,SOMETIMES,SOMETIMES,SOMETIMES,NOT_SURE,PUBLIC,SOMETIMES,NOT_SURE,YES,FRIENDS_OF_FRIENDS,SOMETIMES,OLD,NOT_SURE,NO,FRIENDS,YES,FRIENDS,NO,NONE,NOT_SURE,NO,NO,RECENT,NOT_SURE,SOMETIMES,NEVER,SOMETIMES,SOMETIMES,SOMETIMES,SOMETIMES,NOT_SURE,SOMETIMES,NO,NOT_SURE,NEVER,NEVER,OLD,NOT_SURE,NO,SOMETIMES,54.5,45.3,49.2,77.8,56.3,72.1,74.4,69.4,42.1,72.8,59,HIGH
SYN-00099,Job Seeker,2026-09-03,FRIENDS,NOT_SURE,FRIENDS,NOT_SURE,YES,NOT_SURE,NOT_SURE,NOT_SURE,NOT_SURE,YES,YES,NOT_SURE,NOT_SURE,OFTEN,NOT_SURE,SOMETIMES,OFTEN,SOMETIMES,FRIENDS,SOMETIMES,SOMETIMES,NO,FRIENDS_OF_FRIENDS,SOMETIMES,OLD,NOT_SURE,NO,FRIENDS,YES,FRIENDS,YES,NOT_SURE,SOMETIMES,NO,NO,NEVER,NO,YES,NEVER,SOMETIMES,NOT_SURE,SOMETIMES,NEVER,NO,SOMETIMES,NO,SOMETIMES,SOMETIMES,NEVER,OLD,NO,SOMETIMES,OFTEN,51.5,69.3,74.4,41.7,56.3,72.1,58.3,74.1,39.3,61.2,60,HIGH
SYN-00100,Student,2025-10-01,FRIENDS,NO,FRIENDS,NOT_SURE,NOT_SURE,NO,NO,NO,NO,NOT_SURE,NOT_SURE,NO,YES,SOMETIMES,SOMETIMES,NEVER,SOMETIMES,SOMETIMES,PRIVATE,NEVER,SOMETIMES,NOT_SURE,FRIENDS_OF_FRIENDS,NOT_SURE,RECENT,SOMETIMES,NO,FRIENDS,NO,FRIENDS,YES,SMS,SOMETIMES,NOT_SURE,NOT_SURE,NEVER,NOT_SURE,SOMETIMES,OLD,YES,SOMETIMES,SOMETIMES,NEVER,SOMETIMES,SOMETIMES,NO,YES,NEVER,OLD,OLD,YES,NO,SOMETIMES,34.5,14.0,56.8,23.3,38.7,50.7,51.1,41.8,19.3,71.5,38,MODERATE
SYN-00101,Student,2026-08-28,FRIENDS,NO,FRIENDS,NO,NO,YES,NOT_SURE,NOT_SURE,NOT_SURE,NOT_SURE,NOT_SURE,YES,NOT_SURE,SOMETIMES,NOT_SURE,SOMETIMES,SOMETIMES,SOMETIMES,FRIENDS,NOT_SURE,SOMETIMES,NOT_SURE,FRIENDS_OF_FRIENDS,OFTEN,OLD,NOT_SURE,NOT_SURE,FRIENDS,NOT_SURE,FRIENDS,YES,SMS,SOMETIMES,NO,NO,OLD,NOT_SURE,NO,NEVER,NO,SOMETIMES,SOMETIMES,NOT_SURE,NOT_SURE,SOMETIMES,NOT_SURE,SOMETIMES,OFTEN,NEVER,OLD,YES,NOT_SURE,SOMETIMES,17.5,72.0,58.4,48.9,72.3,50.7,57.4,81.2,60.0,78.2,59,HIGH
SYN-00102,Student,2026-07-31,FRIENDS,NOT_SURE,PRIVATE,NOT_SURE,NOT_SURE,NO,NOT_SURE,NO,NO,NOT_SURE,NOT_SURE,NOT_SURE,NO,SOMETIMES,NEVER,SOMETIMES,NOT_SURE,SOMETIMES,FRIENDS,SOMETIMES,SOMETIMES,NO,FRIENDS_OF_FRIENDS,SOMETIMES,OLD,SOMETIMES,NOT_SURE,FRIENDS,NOT_SURE,FRIENDS,YES,SMS,NEVER,YES,NOT_SURE,NOT_SURE,YES,SOMETIMES,NEVER,NO,SOMETIMES,SOMETIMES,SOMETIMES,SOMETIMES,SOMETIMES,NO,SOMETIMES,SOMETIMES,OLD,OLD,NOT_SURE,SOMETIMES,NOT_SURE,39.5,28.0,39.2,41.7,53.7,50.7,24.2,81.2,42.8,52.5,41,HIGH
SYN-00103,SMB Owner,2026-07-12,FRIENDS,NOT_SURE,PUBLIC,YES,YES,NOT_SURE,NOT_SURE,YES,NOT_SURE,NOT_SURE,YES,NO,NOT_SURE,SOMETIMES,SOMETIMES,OFTEN,SOMETIMES,SOMETIMES,PUBLIC,SOMETIMES,SOMETIMES,NOT_SURE,EVERYONE,SOMETIMES,OLD,NO,NO,ANYONE,YES,FRIENDS,NOT_SURE,SMS,OFTEN,NO,NO,NEVER,NO,NOT_SURE,NEVER,NO,NO,NOT_SURE,OFTEN,NO,SOMETIMES,NO,NO,SOMETIMES,NEVER,NOT_SURE,YES,SOMETIMES,NOT_SURE,72.5,63.3,66.4,73.3,75.0,90.7,85.3,91.2,63.4,80.0,74,CRITICAL
SYN-00104,Job Seeker,2025-12-10,PRIVATE,NO,PRIVATE,NO,NO,NOT_SURE,NO,YES,NO,NO,NOT_SURE,NO,NO,NEVER,OFTEN,NEVER,NEVER,NEVER,FRIENDS,NOT_SURE,NEVER,NO,FRIENDS_OF_FRIENDS,NOT_SURE,RECENT,YES,NOT_SURE,FRIENDS,NO,NO_ONE,YES,NOT_SURE,SOMETIMES,NOT_SURE,NOT_SURE,OLD,YES,YES,OLD,YES,YES,NOT_SURE,SOMETIMES,SOMETIMES,SOMETIMES,NO,SOMETIMES,SOMETIMES,NOT_SURE,OLD,NO,SOMETIMES,NEVER,0.0,31.3,16.0,25.6,32.0,35.0,37.6,28.2,42.8,41.2,28,MODERATE
SYN-00105,Professional,2026-03-15,PUBLIC,NOT_SURE,FRIENDS,YES,YES,NOT_SURE,NOT_SURE,NOT_SURE,NOT_SURE,YES,YES,YES,YES,OFTEN,NOT_SURE,SOMETIMES,SOMETIMES,OFTEN,FRIENDS,SOMETIMES,SOMETIMES,NOT_SURE,FRIENDS_OF_FRIENDS,NOT_SURE,OLD,NOT_SURE,NO,FRIENDS,NOT_SURE,FRIENDS,NOT_SURE,SMS,SOMETIMES,NO,NO,NEVER,NOT_SURE,SOMETIMES,NEVER,SOMETIMES,NOT_SURE,NOT_SURE,NOT_SURE,YES,SOMETIMES,NO,NOT_SURE,SOMETIMES,NEVER,NOT_SURE,YES,NO,SOMETIMES,79.0,73.3,79.2,51.7,52.3,61.4,72.5,72.4,36.9,89.0,67,HIGH
SYN-00106,Educator,2026-06-27,FRIENDS,NOT_SURE,FRIENDS,NOT_SURE,YES,NO,NOT_SURE,NO,NOT_SURE,NOT_SURE,NOT_SURE,NOT_SURE,YES,OFTEN,NOT_SURE,SOMETIMES,NOT_SURE,NEVER,FRIENDS,SOMETIMES,SOMETIMES,NOT_SURE,FRIENDS_OF_FRIENDS,NOT_SURE,OLD,NOT_SURE,NOT_SURE,NO_ONE,NOT_SURE,NO_ONE,YES,SMS,NOT_SURE,YES,YES,NOT_SURE,NOT_SURE,NOT_SURE,OLD,SOMETIMES,SOMETIMES,NOT_SURE,SOMETIMES,SOMETIMES,NEVER,NO,YES,SOMETIMES,NEVER,OLD,NOT_SURE,NOT_SURE,NOT_SURE,51.5,40.0,65.6,51.7,52.3,35.7,35.6,51.8,23.4,66.8,47,HIGH
SYN-00107,Job Seeker,2026-05-14,FRIENDS,NO,PRIVATE,NOT_SURE,NO,NOT_SURE,NO,NO,NO,NO,NO,NO,NOT_SURE,NEVER,NEVER,NOT_SURE,NEVER,NEVER,PRIVATE,NEVER,NEVER,NO,FRIENDS_OF_FRIENDS,SOMETIMES,RECENT,YES,NOT_SURE,FRIENDS,NO,NO_ONE,YES,APP_OR_KEY,NEVER,NOT_SURE,YES,OLD,YES,NOT_SURE,OLD,SOMETIMES,YES,NEVER,NOT_SURE,YES,NEVER,NO,YES,NOT_SURE,OLD,OLD,NO,SOMETIMES,NEVER,22.5,12.0,17.6,0.0,36.0,35.0,16.2,31.2,13.8,35.0,19,LOW
SYN-00108,Student,2026-02-18,PRIVATE,NO,PRIVATE,NO,NO,NO,NO,NO,NO,NOT_SURE,NOT_SURE,NO,NOT_SURE,NEVER,NEVER,NEVER,NOT_SURE,NEVER,FRIENDS,SOMETIMES,NEVER,NO,APPROVAL,NEVER,OLD,SOMETIMES,YES,FRIENDS,NO,FRIENDS,YES,SMS,NOT_SURE,YES,NOT_SURE,OLD,YES,SOMETIMES,RECENT,SOMETIMES,YES,NEVER,NEVER,YES,NEVER,NO,SOMETIMES,SOMETIMES,OLD,RECENT,NO,SOMETIMES,NOT_SURE,0.0,14.0,17.6,28.3,17.7,15.0,31.8,11.8,13.1,28.8,18,LOW
SYN-00109,Student,2026-02-11,FRIENDS,NOT_SURE,FRIENDS,NOT_SURE,YES,NOT_SURE,NOT_SURE,NOT_SURE,NOT_SURE,NOT_SURE,NOT_SURE,NOT_SURE,NOT_SURE,SOMETIMES,SOMETIMES,NEVER,SOMETIMES,SOMETIMES,FRIENDS,SOMETIMES,SOMETIMES,YES,FRIENDS_OF_FRIENDS,NOT_SURE,NEVER,SOMETIMES,NO,FRIENDS,NOT_SURE,ANYONE,NOT_SURE,SMS,NEVER,NOT_SURE,NO,NEVER,NOT_SURE,SOMETIMES,NOT_SURE,NOT_SURE,NOT_SURE,NOT_SURE,SOMETIMES,SOMETIMES,SOMETIMES,NO,SOMETIMES,NOT_SURE,NEVER,RECENT,NOT_SURE,NO,SOMETIMES,51.5,60.0,50.4,58.3,58.7,70.7,58.3,70.0,41.7,59.0,56,HIGH
SYN-00110,Educator,2026-01-28,FRIENDS,NO,FRIENDS,NO,NO,NO,NO,NOT_SURE,NO,NOT_SURE,NOT_SURE,NO,NOT_SURE,SOMETIMES,NOT_SURE,NOT_SURE,SOMETIMES,NEVER,FRIENDS,NOT_SURE,SOMETIMES,NOT_SURE,APPROVAL,NOT_SURE,OLD,NOT_SURE,NOT_SURE,FRIENDS,NOT_SURE,ANYONE,NOT_SURE,SMS,NOT_SURE,NOT_SURE,YES,RECENT,NO,SOMETIMES,NEVER,YES,YES,SOMETIMES,NEVER,YES,NOT_SURE,NO,YES,NEVER,NEVER,OLD,NOT_SURE,SOMETIMES,NOT_SURE,17.5,22.0,49.6,48.9,40.3,60.0,51.9,45.9,10.3,63.8,39,MODERATE
SYN-00111,Student,2025-10-17,FRIENDS,NO,FRIENDS,NOT_SURE,NO,NOT_SURE,NO,NO,NO,NO,NOT_SURE,NO,NO,NOT_SURE,SOMETIMES,NOT_SURE,NEVER,NOT_SURE,FRIENDS,SOMETIMES,SOMETIMES,NOT_SURE,FRIENDS_OF_FRIENDS,NEVER,OLD,SOMETIMES,NOT_SURE,FRIENDS,NO,FRIENDS,YES,APP_OR_KEY,SOMETIMES,NOT_SURE,NOT_SURE,RECENT,NOT_SURE,YES,OLD,YES,SOMETIMES,NEVER,NEVER,SOMETIMES,NOT_SURE,NOT_SURE,YES,NOT_SURE,RECENT,OLD,NOT_SURE,YES,NEVER,29.5,18.0,35.6,51.7,29.7,40.0,33.1,31.2,34.5,23.8,32,MODERATE
SYN-00112,SMB Owner,2026-02-07,FRIENDS,NO,FRIENDS,NOT_SURE,NOT_SURE,NO,NO,NO,NO,NOT_SURE,NOT_SURE,NO,NO,NEVER,NEVER,NOT_SURE,SOMETIMES,NEVER,PRIVATE,NOT_SURE,SOMETIMES,NO,FRIENDS_OF_FRIENDS,NOT_SURE,RECENT,SOMETIMES,YES,NO_ONE,NO,NO_ONE,YES,SMS,SOMETIMES,NOT_SURE,YES,OLD,YES,SOMETIMES,OLD,YES,YES,NOT_SURE,NOT_SURE,YES,NEVER,NO,SOMETIMES,NOT_SURE,NOT_SURE,OLD,NOT_SURE,NOT_SURE,NOT_SURE,34.5,14.0,17.6,27.2,38.7,0.0,31.8,28.2,20.7,61.8,26,MODERATE
SYN-00113,SMB Owner,2026-08-26,PUBLIC,YES,FRIENDS,NOT_SURE,NOT_SURE,YES,NO,NO,NO,YES,NOT_SURE,NOT_SURE,NOT_SURE,OFTEN,OFTEN,SOMETIMES,SOMETIMES,OFTEN,FRIENDS,SOMETIMES,SOMETIMES,YES,APPROVAL,OFTEN,OLD,SOMETIMES,NO,ANYONE,NOT_SURE,FRIENDS,NO,NONE,OFTEN,NO,NO,NEVER,NOT_SURE,SOMETIMES,NOT_SURE,SOMETIMES,SOMETIMES,OFTEN,SOMETIMES,NO,SOMETIMES,NOT_SURE,NO,OFTEN,NEVER,NEVER,YES,NO,SOMETIMES,74.0,45.3,80.8,58.3,57.7,80.0,92.5,69.4,72.8,94.0,71,CRITICAL
SYN-00114,Student,2026-06-21,FRIENDS,NOT_SURE,FRIENDS,NOT_SURE,YES,NO,YES,YES,NOT_SURE,YES,YES,NO,NOT_SURE,NOT_SURE,SOMETIMES,OFTEN,SOMETIMES,OFTEN,FRIENDS,SOMETIMES,SOMETIMES,YES,FRIENDS_OF_FRIENDS,SOMETIMES,OLD,NOT_SURE,NOT_SURE,ANYONE,NOT_SURE,FRIENDS,NO,NONE,SOMETIMES,NO,NO,NEVER,NOT_SURE,SOMETIMES,NEVER,SOMETIMES,NOT_SURE,OFTEN,SOMETIMES,NO,SOMETIMES,NO,NOT_SURE,SOMETIMES,OLD,OLD,NOT_SURE,SOMETIMES,SOMETIMES,51.5,62.0,68.8,58.3,56.3,69.3,84.7,81.2,52.4,54.0,64,HIGH
SYN-00115,Professional,2025-11-28,FRIENDS,YES,FRIENDS,YES,YES,YES,YES,NOT_SURE,NO,YES,NO,NOT_SURE,YES,OFTEN,OFTEN,SOMETIMES,SOMETIMES,SOMETIMES,PUBLIC,SOMETIMES,OFTEN,NO,EVERYONE,SOMETIMES,OLD,NO,NOT_SURE,ANYONE,NOT_SURE,FRIENDS,NOT_SURE,NOT_SURE,OFTEN,NO,NO,NEVER,NOT_SURE,NOT_SURE,NOT_SURE,SOMETIMES,SOMETIMES,SOMETIMES,OFTEN,NO,SOMETIMES,NOT_SURE,NO,OFTEN,NEVER,NEVER,YES,NOT_SURE,OFTEN,67.5,60.7,82.4,72.2,75.0,69.3,84.2,62.4,79.7,95.5,75,CRITICAL
SYN-00116,Professional,2026-01-12,FRIENDS,NOT_SURE,PUBLIC,NOT_SURE,NO,NOT_SURE,NO,NO,NO,YES,NOT_SURE,NOT_SURE,NOT_SURE,OFTEN,OFTEN,SOMETIMES,NOT_SURE,NOT_SURE,FRIENDS,SOMETIMES,SOMETIMES,NO,FRIENDS_OF_FRIENDS,OFTEN,NEVER,SOMETIMES,NO,FRIENDS,NOT_SURE,FRIENDS,NO,NONE,SOMETIMES,NOT_SURE,NO,OLD,YES,SOMETIMES,NEVER,SOMETIMES,SOMETIMES,NOT_SURE,NOT_SURE,SOMETIMES,SOMETIMES,NO,SOMETIMES,SOMETIMES,NEVER,OLD,NOT_SURE,SOMETIMES,NEVER,54.5,37.3,73.2,41.7,78.7,61.4,70.7,67.6,41.0,56.2,58,HIGH
SYN-00117,SMB Owner,2025-10-24,PUBLIC,NO,FRIENDS,YES,YES,NOT_SURE,YES,NOT_SURE,NOT_SURE,NOT_SURE,YES,NOT_SURE,YES,NOT_SURE,OFTEN,SOMETIMES,SOMETIMES,SOMETIMES,FRIENDS,SOMETIMES,OFTEN,YES,FRIENDS_OF_FRIENDS,SOMETIMES,NOT_SURE,SOMETIMES,NOT_SURE,ANYONE,YES,ANYONE,NOT_SURE,NOT_SURE,NEVER,NO,NO,NEVER,NO,NO,OLD,NO,SOMETIMES,SOMETIMES,NOT_SURE,NOT_SURE,SOMETIMES,NOT_SURE,SOMETIMES,SOMETIMES,NOT_SURE,OLD,YES,NO,NOT_SURE,67.0,69.3,70.4,67.2,58.7,89.3,70.6,65.3,55.9,76.2,68,HIGH
SYN-00118,Student,2025-12-11,FRIENDS,NOT_SURE,PUBLIC,NOT_SURE,NOT_SURE,NOT_SURE,NOT_SURE,NOT_SURE,NOT_SURE,NOT_SURE,NOT_SURE,NOT_SURE,NO,SOMETIMES,NOT_SURE,NOT_SURE,NEVER,NEVER,FRIENDS,SOMETIMES,SOMETIMES,YES,FRIENDS_OF_FRIENDS,SOMETIMES,OLD,NOT_SURE,NOT_SURE,ANYONE,NOT_SURE,FRIENDS,NOT_SURE,NOT_SURE,SOMETIMES,NOT_SURE,NOT_SURE,NEVER,YES,NO,NOT_SURE,SOMETIMES,SOMETIMES,SOMETIMES,NOT_SURE,SOMETIMES,SOMETIMES,NO,SOMETIMES,SOMETIMES,OLD,OLD,YES,SOMETIMES,SOMETIMES,59.5,60.0,30.4,58.3,56.3,69.3,65.3,62.4,41.0,64.0,55,HIGH
SYN-00119,Professional,2025-12-30,PRIVATE,NO,FRIENDS,NO,NOT_SURE,NO,NOT_SURE,NO,NO,NOT_SURE,NOT_SURE,NO,NO,NOT_SURE,SOMETIMES,NEVER,NEVER,NEVER,FRIENDS,SOMETIMES,SOMETIMES,NO,FRIENDS_OF_FRIENDS,NOT_SURE,OLD,YES,YES,NO_ONE,NO,FRIENDS,NOT_SURE,SMS,NOT_SURE,YES,NO,NEVER,NOT_SURE,YES,NOT_SURE,YES,YES,SOMETIMES,NEVER,YES,NOT_SURE,NO,YES,SOMETIMES,OLD,RECENT,NOT_SURE,NOT_SURE,NEVER,12.0,22.0,21.6,41.7,43.0,5.0,58.1,38.8,16.6,34.2,30,MODERATE
SYN-00120,Educator,2026-03-14,PRIVATE,NOT_SURE,PRIVATE,NO,NO,NO,NO,NO,NO,NO,NOT_SURE,NO,NOT_SURE,SOMETIMES,NEVER,NEVER,NEVER,NEVER,PRIVATE,NEVER,NEVER,NOT_SURE,APPROVAL,NOT_SURE,RECENT,SOMETIMES,NO,FRIENDS,NOT_SURE,NO_ONE,YES,APP_OR_KEY,NEVER,YES,YES,OLD,YES,SOMETIMES,OLD,SOMETIMES,YES,NEVER,NEVER,YES,SOMETIMES,NO,SOMETIMES,NOT_SURE,OLD,OLD,NO,SOMETIMES,SOMETIMES,12.0,6.0,24.0,10.0,26.7,56.4,8.8,31.2,24.5,44.0,20,LOW
SYN-00121,Job Seeker,2026-04-23,PUBLIC,NOT_SURE,FRIENDS,YES,NOT_SURE,YES,NO,YES,NOT_SURE,YES,NO,NOT_SURE,NOT_SURE,SOMETIMES,NOT_SURE,OFTEN,SOMETIMES,NEVER,PUBLIC,SOMETIMES,SOMETIMES,YES,FRIENDS_OF_FRIENDS,SOMETIMES,OLD,SOMETIMES,NOT_SURE,FRIENDS,NOT_SURE,FRIENDS,NOT_SURE,SMS,SOMETIMES,NOT_SURE,NOT_SURE,NEVER,NOT_SURE,SOMETIMES,OLD,SOMETIMES,SOMETIMES,OFTEN,SOMETIMES,SOMETIMES,SOMETIMES,NO,SOMETIMES,SOMETIMES,NEVER,NOT_SURE,NOT_SURE,NO,NOT_SURE,74.0,64.7,57.6,80.0,53.7,50.7,66.7,60.6,42.8,77.5,63,HIGH
SYN-00122,Educator,2026-03-28,FRIENDS,NOT_SURE,PUBLIC,YES,YES,YES,YES,YES,NOT_SURE,YES,NOT_SURE,YES,YES,OFTEN,SOMETIMES,SOMETIMES,OFTEN,SOMETIMES,PUBLIC,OFTEN,OFTEN,YES,EVERYONE,SOMETIMES,NOT_SURE,NO,NO,FRIENDS,YES,ANYONE,NOT_SURE,SMS,OFTEN,NO,NOT_SURE,NEVER,NOT_SURE,SOMETIMES,OLD,NOT_SURE,SOMETIMES,NOT_SURE,SOMETIMES,NO,OFTEN,NOT_SURE,SOMETIMES,OFTEN,NEVER,NOT_SURE,YES,NO,OFTEN,72.5,88.0,82.4,100.0,80.0,81.4,76.9,56.5,74.1,95.0,81,CRITICAL
SYN-00123,Job Seeker,2025-10-01,FRIENDS,NOT_SURE,FRIENDS,NOT_SURE,NOT_SURE,NO,NO,NOT_SURE,NO,NOT_SURE,YES,YES,NOT_SURE,SOMETIMES,SOMETIMES,SOMETIMES,SOMETIMES,SOMETIMES,FRIENDS,SOMETIMES,SOMETIMES,NOT_SURE,FRIENDS_OF_FRIENDS,SOMETIMES,OLD,SOMETIMES,NO,ANYONE,NOT_SURE,FRIENDS,NOT_SURE,NOT_SURE,SOMETIMES,NOT_SURE,NOT_SURE,OLD,NO,NOT_SURE,OLD,SOMETIMES,NOT_SURE,NOT_SURE,SOMETIMES,NO,SOMETIMES,NO,SOMETIMES,NEVER,OLD,OLD,NOT_SURE,SOMETIMES,OFTEN,46.5,36.0,60.0,51.7,53.7,80.0,70.1,56.5,43.4,60.0,54,HIGH
SYN-00124,Professional,2026-05-22,PRIVATE,NOT_SURE,PUBLIC,NO,NOT_SURE,NO,NOT_SURE,NOT_SURE,NO,NO,NOT_SURE,NO,NOT_SURE,OFTEN,SOMETIMES,SOMETIMES,NOT_SURE,NEVER,FRIENDS,NOT_SURE,SOMETIMES,NO,FRIENDS_OF_FRIENDS,SOMETIMES,OLD,NOT_SURE,NOT_SURE,FRIENDS,NO,FRIENDS,NOT_SURE,APP_OR_KEY,NOT_SURE,NOT_SURE,YES,NOT_SURE,NO,SOMETIMES,NOT_SURE,SOMETIMES,SOMETIMES,SOMETIMES,SOMETIMES,SOMETIMES,NOT_SURE,NO,SOMETIMES,SOMETIMES,OLD,OLD,YES,NO,NOT_SURE,37.0,22.0,60.8,38.9,56.3,40.0,53.1,62.4,40.7,70.0,46,HIGH
SYN-00125,Student,2026-08-24,PRIVATE,NOT_SURE,FRIENDS,NO,YES,NO,NOT_SURE,NOT_SURE,NO,NOT_SURE,NOT_SURE,NO,NOT_SURE,NOT_SURE,SOMETIMES,NEVER,SOMETIMES,NOT_SURE,FRIENDS,SOMETIMES,SOMETIMES,NOT_SURE,FRIENDS_OF_FRIENDS,SOMETIMES,RECENT,SOMETIMES,NO,FRIENDS,YES,FRIENDS,NOT_SURE,SMS,SOMETIMES,NOT_SURE,NOT_SURE,OLD,NOT_SURE,NOT_SURE,NEVER,SOMETIMES,NOT_SURE,NOT_SURE,NOT_SURE,NOT_SURE,SOMETIMES,NO,SOMETIMES,NOT_SURE,OLD,OLD,NOT_SURE,NOT_SURE,SOMETIMES,29.0,30.0,46.8,51.7,42.7,72.1,64.6,72.4,42.8,57.0,48,HIGH
SYN-00126,Professional,2026-04-27,FRIENDS,NO,PRIVATE,NO,NOT_SURE,NO,NO,NO,NO,NO,NO,NO,NOT_SURE,NEVER,SOMETIMES,SOMETIMES,NOT_SURE,NOT_SURE,PRIVATE,NEVER,SOMETIMES,NO,APPROVAL,NEVER,RECENT,SOMETIMES,NOT_SURE,NO_ONE,NOT_SURE,FRIENDS,YES,SMS,SOMETIMES,YES,YES,OLD,YES,YES,OLD,SOMETIMES,YES,NOT_SURE,NEVER,YES,NOT_SURE,NO,YES,NEVER,OLD,OLD,NO,NO,NEVER,15.5,0.0,42.8,13.3,6.7,40.7,21.8,40.0,10.3,42.5,20,LOW
SYN-00127,Job Seeker,2025-12-21,PRIVATE,NO,FRIENDS,NO,NO,NO,NO,NO,NO,NO,NO,NO,NOT_SURE,NEVER,NEVER,NOT_SURE,NEVER,SOMETIMES,PRIVATE,SOMETIMES,NEVER,NO,APPROVAL,NEVER,RECENT,YES,YES,FRIENDS,NOT_SURE,FRIENDS,YES,APP_OR_KEY,NEVER,NOT_SURE,NOT_SURE,OLD,YES,YES,OLD,YES,YES,NEVER,NEVER,SOMETIMES,NEVER,NO,YES,SOMETIMES,RECENT,RECENT,NOT_SURE,SOMETIMES,NEVER,7.0,0.0,24.8,16.7,0.0,25.7,18.2,19.4,13.1,17.5,13,LOW
SYN-00128,Student,2026-05-24,FRIENDS,NOT_SURE,PUBLIC,NOT_SURE,NOT_SURE,YES,NO,YES,NOT_SURE,NOT_SURE,YES,NO,YES,NOT_SURE,OFTEN,SOMETIMES,NOT_SURE,SOMETIMES,PUBLIC,OFTEN,NOT_SURE,YES,FRIENDS_OF_FRIENDS,SOMETIMES,OLD,NO,NOT_SURE,FRIENDS,YES,FRIENDS,NO,NONE,OFTEN,NOT_SURE,NO,NEVER,NOT_SURE,SOMETIMES,NOT_SURE,SOMETIMES,NOT_SURE,NOT_SURE,SOMETIMES,SOMETIMES,NOT_SURE,NO,SOMETIMES,SOMETIMES,NOT_SURE,OLD,YES,NO,NEVER,59.5,63.3,68.8,88.9,60.3,61.4,90.0,65.3,40.7,68.8,68,HIGH
SYN-00129,Student,2026-06-20,PRIVATE,NO,FRIENDS,NOT_SURE,NO,NO,NOT_SURE,NO,NO,NOT_SURE,NO,NOT_SURE,NO,NOT_SURE,NEVER,NOT_SURE,NOT_SURE,NEVER,FRIENDS,NOT_SURE,SOMETIMES,NO,FRIENDS_OF_FRIENDS,NOT_SURE,RECENT,SOMETIMES,NO,FRIENDS,NOT_SURE,FRIENDS,YES,NOT_SURE,NEVER,NOT_SURE,NO,NEVER,YES,SOMETIMES,OLD,SOMETIMES,SOMETIMES,NOT_SURE,NEVER,SOMETIMES,SOMETIMES,NO,SOMETIMES,SOMETIMES,OLD,OLD,NOT_SURE,NOT_SURE,NEVER,19.0,22.0,28.0,38.9,38.7,61.4,37.2,51.8,32.4,48.0,34,MODERATE
SYN-00130,Educator,2025-12-05,FRIENDS,NOT_SURE,PUBLIC,NOT_SURE,NOT_SURE,NOT_SURE,NOT_SURE,YES,NO,NOT_SURE,NOT_SURE,NOT_SURE,YES,SOMETIMES,SOMETIMES,NOT_SURE,SOMETIMES,SOMETIMES,FRIENDS,SOMETIMES,OFTEN,YES,FRIENDS_OF_FRIENDS,SOMETIMES,NEVER,YES,NOT_SURE,FRIENDS,NOT_SURE,ANYONE,NO,NONE,NOT_SURE,NO,NOT_SURE,NEVER,NOT_SURE,NOT_SURE,OLD,NOT_SURE,SOMETIMES,SOMETIMES,OFTEN,NOT_SURE,SOMETIMES,NOT_SURE,NO,NOT_SURE,OLD,NEVER,YES,NO,SOMETIMES,59.5,53.3,64.8,67.2,56.0,60.0,81.1,58.2,70.3,82.8,65,HIGH
SYN-00131,Student,2026-09-05,FRIENDS,NOT_SURE,FRIENDS,YES,NOT_SURE,NOT_SURE,YES,NOT_SURE,NO,NOT_SURE,NOT_SURE,NOT_SURE,NOT_SURE,NOT_SURE,OFTEN,SOMETIMES,SOMETIMES,NOT_SURE,FRIENDS,OFTEN,NOT_SURE,NO,FRIENDS_OF_FRIENDS,SOMETIMES,OLD,SOMETIMES,NO,FRIENDS,NO,FRIENDS,YES,APP_OR_KEY,SOMETIMES,NO,NO,OLD,NOT_SURE,SOMETIMES,OLD,NO,NOT_SURE,SOMETIMES,NEVER,SOMETIMES,NOT_SURE,NO,SOMETIMES,SOMETIMES,NEVER,NOT_SURE,NOT_SURE,NOT_SURE,SOMETIMES,54.5,53.3,62.8,50.6,53.7,50.7,47.6,70.0,30.3,74.5,53,HIGH
SYN-00132,Student,2026-05-12,PUBLIC,NOT_SURE,PUBLIC,NOT_SURE,NOT_SURE,NOT_SURE,NO,NOT_SURE,NOT_SURE,YES,NOT_SURE,NOT_SURE,NOT_SURE,SOMETIMES,SOMETIMES,SOMETIMES,SOMETIMES,NOT_SURE,PUBLIC,OFTEN,SOMETIMES,NOT_SURE,FRIENDS_OF_FRIENDS,SOMETIMES,NEVER,SOMETIMES,NOT_SURE,ANYONE,NOT_SURE,FRIENDS,NOT_SURE,SMS,SOMETIMES,NOT_SURE,NO,OLD,NOT_SURE,NOT_SURE,NEVER,SOMETIMES,SOMETIMES,SOMETIMES,SOMETIMES,SOMETIMES,SOMETIMES,NO,SOMETIMES,SOMETIMES,OLD,NEVER,YES,NO,SOMETIMES,79.0,57.3,58.8,84.4,62.7,69.3,67.9,69.4,42.8,82.8,66,HIGH
SYN-00133,Student,2026-01-07,FRIENDS,NOT_SURE,PRIVATE,NOT_SURE,NOT_SURE,NO,NOT_SURE,NO,NO,NO,NO,NO,NOT_SURE,NOT_SURE,NEVER,NEVER,NEVER,SOMETIMES,PRIVATE,NEVER,NEVER,NO,FRIENDS_OF_FRIENDS,NEVER,OLD,YES,YES,FRIENDS,NO,FRIENDS,YES,SMS,NEVER,YES,YES,OLD,YES,NOT_SURE,OLD,SOMETIMES,YES,NEVER,NEVER,YES,NEVER,NO,YES,NEVER,OLD,OLD,NOT_SURE,YES,SOMETIMES,39.5,8.0,28.8,0.0,23.0,15.0,16.0,31.2,0.0,46.5,19,LOW
SYN-00134,Professional,2026-06-23,PUBLIC,NO,FRIENDS,YES,YES,NOT_SURE,NOT_SURE,YES,NOT_SURE,YES,YES,YES,NOT_SURE,OFTEN,NOT_SURE,SOMETIMES,SOMETIMES,NOT_SURE,FRIENDS,SOMETIMES,SOMETIMES,NOT_SURE,EVERYONE,SOMETIMES,OLD,NOT_SURE,NO,FRIENDS,NOT_SURE,ANYONE,NOT_SURE,SMS,OFTEN,NO,NOT_SURE,NEVER,NOT_SURE,NO,NEVER,NO,NO,NOT_SURE,SOMETIMES,NO,OFTEN,NOT_SURE,NO,OFTEN,OLD,NEVER,YES,NO,SOMETIMES,67.0,78.7,66.8,51.7,71.0,70.7,81.1,91.2,81.0,82.8,73,CRITICAL
SYN-00135,Professional,2026-06-22,FRIENDS,NO,FRIENDS,NO,NOT_SURE,NO,NO,NO,NO,NO,NO,NO,NO,NOT_SURE,NEVER,NEVER,SOMETIMES,NEVER,FRIENDS,NEVER,NOT_SURE,NO,FRIENDS_OF_FRIENDS,NEVER,RECENT,YES,NOT_SURE,FRIENDS,NO,FRIENDS,YES,APP_OR_KEY,SOMETIMES,YES,NOT_SURE,OLD,YES,NOT_SURE,NOT_SURE,YES,YES,NEVER,NEVER,SOMETIMES,NEVER,NO,YES,NOT_SURE,OLD,RECENT,NOT_SURE,SOMETIMES,NEVER,22.5,0.0,21.6,22.8,12.0,40.0,29.9,28.2,12.1,31.2,20,LOW
SYN-00136,Job Seeker,2026-02-24,FRIENDS,NOT_SURE,PUBLIC,NOT_SURE,NOT_SURE,NO,YES,YES,NOT_SURE,NOT_SURE,YES,YES,NOT_SURE,SOMETIMES,SOMETIMES,SOMETIMES,OFTEN,SOMETIMES,FRIENDS,SOMETIMES,OFTEN,NOT_SURE,FRIENDS_OF_FRIENDS,NOT_SURE,NOT_SURE,SOMETIMES,NO,FRIENDS,NOT_SURE,FRIENDS,NOT_SURE,SMS,SOMETIMES,NO,NOT_SURE,NEVER,NO,SOMETIMES,NEVER,NO,NO,NEVER,OFTEN,NOT_SURE,SOMETIMES,NO,SOMETIMES,NOT_SURE,NEVER,NEVER,YES,NO,SOMETIMES,59.5,66.7,66.4,60.6,54.7,61.4,72.5,82.4,51.4,94.0,65,HIGH
SYN-00137,Professional,2025-11-15,FRIENDS,NO,FRIENDS,NO,NO,NO,NO,NO,NOT_SURE,NO,NO,NO,NOT_SURE,NOT_SURE,SOMETIMES,NOT_SURE,NEVER,SOMETIMES,FRIENDS,NEVER,SOMETIMES,NOT_SURE,APPROVAL,SOMETIMES,NOT_SURE,YES,NOT_SURE,FRIENDS,NOT_SURE,FRIENDS,NO,NONE,NEVER,NO,YES,OLD,NOT_SURE,SOMETIMES,OLD,SOMETIMES,YES,SOMETIMES,SOMETIMES,YES,SOMETIMES,NO,SOMETIMES,NEVER,OLD,OLD,NOT_SURE,SOMETIMES,SOMETIMES,17.5,12.0,46.4,35.0,40.0,50.7,58.2,41.8,29.7,54.0,37,MODERATE
SYN-00138,Student,2026-05-03,FRIENDS,NO,PUBLIC,NOT_SURE,NO,NOT_SURE,NO,NOT_SURE,NO,YES,NO,NOT_SURE,NO,SOMETIMES,NOT_SURE,SOMETIMES,SOMETIMES,NOT_SURE,FRIENDS,SOMETIMES,NOT_SURE,YES,FRIENDS_OF_FRIENDS,NOT_SURE,RECENT,YES,NOT_SURE,FRIENDS,NOT_SURE,FRIENDS,NOT_SURE,SMS,NEVER,NOT_SURE,NOT_SURE,NEVER,YES,NOT_SURE,OLD,SOMETIMES,SOMETIMES,SOMETIMES,SOMETIMES,NOT_SURE,NOT_SURE,NO,YES,SOMETIMES,OLD,NOT_SURE,NOT_SURE,NOT_SURE,SOMETIMES,42.5,39.3,47.6,56.1,32.0,50.7,48.9,53.5,36.6,63.2,45,HIGH
SYN-00139,Job Seeker,2025-10-12,FRIENDS,NO,FRIENDS,NOT_SURE,NOT_SURE,NOT_SURE,NOT_SURE,NOT_SURE,NO,NO,NOT_SURE,NO,NO,SOMETIMES,NOT_SURE,SOMETIMES,SOMETIMES,SOMETIMES,FRIENDS,NOT_SURE,NOT_SURE,NOT_SURE,FRIENDS_OF_FRIENDS,NOT_SURE,OLD,SOMETIMES,NOT_SURE,NO_ONE,NO,FRIENDS,NO,NONE,SOMETIMES,NOT_SURE,NOT_SURE,OLD,NO,SOMETIMES,OLD,SOMETIMES,NOT_SURE,NEVER,NEVER,YES,SOMETIMES,NO,SOMETIMES,NOT_SURE,OLD,NEVER,NOT_SURE,NOT_SURE,SOMETIMES,34.5,34.0,48.8,46.7,49.7,30.0,78.5,47.6,24.5,68.2,47,HIGH
SYN-00140,Educator,2025-12-12,PUBLIC,NOT_SURE,FRIENDS,YES,NOT_SURE,NO,NOT_SURE,NOT_SURE,NO,NOT_SURE,YES,YES,NO,NOT_SURE,SOMETIMES,NOT_SURE,OFTEN,SOMETIMES,FRIENDS,NEVER,SOMETIMES,NO,FRIENDS_OF_FRIENDS,NOT_SURE,OLD,SOMETIMES,NOT_SURE,FRIENDS,NO,FRIENDS,NOT_SURE,SMS,NOT_SURE,NOT_SURE,NOT_SURE,NEVER,NOT_SURE,NO,NEVER,NO,SOMETIMES,SOMETIMES,NOT_SURE,SOMETIMES,NOT_SURE,NO,SOMETIMES,SOMETIMES,OLD,OLD,NOT_SURE,NOT_SURE,NEVER,74.0,44.0,52.8,25.0,49.7,40.0,68.9,81.2,39.0,48.0,52,HIGH
SYN-00141,Professional,2026-07-21,FRIENDS,NOT_SURE,PRIVATE,NOT_SURE,NOT_SURE,NO,NO,NOT_SURE,NO,NOT_SURE,NOT_SURE,NO,NO,SOMETIMES,SOMETIMES,NEVER,NEVER,NOT_SURE,FRIENDS,NOT_SURE,NEVER,NOT_SURE,FRIENDS_OF_FRIENDS,NEVER,RECENT,YES,NOT_SURE,FRIENDS,NOT_SURE,FRIENDS,YES,SMS,NOT_SURE,NO,NO,NOT_SURE,NOT_SURE,SOMETIMES,OLD,SOMETIMES,SOMETIMES,NEVER,NOT_SURE,YES,SOMETIMES,NO,SOMETIMES,NOT_SURE,NEVER,RECENT,NOT_SURE,SOMETIMES,NEVER,39.5,22.0,30.0,35.6,12.0,50.7,53.3,42.9,33.1,42.5,35,MODERATE
SYN-00142,Job Seeker,2025-11-07,FRIENDS,NOT_SURE,FRIENDS,YES,NOT_SURE,YES,YES,YES,NOT_SURE,NOT_SURE,NOT_SURE,NOT_SURE,YES,OFTEN,OFTEN,SOMETIMES,SOMETIMES,SOMETIMES,PUBLIC,OFTEN,SOMETIMES,YES,FRIENDS_OF_FRIENDS,NOT_SURE,NEVER,NO,NO,FRIENDS,YES,FRIENDS,NOT_SURE,SMS,SOMETIMES,NO,NOT_SURE,NEVER,YES,NOT_SURE,OLD,SOMETIMES,SOMETIMES,OFTEN,NOT_SURE,SOMETIMES,SOMETIMES,NOT_SURE,SOMETIMES,SOMETIMES,NEVER,RECENT,YES,NOT_SURE,SOMETIMES,54.5,78.7,82.4,91.1,65.3,72.1,63.1,60.6,53.1,64.5,70,HIGH
SYN-00143,SMB Owner,2025-12-16,PRIVATE,NO,FRIENDS,NO,NOT_SURE,NO,NOT_SURE,NOT_SURE,NO,NO,NO,NO,NO,SOMETIMES,SOMETIMES,SOMETIMES,SOMETIMES,SOMETIMES,FRIENDS,SOMETIMES,NOT_SURE,NOT_SURE,FRIENDS_OF_FRIENDS,NOT_SURE,NOT_SURE,SOMETIMES,NOT_SURE,FRIENDS,NO,FRIENDS,YES,NOT_SURE,NOT_SURE,NOT_SURE,NO,OLD,NOT_SURE,SOMETIMES,OLD,YES,NO,NEVER,NEVER,YES,NOT_SURE,NO,SOMETIMES,NOT_SURE,RECENT,OLD,YES,SOMETIMES,SOMETIMES,12.0,16.0,50.4,49.4,54.7,40.0,51.0,42.9,22.4,50.3,38,MODERATE
SYN-00144,SMB Owner,2026-05-21,PRIVATE,NOT_SURE,FRIENDS,NO,NOT_SURE,NO,NO,NOT_SURE,NO,NO,NOT_SURE,NOT_SURE,NO,SOMETIMES,NOT_SURE,SOMETIMES,SOMETIMES,NEVER,FRIENDS,NEVER,NEVER,NOT_SURE,APPROVAL,NEVER,RECENT,SOMETIMES,NOT_SURE,FRIENDS,NO,FRIENDS,YES,APP_OR_KEY,SOMETIMES,YES,NOT_SURE,OLD,YES,NOT_SURE,NOT_SURE,SOMETIMES,SOMETIMES,SOMETIMES,NOT_SURE,NOT_SURE,SOMETIMES,NO,SOMETIMES,NOT_SURE,OLD,NEVER,NO,SOMETIMES,NOT_SURE,24.0,20.0,41.6,21.7,6.7,40.0,29.9,62.4,42.8,53.8,31,MODERATE
SYN-00145,Student,2026-03-06,PUBLIC,YES,PUBLIC,NOT_SURE,YES,YES,YES,YES,NO,YES,YES,YES,NOT_SURE,SOMETIMES,OFTEN,SOMETIMES,OFTEN,NOT_SURE,PUBLIC,SOMETIMES,OFTEN,YES,EVERYONE,SOMETIMES,NOT_SURE,NO,NOT_SURE,ANYONE,YES,ANYONE,NO,NONE,OFTEN,NO,NO,NEVER,NO,NO,NEVER,NO,SOMETIMES,OFTEN,OFTEN,NO,OFTEN,NOT_SURE,NO,OFTEN,NEVER,NEVER,YES,NO,SOMETIMES,92.0,80.0,71.6,88.9,80.0,89.3,100.0,88.2,87.9,94.0,86,CRITICAL
SYN-00146,Student,2026-03-22,PUBLIC,YES,PUBLIC,YES,NOT_SURE,NOT_SURE,YES,NOT_SURE,NOT_SURE,YES,YES,YES,YES,SOMETIMES,SOMETIMES,OFTEN,OFTEN,NOT_SURE,PUBLIC,OFTEN,OFTEN,YES,EVERYONE,OFTEN,OLD,NO,NO,ANYONE,YES,ANYONE,NO,NONE,OFTEN,NO,NO,NEVER,NO,NO,NOT_SURE,NOT_SURE,NOT_SURE,SOMETIMES,SOMETIMES,NO,SOMETIMES,YES,NO,OFTEN,OLD,NOT_SURE,YES,NOT_SURE,OFTEN,95.0,78.7,78.0,100.0,91.0,100.0,100.0,71.8,84.8,79.2,88,CRITICAL
SYN-00147,Educator,2026-01-10,PUBLIC,NOT_SURE,PUBLIC,NOT_SURE,YES,YES,NOT_SURE,NO,NOT_SURE,NOT_SURE,NOT_SURE,YES,NO,NOT_SURE,SOMETIMES,OFTEN,SOMETIMES,SOMETIMES,FRIENDS,SOMETIMES,NOT_SURE,NO,EVERYONE,OFTEN,NOT_SURE,YES,NO,NO_ONE,YES,FRIENDS,NOT_SURE,SMS,NOT_SURE,NOT_SURE,NO,NOT_SURE,NOT_SURE,SOMETIMES,OLD,NO,SOMETIMES,SOMETIMES,NOT_SURE,NO,SOMETIMES,NOT_SURE,NO,SOMETIMES,NEVER,OLD,NOT_SURE,SOMETIMES,SOMETIMES,84.0,64.0,54.4,39.4,82.7,62.1,66.4,65.3,66.9,65.2,65,HIGH
SYN-00148,Professional,2025-12-04,FRIENDS,NOT_SURE,PUBLIC,NOT_SURE,NOT_SURE,NOT_SURE,NOT_SURE,NOT_SURE,NOT_SURE,YES,NOT_SURE,NOT_SURE,YES,OFTEN,SOMETIMES,NOT_SURE,SOMETIMES,OFTEN,FRIENDS,OFTEN,SOMETIMES,YES,EVERYONE,OFTEN,OLD,SOMETIMES,NO,FRIENDS,NOT_SURE,FRIENDS,NOT_SURE,SMS,SOMETIMES,NOT_SURE,NO,NOT_SURE,NOT_SURE,SOMETIMES,OLD,SOMETIMES,SOMETIMES,NEVER,OFTEN,NOT_SURE,NOT_SURE,NO,SOMETIMES,SOMETIMES,NEVER,OLD,YES,NO,SOMETIMES,59.5,65.3,79.2,69.4,84.3,61.4,68.3,42.9,50.3,82.8,68,HIGH
SYN-00149,Student,2026-08-24,PUBLIC,NO,PUBLIC,NOT_SURE,YES,NOT_SURE,NOT_SURE,NOT_SURE,NO,YES,NOT_SURE,YES,NOT_SURE,SOMETIMES,SOMETIMES,SOMETIMES,SOMETIMES,SOMETIMES,FRIENDS,SOMETIMES,SOMETIMES,YES,EVERYONE,NOT_SURE,NEVER,NO,NO,FRIENDS,NOT_SURE,ANYONE,NO,NONE,SOMETIMES,NO,NOT_SURE,NEVER,NO,SOMETIMES,OLD,SOMETIMES,NO,SOMETIMES,SOMETIMES,SOMETIMES,OFTEN,NOT_SURE,SOMETIMES,NOT_SURE,NEVER,NEVER,YES,NO,SOMETIMES,72.0,57.3,60.0,58.3,80.0,70.7,84.7,65.3,62.1,94.0,69,HIGH
SYN-00150,Student,2025-12-09,FRIENDS,YES,PUBLIC,YES,NOT_SURE,NO,NOT_SURE,YES,NOT_SURE,NOT_SURE,YES,NOT_SURE,NOT_SURE,SOMETIMES,OFTEN,OFTEN,NOT_SURE,OFTEN,FRIENDS,SOMETIMES,SOMETIMES,YES,FRIENDS_OF_FRIENDS,NOT_SURE,OLD,SOMETIMES,NO,ANYONE,NOT_SURE,ANYONE,NO,NONE,SOMETIMES,NO,NO,NEVER,NOT_SURE,SOMETIMES,NOT_SURE,NO,NO,SOMETIMES,SOMETIMES,NOT_SURE,OFTEN,NOT_SURE,SOMETIMES,SOMETIMES,NEVER,NEVER,YES,NO,SOMETIMES,75.5,57.3,76.0,58.3,49.7,89.3,84.7,85.9,65.9,94.0,71,CRITICAL
SYN-00151,Professional,2026-06-09,FRIENDS,NOT_SURE,FRIENDS,YES,YES,NO,NO,NOT_SURE,NO,YES,NOT_SURE,NOT_SURE,NOT_SURE,SOMETIMES,SOMETIMES,SOMETIMES,SOMETIMES,NEVER,FRIENDS,NOT_SURE,SOMETIMES,YES,EVERYONE,SOMETIMES,OLD,SOMETIMES,NO,FRIENDS,YES,FRIENDS,YES,SMS,SOMETIMES,NOT_SURE,NO,NEVER,NOT_SURE,SOMETIMES,NOT_SURE,NOT_SURE,NOT_SURE,NOT_SURE,NOT_SURE,YES,SOMETIMES,NO,NO,NOT_SURE,NOT_SURE,OLD,NOT_SURE,SOMETIMES,NOT_SURE,59.5,33.3,52.8,55.6,68.3,72.1,54.4,70.0,40.0,58.8,53,HIGH
SYN-00152,Student,2026-02-16,PRIVATE,NO,FRIENDS,NO,YES,NO,NOT_SURE,NOT_SURE,NO,NOT_SURE,NOT_SURE,NO,NOT_SURE,SOMETIMES,NOT_SURE,OFTEN,NEVER,SOMETIMES,PRIVATE,SOMETIMES,SOMETIMES,NO,APPROVAL,NEVER,OLD,YES,NO,NO_ONE,NO,FRIENDS,YES,SMS,NEVER,YES,NOT_SURE,RECENT,NOT_SURE,YES,NEVER,SOMETIMES,SOMETIMES,SOMETIMES,NOT_SURE,SOMETIMES,SOMETIMES,NOT_SURE,SOMETIMES,SOMETIMES,NOT_SURE,OLD,YES,NO,SOMETIMES,17.0,30.0,55.2,30.0,11.0,40.7,21.1,69.4,53.1,77.8,36,MODERATE
SYN-00153,Student,2025-12-28,PUBLIC,NO,PRIVATE,YES,NOT_SURE,NO,NO,YES,NO,NO,NOT_SURE,NOT_SURE,NOT_SURE,SOMETIMES,SOMETIMES,NOT_SURE,SOMETIMES,NOT_SURE,FRIENDS,SOMETIMES,SOMETIMES,NOT_SURE,FRIENDS_OF_FRIENDS,SOMETIMES,NEVER,SOMETIMES,YES,FRIENDS,NO,FRIENDS,YES,SMS,SOMETIMES,NOT_SURE,NO,NEVER,NOT_SURE,SOMETIMES,OLD,NOT_SURE,NO,SOMETIMES,SOMETIMES,SOMETIMES,NOT_SURE,NOT_SURE,SOMETIMES,SOMETIMES,OLD,OLD,NOT_SURE,NO,SOMETIMES,55.0,25.3,57.2,51.7,62.7,15.0,54.4,70.0,52.8,61.5,50,HIGH
SYN-00154,Student,2026-05-11,FRIENDS,NOT_SURE,FRIENDS,NO,NO,NO,NOT_SURE,NO,NO,NOT_SURE,NOT_SURE,NOT_SURE,NOT_SURE,NOT_SURE,SOMETIMES,NOT_SURE,NEVER,NEVER,FRIENDS,SOMETIMES,SOMETIMES,NOT_SURE,FRIENDS_OF_FRIENDS,SOMETIMES,OLD,NO,NOT_SURE,ANYONE,YES,ANYONE,NOT_SURE,APP_OR_KEY,NOT_SURE,NO,NO,NOT_SURE,NOT_SURE,NOT_SURE,NOT_SURE,SOMETIMES,SOMETIMES,NEVER,SOMETIMES,SOMETIMES,SOMETIMES,NOT_SURE,SOMETIMES,NOT_SURE,NEVER,OLD,YES,NO,SOMETIMES,29.5,28.0,39.2,51.7,60.3,89.3,65.0,51.8,53.8,82.8,51,HIGH
SYN-00155,SMB Owner,2026-08-16,FRIENDS,NOT_SURE,FRIENDS,NO,NOT_SURE,NO,NO,NOT_SURE,NO,NO,NO,NOT_SURE,NO,NEVER,NOT_SURE,NOT_SURE,OFTEN,NEVER,FRIENDS,SOMETIMES,NOT_SURE,YES,FRIENDS_OF_FRIENDS,SOMETIMES,OLD,SOMETIMES,YES,FRIENDS,NOT_SURE,FRIENDS,NOT_SURE,SMS,NOT_SURE,YES,NOT_SURE,NOT_SURE,YES,SOMETIMES,OLD,SOMETIMES,SOMETIMES,SOMETIMES,NOT_SURE,SOMETIMES,SOMETIMES,NO,SOMETIMES,NOT_SURE,OLD,OLD,NOT_SURE,NOT_SURE,NOT_SURE,34.5,14.0,32.0,56.1,53.7,25.7,49.4,53.5,40.0,55.5,39,MODERATE
SYN-00156,Educator,2026-05-17,PUBLIC,YES,PUBLIC,NOT_SURE,YES,NOT_SURE,NOT_SURE,NOT_SURE,NOT_SURE,YES,NOT_SURE,NO,NOT_SURE,OFTEN,NOT_SURE,SOMETIMES,NOT_SURE,SOMETIMES,FRIENDS,SOMETIMES,SOMETIMES,YES,FRIENDS_OF_FRIENDS,SOMETIMES,OLD,SOMETIMES,NOT_SURE,ANYONE,YES,FRIENDS,NO,NONE,NOT_SURE,NO,NO,OLD,NOT_SURE,NOT_SURE,OLD,NO,SOMETIMES,SOMETIMES,NOT_SURE,NO,OFTEN,NO,SOMETIMES,NOT_SURE,NEVER,OLD,YES,SOMETIMES,OFTEN,92.0,59.3,66.4,58.3,53.7,80.0,80.7,65.3,55.2,81.2,68,HIGH
SYN-00157,Educator,2026-09-17,FRIENDS,NOT_SURE,PRIVATE,YES,NOT_SURE,NOT_SURE,NO,NOT_SURE,NO,NOT_SURE,NOT_SURE,NO,NOT_SURE,SOMETIMES,SOMETIMES,SOMETIMES,SOMETIMES,NEVER,FRIENDS,SOMETIMES,SOMETIMES,NO,FRIENDS_OF_FRIENDS,NOT_SURE,NOT_SURE,SOMETIMES,YES,NO_ONE,NO,NO_ONE,NOT_SURE,SMS,SOMETIMES,NO,NOT_SURE,OLD,NO,SOMETIMES,NOT_SURE,YES,NO,NOT_SURE,NOT_SURE,YES,SOMETIMES,NO,YES,NEVER,NOT_SURE,OLD,NO,NO,NEVER,47.5,34.0,52.8,41.7,54.7,0.0,68.8,60.6,21.0,48.8,45,HIGH
SYN-00158,Job Seeker,2026-08-08,FRIENDS,NOT_SURE,FRIENDS,NOT_SURE,NO,NO,NOT_SURE,NO,NO,NO,NO,NO,YES,SOMETIMES,NOT_SURE,SOMETIMES,NEVER,NEVER,PRIVATE,NEVER,NOT_SURE,NOT_SURE,FRIENDS_OF_FRIENDS,SOMETIMES,OLD,SOMETIMES,YES,FRIENDS,NO,FRIENDS,YES,APP_OR_KEY,NOT_SURE,YES,NOT_SURE,NOT_SURE,NO,SOMETIMES,OLD,YES,SOMETIMES,NEVER,NEVER,SOMETIMES,NOT_SURE,NO,SOMETIMES,SOMETIMES,OLD,OLD,NO,SOMETIMES,SOMETIMES,41.5,8.0,48.0,21.1,53.7,15.0,39.4,31.2,30.3,44.0,33,MODERATE
SYN-00159,Student,2026-04-05,FRIENDS,NOT_SURE,FRIENDS,NOT_SURE,NOT_SURE,NOT_SURE,YES,NOT_SURE,NO,YES,NOT_SURE,NOT_SURE,NO,NOT_SURE,SOMETIMES,NOT_SURE,NEVER,SOMETIMES,PUBLIC,SOMETIMES,NOT_SURE,NO,FRIENDS_OF_FRIENDS,SOMETIMES,NOT_SURE,NOT_SURE,YES,FRIENDS,NOT_SURE,FRIENDS,YES,SMS,NOT_SURE,NO,NO,NOT_SURE,NOT_SURE,SOMETIMES,NEVER,SOMETIMES,SOMETIMES,NOT_SURE,SOMETIMES,SOMETIMES,SOMETIMES,NO,SOMETIMES,SOMETIMES,NEVER,OLD,NOT_SURE,SOMETIMES,OFTEN,46.5,58.7,36.8,61.1,61.3,25.7,53.3,67.6,42.8,71.2,52,HIGH
SYN-00160,SMB Owner,2025-12-12,FRIENDS,NO,FRIENDS,NO,NOT_SURE,NO,NO,NOT_SURE,NO,NO,NO,NOT_SURE,NOT_SURE,SOMETIMES,NOT_SURE,NEVER,NOT_SURE,NEVER,FRIENDS,NOT_SURE,NOT_SURE,NOT_SURE,FRIENDS_OF_FRIENDS,SOMETIMES,RECENT,YES,NOT_SURE,FRIENDS,NOT_SURE,NO_ONE,NOT_SURE,SMS,SOMETIMES,YES,NOT_SURE,OLD,YES,SOMETIMES,OLD,NOT_SURE,NOT_SURE,SOMETIMES,NOT_SURE,YES,NOT_SURE,NO,YES,SOMETIMES,OLD,OLD,NOT_SURE,SOMETIMES,NEVER,22.5,14.0,40.0,46.7,36.0,45.7,49.3,62.9,25.2,45.0,36,MODERATE
SYN-00161,Professional,2026-05-10,FRIENDS,NO,PRIVATE,NO,NOT_SURE,NO,NO,NO,NO,NO,NOT_SURE,NO,NO,SOMETIMES,NEVER,SOMETIMES,SOMETIMES,SOMETIMES,FRIENDS,NEVER,SOMETIMES,NOT_SURE,FRIENDS_OF_FRIENDS,NEVER,NEVER,SOMETIMES,NOT_SURE,FRIENDS,NOT_SURE,FRIENDS,NOT_SURE,SMS,NEVER,NOT_SURE,NOT_SURE,RECENT,YES,YES,OLD,YES,SOMETIMES,SOMETIMES,NOT_SURE,YES,NOT_SURE,NO,NOT_SURE,NOT_SURE,OLD,OLD,YES,SOMETIMES,NEVER,15.5,6.0,40.8,35.0,38.7,50.7,34.7,41.8,33.8,55.0,32,MODERATE
SYN-00162,Educator,2026-06-27,PUBLIC,NOT_SURE,FRIENDS,NOT_SURE,NOT_SURE,NOT_SURE,NOT_SURE,YES,NO,YES,YES,NOT_SURE,NOT_SURE,SOMETIMES,SOMETIMES,SOMETIMES,SOMETIMES,SOMETIMES,PUBLIC,SOMETIMES,SOMETIMES,NOT_SURE,FRIENDS_OF_FRIENDS,SOMETIMES,NOT_SURE,SOMETIMES,NOT_SURE,FRIENDS,NOT_SURE,FRIENDS,YES,SMS,SOMETIMES,NO,NOT_SURE,OLD,NO,SOMETIMES,NEVER,NOT_SURE,NO,SOMETIMES,OFTEN,NO,OFTEN,NOT_SURE,SOMETIMES,SOMETIMES,NEVER,OLD,YES,NO,SOMETIMES,66.0,62.7,60.0,73.3,58.7,50.7,53.2,85.9,76.9,82.8,65,HIGH
SYN-00163,Professional,2026-04-22,PRIVATE,NO,FRIENDS,NO,NO,NO,NO,NO,NO,NO,NO,NO,NO,NEVER,NEVER,NEVER,NEVER,NOT_SURE,PRIVATE,NEVER,NEVER,NO,FRIENDS_OF_FRIENDS,NEVER,RECENT,YES,YES,FRIENDS,NOT_SURE,NO_ONE,YES,SMS,SOMETIMES,YES,YES,RECENT,YES,SOMETIMES,RECENT,YES,YES,SOMETIMES,NEVER,YES,NEVER,NO,YES,NEVER,RECENT,OLD,NOT_SURE,YES,SOMETIMES,7.0,0.0,6.0,0.0,12.0,20.7,21.4,10.6,0.0,32.8,9,LOW
SYN-00164,Professional,2026-09-01,FRIENDS,NOT_SURE,FRIENDS,NOT_SURE,NO,NO,NOT_SURE,NOT_SURE,NOT_SURE,NOT_SURE,NOT_SURE,NOT_SURE,NO,SOMETIMES,NOT_SURE,SOMETIMES,SOMETIMES,NOT_SURE,PUBLIC,SOMETIMES,NOT_SURE,NOT_SURE,FRIENDS_OF_FRIENDS,SOMETIMES,OLD,SOMETIMES,NOT_SURE,FRIENDS,NOT_SURE,FRIENDS,YES,SMS,NOT_SURE,NOT_SURE,NOT_SURE,OLD,NO,SOMETIMES,NOT_SURE,SOMETIMES,SOMETIMES,SOMETIMES,NOT_SURE,SOMETIMES,NEVER,NOT_SURE,SOMETIMES,SOMETIMES,NEVER,NOT_SURE,NOT_SURE,SOMETIMES,SOMETIMES,41.5,48.0,47.6,71.1,53.7,50.7,48.7,62.4,40.7,71.5,52,HIGH
SYN-00165,Student,2025-10-11,PUBLIC,NOT_SURE,FRIENDS,YES,NOT_SURE,YES,NO,NOT_SURE,NO,NOT_SURE,NO,NO,NOT_SURE,OFTEN,NOT_SURE,SOMETIMES,NEVER,NEVER,FRIENDS,NEVER,NEVER,NO,FRIENDS_OF_FRIENDS,SOMETIMES,NEVER,NO,NOT_SURE,FRIENDS,NO,FRIENDS,YES,SMS,SOMETIMES,YES,NOT_SURE,OLD,NO,SOMETIMES,OLD,SOMETIMES,SOMETIMES,SOMETIMES,SOMETIMES,SOMETIMES,SOMETIMES,NO,SOMETIMES,SOMETIMES,OLD,OLD,NOT_SURE,SOMETIMES,NOT_SURE,74.0,36.0,51.2,11.7,69.3,40.0,44.9,53.5,42.8,52.5,47,HIGH
SYN-00166,Student,2026-07-16,FRIENDS,NOT_SURE,PUBLIC,NOT_SURE,YES,NOT_SURE,NOT_SURE,NOT_SURE,NO,NOT_SURE,NOT_SURE,NOT_SURE,NO,OFTEN,NEVER,SOMETIMES,OFTEN,NOT_SURE,FRIENDS,NEVER,NEVER,NOT_SURE,FRIENDS_OF_FRIENDS,NOT_SURE,OLD,SOMETIMES,NOT_SURE,FRIENDS,NOT_SURE,FRIENDS,YES,NOT_SURE,SOMETIMES,NOT_SURE,NO,OLD,NOT_SURE,SOMETIMES,OLD,SOMETIMES,YES,SOMETIMES,SOMETIMES,SOMETIMES,NOT_SURE,NO,SOMETIMES,NOT_SURE,NOT_SURE,NEVER,NOT_SURE,NO,SOMETIMES,64.5,48.0,55.6,21.7,49.7,50.7,52.9,41.8,39.7,79.0,50,HIGH
SYN-00167,Professional,2026-05-27,FRIENDS,NOT_SURE,FRIENDS,NO,NOT_SURE,NOT_SURE,NOT_SURE,NOT_SURE,NO,NO,NO,NOT_SURE,NOT_SURE,NOT_SURE,SOMETIMES,NEVER,SOMETIMES,NOT_SURE,FRIENDS,NOT_SURE,SOMETIMES,NOT_SURE,FRIENDS_OF_FRIENDS,SOMETIMES,OLD,SOMETIMES,YES,NO_ONE,NOT_SURE,FRIENDS,YES,SMS,SOMETIMES,NO,NO,OLD,YES,SOMETIMES,NEVER,SOMETIMES,YES,NEVER,SOMETIMES,SOMETIMES,NOT_SURE,NO,SOMETIMES,SOMETIMES,OLD,OLD,NO,NOT_SURE,SOMETIMES,34.5,34.0,46.8,48.9,53.7,15.7,45.4,47.1,40.7,47.0,42,HIGH
SYN-00168,Student,2026-09-12,PUBLIC,NOT_SURE,FRIENDS,YES,YES,NO,NOT_SURE,NOT_SURE,YES,NOT_SURE,NOT_SURE,NOT_SURE,NOT_SURE,OFTEN,NOT_SURE,NOT_SURE,SOMETIMES,OFTEN,PUBLIC,SOMETIMES,NOT_SURE,YES,FRIENDS_OF_FRIENDS,NOT_SURE,OLD,SOMETIMES,NO,FRIENDS,YES,ANYONE,NOT_SURE,SMS,SOMETIMES,NO,NO,NOT_SURE,NO,NOT_SURE,NEVER,NOT_SURE,NO,SOMETIMES,SOMETIMES,NO,NOT_SURE,NOT_SURE,SOMETIMES,SOMETIMES,NEVER,OLD,YES,NO,OFTEN,79.0,56.0,71.2,77.8,49.7,81.4,75.8,85.9,59.7,88.8,70,HIGH
SYN-00169,Job Seeker,2026-09-24,FRIENDS,NO,PRIVATE,NO,NOT_SURE,NO,NO,NO,NO,NO,NO,NO,NO,NEVER,NEVER,NEVER,NEVER,NEVER,FRIENDS,NEVER,NEVER,NO,APPROVAL,NEVER,OLD,YES,YES,NO_ONE,NO,NO_ONE,YES,APP_OR_KEY,NEVER,YES,YES,OLD,YES,YES,RECENT,YES,YES,SOMETIMES,SOMETIMES,YES,SOMETIMES,NOT_SURE,YES,NEVER,OLD,OLD,NOT_SURE,SOMETIMES,SOMETIMES,15.5,0.0,0.0,11.7,11.0,0.0,4.6,10.6,34.8,54.0,11,LOW
SYN-00170,Student,2026-02-28,PUBLIC,YES,PUBLIC,YES,YES,NOT_SURE,YES,NOT_SURE,NO,YES,YES,NOT_SURE,YES,SOMETIMES,SOMETIMES,SOMETIMES,OFTEN,SOMETIMES,PUBLIC,SOMETIMES,OFTEN,YES,EVERYONE,SOMETIMES,NEVER,NOT_SURE,NO,ANYONE,NOT_SURE,FRIENDS,NO,NONE,SOMETIMES,NO,NO,NOT_SURE,NO,SOMETIMES,OLD,SOMETIMES,NOT_SURE,OFTEN,SOMETIMES,NO,OFTEN,NO,SOMETIMES,SOMETIMES,NEVER,OLD,YES,NO,OFTEN,100.0,62.7,72.8,88.9,80.0,80.0,86.4,65.3,57.9,88.8,78,CRITICAL
SYN-00171,Student,2025-11-16,FRIENDS,NOT_SURE,PRIVATE,NO,NOT_SURE,NO,NO,NO,NO,NOT_SURE,NO,NO,NO,NEVER,NEVER,SOMETIMES,NOT_SURE,SOMETIMES,FRIENDS,NEVER,NOT_SURE,NO,FRIENDS_OF_FRIENDS,NOT_SURE,RECENT,SOMETIMES,NO,FRIENDS,NO,NO_ONE,YES,APP_OR_KEY,SOMETIMES,NOT_SURE,NOT_SURE,NEVER,YES,YES,NOT_SURE,SOMETIMES,NOT_SURE,NEVER,NOT_SURE,SOMETIMES,SOMETIMES,NO,NO,NEVER,OLD,RECENT,NOT_SURE,SOMETIMES,NEVER,27.5,8.0,24.8,22.8,38.7,45.7,33.6,56.5,41.7,31.2,30,MODERATE
SYN-00172,Professional,2025-10-25,PRIVATE,NO,FRIENDS,NO,NO,NO,NO,NO,NO,NOT_SURE,NOT_SURE,NO,NO,NOT_SURE,NEVER,NOT_SURE,NEVER,NEVER,FRIENDS,NEVER,NEVER,NOT_SURE,APPROVAL,NEVER,OLD,YES,NOT_SURE,NO_ONE,NOT_SURE,FRIENDS,YES,APP_OR_KEY,SOMETIMES,NOT_SURE,YES,OLD,YES,YES,OLD,YES,SOMETIMES,SOMETIMES,NOT_SURE,YES,NEVER,NO,SOMETIMES,NEVER,RECENT,RECENT,NO,SOMETIMES,NEVER,7.0,14.0,20.0,21.7,11.0,40.7,22.1,41.8,15.5,7.5,18,LOW
SYN-00173,Student,2026-03-08,FRIENDS,NOT_SURE,FRIENDS,YES,NO,NO,NOT_SURE,NOT_SURE,NO,NO,YES,NOT_SURE,NOT_SURE,OFTEN,SOMETIMES,NOT_SURE,OFTEN,SOMETIMES,PUBLIC,SOMETIMES,NEVER,YES,APPROVAL,OFTEN,NEVER,NO,NOT_SURE,FRIENDS,NOT_SURE,FRIENDS,NO,NONE,SOMETIMES,NO,NOT_SURE,NOT_SURE,NOT_SURE,NOT_SURE,NEVER,NO,NOT_SURE,NOT_SURE,SOMETIMES,SOMETIMES,NEVER,YES,SOMETIMES,SOMETIMES,NEVER,NOT_SURE,NOT_SURE,NOT_SURE,NOT_SURE,49.5,32.0,74.4,66.7,73.3,50.7,81.4,84.1,54.5,73.0,63,HIGH
SYN-00174,Job Seeker,2026-02-10,FRIENDS,YES,FRIENDS,NOT_SURE,NOT_SURE,YES,NOT_SURE,YES,NOT_SURE,YES,YES,YES,YES,OFTEN,OFTEN,SOMETIMES,NOT_SURE,SOMETIMES,PUBLIC,SOMETIMES,OFTEN,NOT_SURE,FRIENDS_OF_FRIENDS,OFTEN,OLD,SOMETIMES,YES,FRIENDS,YES,ANYONE,NO,NONE,SOMETIMES,NOT_SURE,NO,NEVER,NO,SOMETIMES,NOT_SURE,SOMETIMES,SOMETIMES,NOT_SURE,SOMETIMES,NO,SOMETIMES,NO,SOMETIMES,OFTEN,NEVER,NEVER,YES,NO,SOMETIMES,54.5,86.7,80.8,82.2,69.7,45.7,85.6,60.6,53.8,94.0,74,CRITICAL
SYN-00175,Professional,2025-12-08,FRIENDS,NO,PUBLIC,NO,NO,NO,NO,NO,NO,NOT_SURE,NO,NO,NO,NEVER,SOMETIMES,NEVER,NEVER,NEVER,FRIENDS,NOT_SURE,NEVER,NO,APPROVAL,SOMETIMES,OLD,SOMETIMES,NOT_SURE,NO_ONE,NO,FRIENDS,NOT_SURE,SMS,NEVER,YES,NO,OLD,NOT_SURE,YES,OLD,SOMETIMES,YES,NOT_SURE,NEVER,SOMETIMES,NEVER,NO,YES,NOT_SURE,OLD,RECENT,NOT_SURE,SOMETIMES,NOT_SURE,30.5,8.0,9.6,25.6,41.7,30.0,44.6,40.0,12.1,38.8,26,MODERATE
SYN-00176,Professional,2026-07-13,FRIENDS,NO,FRIENDS,NOT_SURE,NO,NO,NO,NO,NO,NOT_SURE,NOT_SURE,YES,NO,NEVER,SOMETIMES,SOMETIMES,NEVER,NOT_SURE,FRIENDS,NOT_SURE,NEVER,NOT_SURE,FRIENDS_OF_FRIENDS,SOMETIMES,OLD,YES,YES,FRIENDS,NO,NO_ONE,NOT_SURE,SMS,SOMETIMES,NOT_SURE,NOT_SURE,OLD,NO,SOMETIMES,OLD,SOMETIMES,YES,SOMETIMES,NEVER,SOMETIMES,NOT_SURE,NO,SOMETIMES,NEVER,NOT_SURE,RECENT,NOT_SURE,NOT_SURE,NOT_SURE,29.5,24.0,25.2,35.6,47.0,10.0,66.2,41.8,24.1,48.0,36,MODERATE
SYN-00177,Professional,2026-05-21,FRIENDS,NO,FRIENDS,NOT_SURE,NOT_SURE,NO,NO,NO,NO,NOT_SURE,NO,NO,NOT_SURE,NOT_SURE,SOMETIMES,SOMETIMES,SOMETIMES,NEVER,FRIENDS,SOMETIMES,NOT_SURE,NO,APPROVAL,NOT_SURE,RECENT,SOMETIMES,YES,FRIENDS,NO,NO_ONE,NOT_SURE,SMS,SOMETIMES,YES,NOT_SURE,NEVER,NOT_SURE,YES,OLD,YES,SOMETIMES,SOMETIMES,SOMETIMES,SOMETIMES,NEVER,NO,YES,SOMETIMES,OLD,OLD,NO,SOMETIMES,SOMETIMES,34.5,8.0,50.4,39.4,26.7,10.0,56.7,41.8,23.4,44.0,34,MODERATE
SYN-00178,Professional,2026-03-13,PRIVATE,NO,PRIVATE,NO,NO,NO,NOT_SURE,NO,NO,NO,NO,NO,NO,NOT_SURE,NEVER,NOT_SURE,NEVER,NEVER,FRIENDS,NEVER,NEVER,NO,APPROVAL,NEVER,RECENT,YES,YES,NO_ONE,NO,NO_ONE,YES,APP_OR_KEY,NEVER,YES,YES,OLD,YES,YES,OLD,YES,YES,NEVER,NEVER,YES,NEVER,NO,YES,NEVER,OLD,OLD,NOT_SURE,SOMETIMES,NEVER,0.0,8.0,20.0,11.7,0.0,0.0,4.6,19.4,0.0,45.0,9,LOW
SYN-00179,Student,2026-06-30,PRIVATE,NO,FRIENDS,NO,NO,NO,NO,NO,NO,NO,NO,NO,NO,NEVER,NEVER,NEVER,NEVER,NEVER,PRIVATE,NEVER,NEVER,NO,FRIENDS_OF_FRIENDS,NEVER,RECENT,YES,YES,NO_ONE,NO,NO_ONE,YES,APP_OR_KEY,NEVER,YES,YES,RECENT,YES,YES,RECENT,YES,SOMETIMES,NEVER,NEVER,YES,NEVER,NO,YES,NEVER,RECENT,OLD,NO,SOMETIMES,NEVER,7.0,0.0,0.0,0.0,12.0,0.0,0.0,11.8,0.0,21.2,4,LOW
SYN-00180,Student,2026-07-12,FRIENDS,NOT_SURE,PRIVATE,NOT_SURE,NO,NO,NOT_SURE,NOT_SURE,NO,NO,NO,NO,NO,NEVER,OFTEN,NEVER,NEVER,NOT_SURE,PRIVATE,NOT_SURE,SOMETIMES,NOT_SURE,APPROVAL,NOT_SURE,RECENT,SOMETIMES,NOT_SURE,FRIENDS,NOT_SURE,NO_ONE,NOT_SURE,APP_OR_KEY,NOT_SURE,NOT_SURE,NO,OLD,NOT_SURE,SOMETIMES,OLD,SOMETIMES,YES,SOMETIMES,NOT_SURE,SOMETIMES,SOMETIMES,NO,SOMETIMES,SOMETIMES,NEVER,OLD,NOT_SURE,SOMETIMES,NOT_SURE,34.5,16.0,22.0,37.2,26.7,45.7,58.8,41.8,41.0,63.8,36,MODERATE
SYN-00181,Student,2025-12-07,FRIENDS,NOT_SURE,PRIVATE,NOT_SURE,NOT_SURE,NOT_SURE,NO,NO,NO,NOT_SURE,YES,NOT_SURE,YES,SOMETIMES,OFTEN,NOT_SURE,SOMETIMES,SOMETIMES,FRIENDS,SOMETIMES,SOMETIMES,NO,FRIENDS_OF_FRIENDS,SOMETIMES,OLD,SOMETIMES,NO,ANYONE,NO,NO_ONE,NO,NONE,SOMETIMES,YES,NO,OLD,NOT_SURE,YES,OLD,SOMETIMES,SOMETIMES,SOMETIMES,SOMETIMES,NOT_SURE,OFTEN,NO,NO,SOMETIMES,OLD,RECENT,YES,SOMETIMES,SOMETIMES,39.5,36.0,71.2,41.7,53.7,64.3,68.5,53.5,60.7,50.3,54,HIGH
SYN-00182,Job Seeker,2026-05-08,FRIENDS,NO,FRIENDS,NOT_SURE,YES,NOT_SURE,NO,NO,NO,NOT_SURE,NO,YES,NO,NEVER,NEVER,SOMETIMES,SOMETIMES,NOT_SURE,PRIVATE,SOMETIMES,SOMETIMES,YES,FRIENDS_OF_FRIENDS,SOMETIMES,OLD,NOT_SURE,NOT_SURE,FRIENDS,NOT_SURE,FRIENDS,YES,SMS,SOMETIMES,NOT_SURE,NO,OLD,NOT_SURE,SOMETIMES,NOT_SURE,SOMETIMES,YES,NOT_SURE,SOMETIMES,SOMETIMES,SOMETIMES,NO,SOMETIMES,SOMETIMES,OLD,RECENT,NOT_SURE,SOMETIMES,NOT_SURE,39.5,30.0,25.2,46.7,56.3,50.7,50.7,48.8,42.8,38.8,41,HIGH
SYN-00183,Student,2025-12-18,FRIENDS,YES,PUBLIC,NOT_SURE,NOT_SURE,NO,YES,NOT_SURE,NO,NOT_SURE,NOT_SURE,YES,NO,SOMETIMES,NOT_SURE,SOMETIMES,NOT_SURE,SOMETIMES,PRIVATE,NEVER,NEVER,YES,FRIENDS_OF_FRIENDS,NOT_SURE,OLD,SOMETIMES,NOT_SURE,FRIENDS,NO,FRIENDS,YES,SMS,SOMETIMES,NOT_SURE,NOT_SURE,OLD,NOT_SURE,YES,NOT_SURE,SOMETIMES,SOMETIMES,SOMETIMES,SOMETIMES,NOT_SURE,SOMETIMES,NO,YES,SOMETIMES,OLD,OLD,NOT_SURE,SOMETIMES,NOT_SURE,67.5,45.3,47.2,16.7,49.7,40.0,43.2,62.4,38.6,52.5,45,HIGH
SYN-00184,Job Seeker,2026-06-17,FRIENDS,NO,PRIVATE,NOT_SURE,NOT_SURE,NOT_SURE,NO,NOT_SURE,NO,NOT_SURE,NO,NOT_SURE,NO,NOT_SURE,SOMETIMES,SOMETIMES,SOMETIMES,NEVER,FRIENDS,OFTEN,NOT_SURE,NOT_SURE,APPROVAL,NOT_SURE,OLD,SOMETIMES,NOT_SURE,FRIENDS,NOT_SURE,FRIENDS,NO,NONE,SOMETIMES,NO,NOT_SURE,OLD,YES,NOT_SURE,NEVER,SOMETIMES,SOMETIMES,SOMETIMES,NOT_SURE,YES,SOMETIMES,NO,SOMETIMES,NOT_SURE,NEVER,OLD,NOT_SURE,SOMETIMES,SOMETIMES,27.5,34.0,40.8,60.6,37.7,50.7,71.5,69.4,33.1,65.2,47,HIGH
SYN-00185,Professional,2025-10-26,PUBLIC,YES,PUBLIC,NOT_SURE,YES,NOT_SURE,YES,NOT_SURE,YES,YES,YES,YES,YES,SOMETIMES,NOT_SURE,SOMETIMES,NOT_SURE,NOT_SURE,FRIENDS,OFTEN,OFTEN,YES,FRIENDS_OF_FRIENDS,SOMETIMES,NEVER,NO,NO,ANYONE,YES,ANYONE,NO,NONE,NOT_SURE,NOT_SURE,NOT_SURE,NEVER,NO,NO,NEVER,NOT_SURE,SOMETIMES,SOMETIMES,SOMETIMES,NO,SOMETIMES,NO,NOT_SURE,OFTEN,NOT_SURE,NEVER,NOT_SURE,NO,OFTEN,92.0,86.7,62.0,78.3,69.3,100.0,84.4,74.1,56.6,85.0,78,CRITICAL
SYN-00186,Educator,2026-05-03,PUBLIC,NOT_SURE,PUBLIC,NOT_SURE,NOT_SURE,YES,NOT_SURE,NOT_SURE,NOT_SURE,NOT_SURE,NOT_SURE,YES,NOT_SURE,SOMETIMES,OFTEN,NOT_SURE,SOMETIMES,SOMETIMES,PUBLIC,NOT_SURE,NOT_SURE,YES,FRIENDS_OF_FRIENDS,SOMETIMES,OLD,NO,NO,NO_ONE,YES,FRIENDS,NOT_SURE,SMS,NOT_SURE,NOT_SURE,NOT_SURE,NEVER,NO,NO,NEVER,NO,SOMETIMES,OFTEN,SOMETIMES,NO,SOMETIMES,NOT_SURE,NOT_SURE,SOMETIMES,OLD,NEVER,YES,NO,NOT_SURE,79.0,72.0,64.8,75.0,60.3,62.1,72.2,88.2,64.5,81.2,71,CRITICAL
SYN-00187,Professional,2026-08-27,PRIVATE,NO,PRIVATE,NO,NO,NO,NO,NO,NO,NO,NO,NO,NO,NEVER,SOMETIMES,NEVER,NEVER,NEVER,PRIVATE,NOT_SURE,NEVER,NO,FRIENDS_OF_FRIENDS,SOMETIMES,RECENT,YES,YES,NO_ONE,NO,NO_ONE,YES,APP_OR_KEY,NEVER,YES,YES,RECENT,YES,YES,OLD,YES,YES,NEVER,NEVER,YES,NEVER,NO,YES,NEVER,RECENT,RECENT,NOT_SURE,YES,NEVER,0.0,0.0,9.6,13.9,36.0,0.0,0.0,19.4,0.0,10.0,8,LOW
SYN-00188,Student,2025-12-31,PRIVATE,NOT_SURE,FRIENDS,NOT_SURE,NO,NOT_SURE,NOT_SURE,NOT_SURE,NO,NO,NO,NOT_SURE,NOT_SURE,SOMETIMES,NOT_SURE,SOMETIMES,NEVER,NEVER,FRIENDS,NOT_SURE,OFTEN,NO,FRIENDS_OF_FRIENDS,SOMETIMES,OLD,SOMETIMES,YES,FRIENDS,NO,ANYONE,NO,NONE,SOMETIMES,NOT_SURE,NOT_SURE,OLD,NOT_SURE,SOMETIMES,OLD,SOMETIMES,NOT_SURE,NEVER,SOMETIMES,SOMETIMES,SOMETIMES,NOT_SURE,SOMETIMES,SOMETIMES,OLD,OLD,NOT_SURE,NOT_SURE,NEVER,31.0,34.0,41.6,47.8,53.7,24.3,75.1,47.6,54.8,48.0,47,HIGH
SYN-00189,Student,2025-10-18,FRIENDS,NO,FRIENDS,NOT_SURE,YES,NO,NO,NOT_SURE,NO,NOT_SURE,YES,NOT_SURE,NOT_SURE,NOT_SURE,NOT_SURE,SOMETIMES,NEVER,SOMETIMES,FRIENDS,SOMETIMES,SOMETIMES,NO,FRIENDS_OF_FRIENDS,SOMETIMES,OLD,SOMETIMES,NOT_SURE,ANYONE,NOT_SURE,ANYONE,NOT_SURE,SMS,SOMETIMES,NOT_SURE,NOT_SURE,OLD,NO,SOMETIMES,NEVER,SOMETIMES,NO,SOMETIMES,NEVER,SOMETIMES,OFTEN,NO,SOMETIMES,OFTEN,OLD,OLD,YES,NO,NOT_SURE,39.5,32.0,46.4,41.7,53.7,78.6,66.2,81.2,44.8,70.0,51,HIGH
SYN-00190,Professional,2026-06-27,PRIVATE,NOT_SURE,PRIVATE,NO,NOT_SURE,NO,NO,NO,NO,NO,NO,NO,NO,NEVER,NEVER,NEVER,NEVER,SOMETIMES,PRIVATE,NEVER,NEVER,NO,FRIENDS_OF_FRIENDS,NEVER,RECENT,YES,YES,FRIENDS,NO,FRIENDS,YES,APP_OR_KEY,NEVER,YES,YES,RECENT,YES,YES,RECENT,YES,YES,NEVER,NEVER,YES,NEVER,NO,YES,NEVER,RECENT,RECENT,NO,SOMETIMES,NEVER,17.0,0.0,7.2,0.0,12.0,15.0,0.0,0.0,0.0,7.5,5,LOW
SYN-00191,Job Seeker,2025-11-13,FRIENDS,NO,FRIENDS,NO,NO,NO,NO,NO,NO,NOT_SURE,NO,NO,NO,SOMETIMES,SOMETIMES,NEVER,NOT_SURE,NEVER,FRIENDS,SOMETIMES,NOT_SURE,NO,FRIENDS_OF_FRIENDS,NEVER,OLD,SOMETIMES,NOT_SURE,FRIENDS,NOT_SURE,FRIENDS,YES,SMS,NEVER,NOT_SURE,NOT_SURE,NEVER,NOT_SURE,SOMETIMES,OLD,SOMETIMES,YES,NOT_SURE,SOMETIMES,YES,NEVER,NO,SOMETIMES,SOMETIMES,NEVER,OLD,NOT_SURE,NO,OFTEN,17.5,8.0,32.0,39.4,29.7,50.7,39.4,40.0,23.4,78.8,31,MODERATE
SYN-00192,Professional,2026-09-04,FRIENDS,NO,FRIENDS,NOT_SURE,NOT_SURE,NO,NOT_SURE,NO,NO,NO,YES,YES,NO,SOMETIMES,NOT_SURE,NOT_SURE,NEVER,NOT_SURE,PRIVATE,NEVER,SOMETIMES,NOT_SURE,FRIENDS_OF_FRIENDS,NEVER,OLD,SOMETIMES,NO,ANYONE,NOT_SURE,ANYONE,YES,APP_OR_KEY,NEVER,NO,NOT_SURE,OLD,YES,SOMETIMES,NOT_SURE,SOMETIMES,YES,NEVER,NEVER,SOMETIMES,SOMETIMES,NO,YES,SOMETIMES,RECENT,OLD,NOT_SURE,SOMETIMES,SOMETIMES,34.5,28.0,36.4,23.3,29.7,89.3,24.9,40.0,25.5,40.3,33,MODERATE
SYN-00193,Student,2026-01-11,FRIENDS,NOT_SURE,FRIENDS,NOT_SURE,NOT_SURE,NO,NO,NOT_SURE,NO,NO,NO,NO,NO,NEVER,NEVER,NOT_SURE,SOMETIMES,NOT_SURE,PUBLIC,SOMETIMES,SOMETIMES,NOT_SURE,FRIENDS_OF_FRIENDS,NEVER,RECENT,SOMETIMES,NOT_SURE,FRIENDS,NOT_SURE,FRIENDS,NOT_SURE,SMS,NEVER,NOT_SURE,NO,OLD,NOT_SURE,SOMETIMES,OLD,YES,SOMETIMES,SOMETIMES,OFTEN,YES,NOT_SURE,NO,YES,SOMETIMES,OLD,OLD,NO,NO,NEVER,46.5,8.0,23.6,73.3,18.7,50.7,54.6,41.8,33.8,42.5,37,MODERATE
SYN-00194,Job Seeker,2026-09-15,FRIENDS,NO,FRIENDS,NOT_SURE,NO,NOT_SURE,NOT_SURE,NOT_SURE,NO,NO,YES,NOT_SURE,NOT_SURE,SOMETIMES,NEVER,SOMETIMES,NOT_SURE,NEVER,FRIENDS,NOT_SURE,SOMETIMES,NOT_SURE,FRIENDS_OF_FRIENDS,SOMETIMES,NOT_SURE,SOMETIMES,NOT_SURE,FRIENDS,NOT_SURE,FRIENDS,YES,APP_OR_KEY,NOT_SURE,NOT_SURE,NOT_SURE,NEVER,YES,YES,OLD,SOMETIMES,YES,SOMETIMES,SOMETIMES,SOMETIMES,SOMETIMES,NO,YES,NOT_SURE,OLD,NOT_SURE,NOT_SURE,NOT_SURE,SOMETIMES,29.5,44.0,41.6,48.9,58.7,50.7,31.7,41.8,34.8,63.2,43,HIGH
SYN-00195,Educator,2025-10-17,PUBLIC,YES,PUBLIC,NOT_SURE,NOT_SURE,NOT_SURE,YES,NOT_SURE,YES,YES,YES,YES,YES,SOMETIMES,OFTEN,SOMETIMES,OFTEN,OFTEN,PUBLIC,SOMETIMES,SOMETIMES,YES,FRIENDS_OF_FRIENDS,OFTEN,NEVER,SOMETIMES,NO,ANYONE,NOT_SURE,ANYONE,NOT_SURE,SMS,SOMETIMES,NO,NO,OLD,NO,SOMETIMES,NEVER,NO,SOMETIMES,NOT_SURE,SOMETIMES,SOMETIMES,OFTEN,NOT_SURE,NO,NEVER,NEVER,OLD,NOT_SURE,NO,SOMETIMES,87.0,86.7,84.0,80.0,78.7,89.3,72.1,79.4,63.8,72.8,79,CRITICAL
SYN-00196,Student,2026-07-17,FRIENDS,NOT_SURE,FRIENDS,NOT_SURE,YES,NO,NOT_SURE,NOT_SURE,NO,NOT_SURE,YES,NO,NOT_SURE,SOMETIMES,NEVER,NOT_SURE,SOMETIMES,SOMETIMES,FRIENDS,NOT_SURE,SOMETIMES,NO,EVERYONE,OFTEN,OLD,NOT_SURE,NOT_SURE,NO_ONE,NOT_SURE,FRIENDS,YES,SMS,NOT_SURE,NOT_SURE,NOT_SURE,OLD,NOT_SURE,SOMETIMES,OLD,SOMETIMES,SOMETIMES,NOT_SURE,OFTEN,SOMETIMES,NOT_SURE,NO,SOMETIMES,SOMETIMES,OLD,OLD,NOT_SURE,NOT_SURE,SOMETIMES,51.5,34.0,48.8,38.9,87.0,40.7,45.4,51.8,47.6,57.0,49,HIGH
SYN-00197,Professional,2026-07-17,FRIENDS,NO,FRIENDS,NOT_SURE,NO,NO,NOT_SURE,NO,NO,NOT_SURE,NO,NO,NO,SOMETIMES,NOT_SURE,NEVER,NEVER,NEVER,FRIENDS,NEVER,NOT_SURE,NOT_SURE,FRIENDS_OF_FRIENDS,NEVER,RECENT,YES,YES,NO_ONE,NO,NO_ONE,YES,APP_OR_KEY,NOT_SURE,YES,NOT_SURE,NOT_SURE,YES,SOMETIMES,RECENT,YES,SOMETIMES,NEVER,SOMETIMES,YES,NEVER,NO,NO,NOT_SURE,OLD,OLD,NOT_SURE,NOT_SURE,SOMETIMES,29.5,16.0,22.4,32.8,12.0,0.0,28.3,11.8,29.3,57.0,24,MODERATE
SYN-00198,SMB Owner,2026-06-16,FRIENDS,NO,FRIENDS,NOT_SURE,NOT_SURE,NO,NO,NO,NO,NOT_SURE,NOT_SURE,NO,NO,SOMETIMES,NEVER,NEVER,NEVER,NEVER,FRIENDS,NEVER,SOMETIMES,YES,FRIENDS_OF_FRIENDS,SOMETIMES,RECENT,SOMETIMES,NOT_SURE,FRIENDS,NO,NO_ONE,NOT_SURE,SMS,SOMETIMES,NOT_SURE,NO,NEVER,YES,YES,OLD,SOMETIMES,SOMETIMES,NEVER,SOMETIMES,SOMETIMES,SOMETIMES,NO,SOMETIMES,NEVER,OLD,OLD,NOT_SURE,SOMETIMES,SOMETIMES,34.5,14.0,14.4,41.7,42.7,35.0,58.1,42.9,36.6,54.0,35,MODERATE
SYN-00199,Educator,2026-05-25,FRIENDS,NO,FRIENDS,NOT_SURE,NOT_SURE,NOT_SURE,NOT_SURE,YES,NOT_SURE,NO,NOT_SURE,NO,YES,SOMETIMES,OFTEN,SOMETIMES,NOT_SURE,SOMETIMES,FRIENDS,SOMETIMES,OFTEN,NOT_SURE,FRIENDS_OF_FRIENDS,NOT_SURE,NOT_SURE,SOMETIMES,NOT_SURE,FRIENDS,YES,NO_ONE,NO,NONE,SOMETIMES,NO,YES,OLD,NOT_SURE,SOMETIMES,OLD,SOMETIMES,SOMETIMES,OFTEN,NOT_SURE,SOMETIMES,SOMETIMES,NO,SOMETIMES,SOMETIMES,NEVER,OLD,NOT_SURE,NO,SOMETIMES,34.5,51.3,71.2,60.6,54.7,56.4,69.9,60.6,41.0,72.8,57,HIGH
SYN-00200,Professional,2025-11-14,PRIVATE,NO,FRIENDS,NO,NOT_SURE,NO,NO,NOT_SURE,NO,NO,NO,NO,NO,NEVER,NEVER,NEVER,NOT_SURE,NEVER,FRIENDS,NEVER,NEVER,NO,APPROVAL,NEVER,RECENT,NOT_SURE,YES,NO_ONE,NO,NO_ONE,YES,SMS,SOMETIMES,YES,NOT_SURE,OLD,YES,YES,OLD,YES,YES,NEVER,NEVER,YES,SOMETIMES,NO,YES,NEVER,OLD,OLD,NOT_SURE,SOMETIMES,NEVER,12.0,8.0,8.0,11.7,9.3,0.0,29.6,19.4,12.4,45.0,15,LOW
SYN-00201,Educator,2025-10-01,PUBLIC,YES,PUBLIC,NOT_SURE,YES,YES,NO,NOT_SURE,NO,YES,NOT_SURE,NOT_SURE,YES,SOMETIMES,SOMETIMES,OFTEN,SOMETIMES,NOT_SURE,PUBLIC,SOMETIMES,SOMETIMES,YES,EVERYONE,OFTEN,NOT_SURE,NO,NO,ANYONE,YES,ANYONE,NO,NONE,NOT_SURE,NOT_SURE,NO,NEVER,NO,SOMETIMES,NEVER,SOMETIMES,NO,SOMETIMES,OFTEN,NO,SOMETIMES,NOT_SURE,NO,SOMETIMES,NEVER,OLD,YES,SOMETIMES,OFTEN,92.0,53.3,71.6,80.0,96.0,100.0,83.6,81.2,75.5,81.2,79,CRITICAL
SYN-00202,Student,2026-06-20,FRIENDS,NO,FRIENDS,NOT_SURE,NOT_SURE,NOT_SURE,YES,NOT_SURE,NO,NO,NOT_SURE,NOT_SURE,YES,SOMETIMES,OFTEN,SOMETIMES,SOMETIMES,SOMETIMES,FRIENDS,SOMETIMES,SOMETIMES,NOT_SURE,FRIENDS_OF_FRIENDS,SOMETIMES,OLD,SOMETIMES,NO,FRIENDS,NO,FRIENDS,NOT_SURE,SMS,NOT_SURE,NOT_SURE,NO,NEVER,NOT_SURE,SOMETIMES,NEVER,NO,SOMETIMES,SOMETIMES,SOMETIMES,SOMETIMES,SOMETIMES,NO,SOMETIMES,SOMETIMES,OLD,NOT_SURE,YES,NO,OFTEN,34.5,45.3,72.8,51.7,53.7,50.7,68.1,81.2,42.8,83.8,57,HIGH
SYN-00203,Job Seeker,2025-10-26,PUBLIC,YES,FRIENDS,YES,YES,YES,YES,YES,NOT_SURE,YES,YES,YES,NOT_SURE,NOT_SURE,OFTEN,SOMETIMES,NOT_SURE,NOT_SURE,PUBLIC,OFTEN,OFTEN,YES,EVERYONE,SOMETIMES,NEVER,NO,NOT_SURE,ANYONE,YES,ANYONE,NO,NONE,SOMETIMES,NO,NO,NOT_SURE,NOT_SURE,NOT_SURE,NEVER,NO,NOT_SURE,OFTEN,SOMETIMES,SOMETIMES,OFTEN,NOT_SURE,NOT_SURE,OFTEN,NOT_SURE,NEVER,YES,NO,OFTEN,87.0,92.0,61.2,100.0,84.0,89.3,84.7,92.9,70.0,95.0,84,CRITICAL
SYN-00204,Student,2025-10-30,PUBLIC,NOT_SURE,FRIENDS,NOT_SURE,NO,NOT_SURE,NOT_SURE,YES,NO,YES,NOT_SURE,NO,NOT_SURE,OFTEN,SOMETIMES,SOMETIMES,SOMETIMES,SOMETIMES,FRIENDS,OFTEN,NOT_SURE,NOT_SURE,FRIENDS_OF_FRIENDS,NOT_SURE,OLD,SOMETIMES,NOT_SURE,FRIENDS,YES,ANYONE,NO,NONE,SOMETIMES,NOT_SURE,NO,OLD,NO,SOMETIMES,OLD,SOMETIMES,NOT_SURE,SOMETIMES,NOT_SURE,SOMETIMES,SOMETIMES,NO,NOT_SURE,SOMETIMES,NEVER,NOT_SURE,YES,NO,SOMETIMES,61.0,52.7,69.6,60.6,49.7,70.7,81.8,58.2,43.8,89.0,63,HIGH
SYN-00205,Professional,2026-09-16,FRIENDS,NOT_SURE,FRIENDS,NOT_SURE,NO,NO,NOT_SURE,NO,NO,NOT_SURE,NOT_SURE,NOT_SURE,NO,SOMETIMES,SOMETIMES,SOMETIMES,NEVER,NOT_SURE,FRIENDS,SOMETIMES,NOT_SURE,NO,FRIENDS_OF_FRIENDS,SOMETIMES,OLD,NO,NOT_SURE,ANYONE,NOT_SURE,ANYONE,YES,SMS,NEVER,YES,NOT_SURE,OLD,NOT_SURE,SOMETIMES,OLD,SOMETIMES,YES,SOMETIMES,NOT_SURE,YES,NOT_SURE,NOT_SURE,NOT_SURE,SOMETIMES,OLD,OLD,NOT_SURE,NOT_SURE,NEVER,41.5,28.0,39.6,39.4,60.3,78.6,29.9,41.8,46.9,48.0,42,HIGH
SYN-00206,Student,2026-04-03,PUBLIC,YES,PUBLIC,YES,YES,NOT_SURE,YES,YES,YES,YES,YES,YES,YES,OFTEN,SOMETIMES,SOMETIMES,OFTEN,OFTEN,PUBLIC,OFTEN,OFTEN,YES,EVERYONE,OFTEN,NEVER,NO,NO,ANYONE,YES,ANYONE,NO,NONE,OFTEN,NO,NO,NEVER,NO,NO,NEVER,SOMETIMES,SOMETIMES,OFTEN,OFTEN,NO,OFTEN,NOT_SURE,NO,OFTEN,NOT_SURE,OLD,YES,NO,SOMETIMES,100.0,92.0,87.2,100.0,100.0,100.0,100.0,76.5,87.9,77.8,93,CRITICAL
SYN-00207,Professional,2026-04-23,FRIENDS,NOT_SURE,FRIENDS,NOT_SURE,NOT_SURE,NO,NOT_SURE,NOT_SURE,NO,NOT_SURE,NOT_SURE,NO,NOT_SURE,SOMETIMES,NEVER,NEVER,SOMETIMES,SOMETIMES,FRIENDS,OFTEN,NOT_SURE,NOT_SURE,FRIENDS_OF_FRIENDS,NEVER,OLD,SOMETIMES,YES,FRIENDS,NO,FRIENDS,YES,SMS,NEVER,NOT_SURE,NOT_SURE,OLD,YES,YES,NEVER,SOMETIMES,YES,SOMETIMES,NOT_SURE,SOMETIMES,NOT_SURE,NO,NOT_SURE,SOMETIMES,OLD,OLD,NOT_SURE,NOT_SURE,SOMETIMES,46.5,30.0,40.8,60.6,29.7,15.0,23.7,57.6,41.7,57.0,39,MODERATE
SYN-00208,SMB Owner,2025-10-20,PUBLIC,NOT_SURE,FRIENDS,NOT_SURE,NOT_SURE,NOT_SURE,NOT_SURE,NO,NOT_SURE,NOT_SURE,YES,NO,NOT_SURE,SOMETIMES,SOMETIMES,NEVER,SOMETIMES,SOMETIMES,PRIVATE,SOMETIMES,SOMETIMES,NO,FRIENDS_OF_FRIENDS,SOMETIMES,OLD,SOMETIMES,NOT_SURE,FRIENDS,NOT_SURE,FRIENDS,NOT_SURE,APP_OR_KEY,NOT_SURE,YES,NO,OLD,YES,NOT_SURE,OLD,SOMETIMES,SOMETIMES,NEVER,NEVER,SOMETIMES,NOT_SURE,NO,SOMETIMES,SOMETIMES,OLD,RECENT,YES,NOT_SURE,NEVER,66.0,50.0,50.4,30.0,53.7,50.7,46.8,42.9,30.3,44.2,47,HIGH
SYN-00209,Educator,2026-06-16,FRIENDS,NOT_SURE,PRIVATE,YES,NO,NO,NO,NOT_SURE,NO,NOT_SURE,NOT_SURE,NO,NOT_SURE,SOMETIMES,SOMETIMES,NOT_SURE,SOMETIMES,SOMETIMES,FRIENDS,NEVER,SOMETIMES,NO,APPROVAL,NOT_SURE,NOT_SURE,NOT_SURE,NOT_SURE,FRIENDS,NOT_SURE,FRIENDS,YES,SMS,NOT_SURE,NOT_SURE,NO,NEVER,NOT_SURE,SOMETIMES,OLD,NOT_SURE,SOMETIMES,NOT_SURE,SOMETIMES,SOMETIMES,NOT_SURE,NO,NOT_SURE,SOMETIMES,OLD,OLD,YES,SOMETIMES,SOMETIMES,42.5,22.0,58.4,25.0,45.3,50.7,52.5,56.5,43.4,64.0,44,HIGH
SYN-00210,Job Seeker,2026-02-09,FRIENDS,NOT_SURE,PUBLIC,NOT_SURE,NOT_SURE,YES,NO,YES,NOT_SURE,YES,NOT_SURE,YES,NOT_SURE,SOMETIMES,SOMETIMES,SOMETIMES,OFTEN,SOMETIMES,PUBLIC,SOMETIMES,OFTEN,NOT_SURE,FRIENDS_OF_FRIENDS,SOMETIMES,OLD,SOMETIMES,NO,FRIENDS,YES,ANYONE,NOT_SURE,APP_OR_KEY,NOT_SURE,NOT_SURE,YES,NOT_SURE,NO,NOT_SURE,NEVER,SOMETIMES,SOMETIMES,SOMETIMES,NOT_SURE,SOMETIMES,SOMETIMES,NO,NOT_SURE,SOMETIMES,NEVER,NEVER,YES,NOT_SURE,SOMETIMES,59.5,74.7,66.4,82.2,53.7,81.4,54.7,69.4,43.8,89.5,65,HIGH
SYN-00211,SMB Owner,2026-01-20,FRIENDS,NOT_SURE,PUBLIC,NOT_SURE,NOT_SURE,YES,NOT_SURE,NOT_SURE,YES,YES,YES,YES,NO,SOMETIMES,NOT_SURE,SOMETIMES,SOMETIMES,OFTEN,PUBLIC,SOMETIMES,OFTEN,YES,FRIENDS_OF_FRIENDS,SOMETIMES,NEVER,NO,NO,FRIENDS,NOT_SURE,ANYONE,YES,NOT_SURE,SOMETIMES,NOT_SURE,NO,NOT_SURE,YES,NO,NEVER,NOT_SURE,SOMETIMES,SOMETIMES,OFTEN,SOMETIMES,SOMETIMES,NO,NO,NOT_SURE,NEVER,NEVER,YES,NO,SOMETIMES,59.5,89.3,53.6,88.9,69.3,70.7,51.4,74.1,55.5,94.0,68,HIGH
SYN-00212,SMB Owner,2025-11-07,FRIENDS,NO,PUBLIC,NOT_SURE,NO,NO,NOT_SURE,NOT_SURE,NO,NOT_SURE,NOT_SURE,NO,NOT_SURE,SOMETIMES,SOMETIMES,NEVER,SOMETIMES,NEVER,FRIENDS,NOT_SURE,SOMETIMES,NOT_SURE,FRIENDS_OF_FRIENDS,NEVER,NOT_SURE,NOT_SURE,NOT_SURE,FRIENDS,YES,ANYONE,NO,NONE,NOT_SURE,NOT_SURE,NO,NOT_SURE,YES,SOMETIMES,OLD,SOMETIMES,SOMETIMES,OFTEN,SOMETIMES,SOMETIMES,SOMETIMES,NOT_SURE,SOMETIMES,NOT_SURE,OLD,OLD,YES,NOT_SURE,SOMETIMES,42.5,30.0,43.2,48.9,37.3,70.7,70.8,60.6,53.8,67.0,50,HIGH
SYN-00213,Student,2026-07-23,FRIENDS,NO,FRIENDS,NO,NO,NO,NO,NOT_SURE,NOT_SURE,NO,NO,NO,NO,NEVER,NEVER,NEVER,SOMETIMES,NOT_SURE,PRIVATE,NEVER,NOT_SURE,NO,FRIENDS_OF_FRIENDS,NEVER,OLD,SOMETIMES,NOT_SURE,FRIENDS,NO,NO_ONE,NOT_SURE,APP_OR_KEY,NOT_SURE,YES,YES,OLD,YES,YES,OLD,YES,SOMETIMES,NEVER,NEVER,SOMETIMES,SOMETIMES,NO,YES,NEVER,NOT_SURE,NOT_SURE,NOT_SURE,SOMETIMES,NEVER,17.5,20.0,15.6,11.1,29.7,35.0,29.9,31.2,19.3,57.5,24,MODERATE
SYN-00214,Educator,2026-08-29,PRIVATE,YES,FRIENDS,NO,NO,NO,NO,NO,NO,NO,NO,NO,NO,NEVER,NEVER,NEVER,NEVER,NEVER,PRIVATE,NEVER,NEVER,NO,FRIENDS_OF_FRIENDS,NEVER,RECENT,YES,YES,NO_ONE,NO,NO_ONE,YES,APP_OR_KEY,NEVER,YES,NO,OLD,YES,YES,OLD,YES,YES,NEVER,SOMETIMES,SOMETIMES,NEVER,NO,YES,NEVER,RECENT,RECENT,NO,NOT_SURE,NEVER,27.0,0.0,0.0,0.0,12.0,0.0,15.7,19.4,17.2,10.5,9,LOW
SYN-00215,Student,2026-04-15,FRIENDS,NOT_SURE,FRIENDS,NOT_SURE,NOT_SURE,NOT_SURE,NO,NOT_SURE,NO,NO,NO,NO,NOT_SURE,NEVER,SOMETIMES,SOMETIMES,NEVER,SOMETIMES,FRIENDS,SOMETIMES,NOT_SURE,NOT_SURE,FRIENDS_OF_FRIENDS,SOMETIMES,OLD,YES,NOT_SURE,NO_ONE,NO,FRIENDS,NOT_SURE,SMS,SOMETIMES,YES,NOT_SURE,OLD,YES,YES,OLD,SOMETIMES,YES,SOMETIMES,NEVER,SOMETIMES,NEVER,NO,SOMETIMES,NOT_SURE,NOT_SURE,OLD,NOT_SURE,SOMETIMES,SOMETIMES,46.5,20.0,36.0,49.4,47.0,30.0,45.1,41.8,19.0,60.2,38,MODERATE
SYN-00216,Job Seeker,2025-12-18,PUBLIC,NOT_SURE,PUBLIC,NOT_SURE,NOT_SURE,NOT_SURE,YES,NOT_SURE,NOT_SURE,YES,NOT_SURE,YES,YES,SOMETIMES,OFTEN,SOMETIMES,SOMETIMES,OFTEN,PUBLIC,SOMETIMES,SOMETIMES,YES,FRIENDS_OF_FRIENDS,OFTEN,OLD,NOT_SURE,NO,FRIENDS,NOT_SURE,FRIENDS,NO,NONE,SOMETIMES,NO,NO,NOT_SURE,NOT_SURE,NO,OLD,SOMETIMES,NO,OFTEN,SOMETIMES,SOMETIMES,SOMETIMES,NOT_SURE,SOMETIMES,SOMETIMES,NEVER,NOT_SURE,YES,SOMETIMES,SOMETIMES,79.0,74.7,77.6,80.0,72.3,61.4,87.2,72.4,54.8,81.5,75,CRITICAL
SYN-00217,Professional,2026-08-02,FRIENDS,NO,FRIENDS,NO,NO,NO,NO,NO,NO,NO,NO,NOT_SURE,NO,NEVER,SOMETIMES,NEVER,OFTEN,NOT_SURE,FRIENDS,NEVER,NEVER,NO,APPROVAL,NOT_SURE,RECENT,SOMETIMES,YES,FRIENDS,NO,FRIENDS,YES,APP_OR_KEY,NEVER,YES,YES,NOT_SURE,YES,SOMETIMES,RECENT,SOMETIMES,YES,SOMETIMES,NOT_SURE,SOMETIMES,SOMETIMES,NO,YES,SOMETIMES,NEVER,NOT_SURE,NO,YES,NEVER,17.5,6.0,31.6,11.7,26.7,15.0,10.8,22.4,34.1,45.0,20,LOW
SYN-00218,Job Seeker,2026-05-24,PRIVATE,NO,FRIENDS,NO,NOT_SURE,NO,NO,NO,NO,NO,NO,NOT_SURE,NO,SOMETIMES,NEVER,SOMETIMES,NEVER,NEVER,PRIVATE,NEVER,NEVER,NO,APPROVAL,NEVER,RECENT,YES,YES,FRIENDS,NOT_SURE,NO_ONE,YES,APP_OR_KEY,SOMETIMES,YES,NOT_SURE,RECENT,YES,YES,OLD,YES,SOMETIMES,NEVER,NOT_SURE,YES,NEVER,NO,YES,NEVER,OLD,RECENT,NO,SOMETIMES,NEVER,12.0,6.0,24.0,0.0,0.0,20.7,19.4,31.2,8.6,21.2,13,LOW
SYN-00219,SMB Owner,2026-08-27,FRIENDS,NOT_SURE,PUBLIC,YES,NOT_SURE,NOT_SURE,NO,NOT_SURE,NO,NOT_SURE,YES,NOT_SURE,NOT_SURE,NOT_SURE,SOMETIMES,SOMETIMES,NOT_SURE,SOMETIMES,FRIENDS,SOMETIMES,SOMETIMES,NO,FRIENDS_OF_FRIENDS,SOMETIMES,OLD,SOMETIMES,NO,FRIENDS,NOT_SURE,ANYONE,NOT_SURE,SMS,SOMETIMES,NO,NO,NEVER,NOT_SURE,YES,NEVER,SOMETIMES,NOT_SURE,OFTEN,SOMETIMES,SOMETIMES,SOMETIMES,NOT_SURE,NO,SOMETIMES,OLD,NEVER,YES,SOMETIMES,SOMETIMES,67.5,44.0,56.0,41.7,53.7,70.7,68.3,81.2,61.7,75.2,59,HIGH
SYN-00220,Educator,2026-09-26,FRIENDS,NO,PRIVATE,NO,NOT_SURE,NO,NO,NO,NO,NO,NO,NO,NO,SOMETIMES,NEVER,NEVER,NEVER,NEVER,FRIENDS,NEVER,SOMETIMES,NO,APPROVAL,NEVER,RECENT,YES,YES,NO_ONE,NO,NO_ONE,YES,APP_OR_KEY,NEVER,YES,YES,RECENT,YES,YES,RECENT,YES,YES,NEVER,NEVER,SOMETIMES,NEVER,NO,SOMETIMES,NEVER,RECENT,RECENT,NO,SOMETIMES,NEVER,15.5,0.0,14.4,25.0,0.0,0.0,0.0,0.0,13.8,7.5,8,LOW
SYN-00221,Student,2026-02-02,FRIENDS,NOT_SURE,FRIENDS,NOT_SURE,YES,NO,NOT_SURE,NOT_SURE,NO,YES,NOT_SURE,NOT_SURE,YES,SOMETIMES,NOT_SURE,SOMETIMES,SOMETIMES,NOT_SURE,PUBLIC,SOMETIMES,SOMETIMES,NOT_SURE,FRIENDS_OF_FRIENDS,SOMETIMES,OLD,SOMETIMES,YES,FRIENDS,NOT_SURE,ANYONE,YES,NOT_SURE,NOT_SURE,NOT_SURE,NOT_SURE,NEVER,NO,NOT_SURE,OLD,SOMETIMES,NO,OFTEN,SOMETIMES,SOMETIMES,NOT_SURE,NOT_SURE,NOT_SURE,SOMETIMES,NOT_SURE,NEVER,NOT_SURE,SOMETIMES,NOT_SURE,51.5,41.3,63.6,73.3,53.7,35.0,56.4,72.4,55.5,70.0,56,HIGH
SYN-00222,Job Seeker,2025-12-18,PRIVATE,NO,PRIVATE,NO,NO,NO,NO,NO,NO,NO,NO,NO,NO,NEVER,NEVER,NEVER,NEVER,NEVER,PRIVATE,NOT_SURE,NEVER,NO,FRIENDS_OF_FRIENDS,NEVER,RECENT,SOMETIMES,YES,FRIENDS,NO,NO_ONE,YES,APP_OR_KEY,NEVER,YES,NOT_SURE,OLD,YES,SOMETIMES,RECENT,YES,SOMETIMES,NOT_SURE,NEVER,YES,NEVER,NO,YES,NEVER,OLD,OLD,NOT_SURE,SOMETIMES,NEVER,0.0,0.0,0.0,13.9,18.7,10.0,16.5,20.6,0.0,45.0,10,LOW
SYN-00223,Student,2026-09-07,PRIVATE,NO,PRIVATE,NO,NO,NO,NO,NOT_SURE,NO,NO,NO,NO,NO,NEVER,NOT_SURE,NEVER,NEVER,NEVER,PRIVATE,NEVER,NEVER,NO,APPROVAL,SOMETIMES,RECENT,YES,NOT_SURE,NO_ONE,NO,NO_ONE,YES,SMS,NEVER,YES,YES,RECENT,YES,YES,OLD,SOMETIMES,YES,NEVER,NEVER,YES,NEVER,NO,YES,NEVER,OLD,RECENT,NO,SOMETIMES,NEVER,0.0,8.0,8.0,0.0,24.0,25.0,5.6,31.2,0.0,21.2,10,LOW
SYN-00224,SMB Owner,2026-07-27,FRIENDS,NOT_SURE,FRIENDS,NOT_SURE,NOT_SURE,NO,YES,YES,NOT_SURE,NO,NOT_SURE,NOT_SURE,YES,SOMETIMES,SOMETIMES,SOMETIMES,SOMETIMES,SOMETIMES,FRIENDS,SOMETIMES,NOT_SURE,NOT_SURE,APPROVAL,SOMETIMES,OLD,NO,NOT_SURE,FRIENDS,NOT_SURE,FRIENDS,NOT_SURE,APP_OR_KEY,SOMETIMES,NOT_SURE,NO,NEVER,NOT_SURE,NO,NOT_SURE,SOMETIMES,SOMETIMES,SOMETIMES,OFTEN,NOT_SURE,SOMETIMES,NOT_SURE,SOMETIMES,OFTEN,NEVER,OLD,YES,NO,SOMETIMES,46.5,50.7,66.4,49.4,48.3,50.7,68.6,62.4,68.6,82.8,59,HIGH
SYN-00225,Professional,2026-08-10,PRIVATE,NOT_SURE,FRIENDS,YES,NOT_SURE,NO,NOT_SURE,NO,NO,NOT_SURE,NOT_SURE,NO,NOT_SURE,NEVER,NOT_SURE,NOT_SURE,SOMETIMES,NEVER,FRIENDS,SOMETIMES,SOMETIMES,NO,FRIENDS_OF_FRIENDS,SOMETIMES,OLD,YES,NOT_SURE,FRIENDS,NOT_SURE,FRIENDS,NOT_SURE,SMS,SOMETIMES,NOT_SURE,NOT_SURE,OLD,NO,NOT_SURE,OLD,SOMETIMES,NOT_SURE,SOMETIMES,SOMETIMES,SOMETIMES,SOMETIMES,NOT_SURE,YES,NEVER,OLD,OLD,YES,SOMETIMES,SOMETIMES,44.0,22.0,35.2,41.7,47.0,50.7,67.9,58.2,41.7,64.0,45,HIGH
SYN-00226,Job Seeker,2026-02-12,PUBLIC,NOT_SURE,PRIVATE,NOT_SURE,YES,YES,NOT_SURE,NOT_SURE,NOT_SURE,NOT_SURE,NOT_SURE,NO,NOT_SURE,SOMETIMES,OFTEN,NOT_SURE,NOT_SURE,OFTEN,FRIENDS,SOMETIMES,NOT_SURE,YES,EVERYONE,SOMETIMES,OLD,NOT_SURE,NO,FRIENDS,YES,ANYONE,NO,NONE,SOMETIMES,NO,NO,NEVER,NOT_SURE,NO,NEVER,NOT_SURE,NOT_SURE,NOT_SURE,OFTEN,NO,SOMETIMES,NOT_SURE,NO,SOMETIMES,NEVER,NOT_SURE,YES,SOMETIMES,SOMETIMES,64.0,62.0,68.0,56.1,71.0,81.4,88.9,77.1,75.5,81.5,71,CRITICAL
SYN-00227,Job Seeker,2026-02-24,FRIENDS,NOT_SURE,FRIENDS,NOT_SURE,NOT_SURE,NO,NOT_SURE,NOT_SURE,NO,NOT_SURE,NO,NOT_SURE,NOT_SURE,NOT_SURE,NOT_SURE,SOMETIMES,NOT_SURE,SOMETIMES,FRIENDS,SOMETIMES,SOMETIMES,NOT_SURE,FRIENDS_OF_FRIENDS,NEVER,RECENT,SOMETIMES,NOT_SURE,FRIENDS,NOT_SURE,FRIENDS,NOT_SURE,SMS,NEVER,NOT_SURE,NOT_SURE,NEVER,YES,SOMETIMES,OLD,SOMETIMES,YES,NEVER,SOMETIMES,SOMETIMES,SOMETIMES,NO,SOMETIMES,NOT_SURE,OLD,OLD,NOT_SURE,SOMETIMES,SOMETIMES,46.5,30.0,54.4,51.7,18.7,50.7,47.2,31.2,41.7,54.0,42,HIGH
SYN-00228,Professional,2026-02-19,FRIENDS,NOT_SURE,FRIENDS,NOT_SURE,NOT_SURE,YES,NOT_SURE,NOT_SURE,NOT_SURE,NOT_SURE,YES,YES,YES,SOMETIMES,SOMETIMES,SOMETIMES,SOMETIMES,NOT_SURE,FRIENDS,SOMETIMES,SOMETIMES,NOT_SURE,EVERYONE,SOMETIMES,OLD,SOMETIMES,NO,ANYONE,NOT_SURE,FRIENDS,NOT_SURE,NOT_SURE,SOMETIMES,NOT_SURE,NOT_SURE,OLD,NOT_SURE,SOMETIMES,NEVER,SOMETIMES,SOMETIMES,SOMETIMES,SOMETIMES,NOT_SURE,SOMETIMES,NO,YES,OFTEN,OLD,NOT_SURE,NOT_SURE,NOT_SURE,SOMETIMES,46.5,76.0,65.2,51.7,68.3,80.0,65.1,69.4,42.8,63.2,63,HIGH
SYN-00229,SMB Owner,2026-04-06,FRIENDS,NOT_SURE,PRIVATE,NOT_SURE,NOT_SURE,NOT_SURE,NO,NOT_SURE,NO,YES,NOT_SURE,YES,NOT_SURE,SOMETIMES,SOMETIMES,SOMETIMES,NEVER,OFTEN,FRIENDS,NOT_SURE,NOT_SURE,NOT_SURE,FRIENDS_OF_FRIENDS,SOMETIMES,NOT_SURE,SOMETIMES,NO,ANYONE,NOT_SURE,FRIENDS,NOT_SURE,NOT_SURE,SOMETIMES,NO,NO,NOT_SURE,NO,SOMETIMES,NOT_SURE,SOMETIMES,SOMETIMES,OFTEN,OFTEN,NOT_SURE,SOMETIMES,NOT_SURE,SOMETIMES,NEVER,NEVER,OLD,YES,SOMETIMES,SOMETIMES,39.5,49.3,55.2,46.7,58.7,80.0,76.4,69.4,58.3,75.2,59,HIGH
SYN-00230,Educator,2026-07-13,FRIENDS,NOT_SURE,FRIENDS,NOT_SURE,YES,NOT_SURE,YES,YES,NO,NOT_SURE,NOT_SURE,YES,YES,OFTEN,SOMETIMES,SOMETIMES,NOT_SURE,SOMETIMES,PUBLIC,NEVER,SOMETIMES,NOT_SURE,FRIENDS_OF_FRIENDS,SOMETIMES,NOT_SURE,SOMETIMES,NOT_SURE,ANYONE,NOT_SURE,ANYONE,NO,NONE,SOMETIMES,NO,NO,NOT_SURE,NOT_SURE,SOMETIMES,OLD,SOMETIMES,NOT_SURE,OFTEN,SOMETIMES,SOMETIMES,SOMETIMES,NOT_SURE,SOMETIMES,SOMETIMES,OLD,OLD,YES,NO,SOMETIMES,51.5,62.7,74.4,56.7,58.7,78.6,83.1,65.3,54.8,71.5,66,HIGH
SYN-00231,Student,2026-05-07,PUBLIC,NOT_SURE,PUBLIC,YES,YES,YES,NOT_SURE,NOT_SURE,NOT_SURE,YES,YES,YES,YES,OFTEN,OFTEN,OFTEN,OFTEN,OFTEN,PUBLIC,OFTEN,OFTEN,YES,EVERYONE,OFTEN,OLD,NOT_SURE,NOT_SURE,ANYONE,YES,ANYONE,NO,NONE,OFTEN,NO,NO,NEVER,NO,SOMETIMES,NEVER,SOMETIMES,NO,OFTEN,NOT_SURE,NOT_SURE,NOT_SURE,NOT_SURE,SOMETIMES,SOMETIMES,NEVER,NEVER,YES,NO,OFTEN,92.0,81.3,100.0,100.0,87.0,89.3,95.8,88.2,53.8,100.0,89,CRITICAL
SYN-00232,Professional,2026-02-05,FRIENDS,NO,PRIVATE,NOT_SURE,NOT_SURE,NOT_SURE,NOT_SURE,NOT_SURE,NO,NOT_SURE,YES,NOT_SURE,NOT_SURE,SOMETIMES,NOT_SURE,SOMETIMES,SOMETIMES,NEVER,FRIENDS,SOMETIMES,NOT_SURE,NOT_SURE,FRIENDS_OF_FRIENDS,NOT_SURE,OLD,SOMETIMES,NOT_SURE,FRIENDS,NOT_SURE,ANYONE,YES,APP_OR_KEY,SOMETIMES,NOT_SURE,NOT_SURE,OLD,NOT_SURE,SOMETIMES,OLD,YES,SOMETIMES,SOMETIMES,NEVER,SOMETIMES,SOMETIMES,NOT_SURE,SOMETIMES,NEVER,OLD,NOT_SURE,YES,NOT_SURE,NEVER,27.5,52.0,51.2,49.4,49.7,60.0,41.8,41.8,38.3,64.2,47,HIGH
SYN-00233,Professional,2026-02-11,FRIENDS,NOT_SURE,FRIENDS,YES,NOT_SURE,NO,NO,NOT_SURE,NO,NOT_SURE,YES,NO,YES,SOMETIMES,NOT_SURE,SOMETIMES,SOMETIMES,SOMETIMES,FRIENDS,NOT_SURE,SOMETIMES,NOT_SURE,APPROVAL,SOMETIMES,RECENT,SOMETIMES,NOT_SURE,FRIENDS,NOT_SURE,FRIENDS,NO,NONE,SOMETIMES,NO,NOT_SURE,OLD,YES,SOMETIMES,OLD,SOMETIMES,SOMETIMES,NOT_SURE,SOMETIMES,NOT_SURE,SOMETIMES,NO,SOMETIMES,SOMETIMES,NEVER,OLD,NOT_SURE,SOMETIMES,NOT_SURE,54.5,26.0,64.8,48.9,30.7,50.7,69.9,51.8,45.5,63.8,50,HIGH
SYN-00234,Student,2026-03-20,PUBLIC,YES,PUBLIC,YES,YES,YES,YES,YES,NOT_SURE,YES,YES,YES,YES,OFTEN,OFTEN,OFTEN,SOMETIMES,NOT_SURE,PUBLIC,OFTEN,OFTEN,YES,EVERYONE,SOMETIMES,NEVER,NO,NO,ANYONE,YES,ANYONE,NOT_SURE,SMS,OFTEN,NO,NO,NEVER,NO,NO,NEVER,NO,NO,OFTEN,OFTEN,NO,OFTEN,YES,NO,OFTEN,NEVER,NEVER,YES,NO,OFTEN,100.0,92.0,87.6,100.0,84.0,100.0,87.8,100.0,100.0,100.0,94,CRITICAL
SYN-00235,Professional,2026-08-19,FRIENDS,NO,PRIVATE,NO,NO,NO,NO,NO,NO,NO,NO,NO,NO,SOMETIMES,SOMETIMES,NEVER,SOMETIMES,NEVER,PRIVATE,NEVER,NEVER,NO,APPROVAL,NEVER,RECENT,YES,YES,NO_ONE,NO,NO_ONE,YES,SMS,NEVER,YES,YES,RECENT,YES,SOMETIMES,OLD,YES,SOMETIMES,NEVER,SOMETIMES,SOMETIMES,NEVER,NO,SOMETIMES,NEVER,NOT_SURE,RECENT,NO,SOMETIMES,NEVER,10.5,0.0,33.6,0.0,0.0,0.0,9.7,31.2,24.1,27.5,13,LOW
SYN-00236,Job Seeker,2025-12-25,PRIVATE,NOT_SURE,FRIENDS,NO,NO,NOT_SURE,NO,NOT_SURE,NO,NOT_SURE,NOT_SURE,NOT_SURE,NOT_SURE,SOMETIMES,OFTEN,OFTEN,SOMETIMES,SOMETIMES,PUBLIC,SOMETIMES,OFTEN,NOT_SURE,FRIENDS_OF_FRIENDS,SOMETIMES,OLD,SOMETIMES,NOT_SURE,FRIENDS,NOT_SURE,FRIENDS,YES,NOT_SURE,NOT_SURE,NO,NOT_SURE,OLD,NOT_SURE,SOMETIMES,OLD,YES,NOT_SURE,SOMETIMES,SOMETIMES,SOMETIMES,SOMETIMES,NO,SOMETIMES,SOMETIMES,NOT_SURE,OLD,NOT_SURE,NO,NOT_SURE,19.0,40.0,72.8,82.2,53.7,50.7,50.1,46.5,42.8,66.2,52,HIGH
SYN-00237,Educator,2026-05-26,FRIENDS,NO,FRIENDS,NOT_SURE,NO,NOT_SURE,NOT_SURE,NOT_SURE,NOT_SURE,NOT_SURE,YES,YES,NO,SOMETIMES,NOT_SURE,NOT_SURE,SOMETIMES,OFTEN,FRIENDS,OFTEN,SOMETIMES,NOT_SURE,FRIENDS_OF_FRIENDS,NEVER,OLD,SOMETIMES,NO,ANYONE,NOT_SURE,FRIENDS,NOT_SURE,SMS,SOMETIMES,NOT_SURE,NOT_SURE,NEVER,NOT_SURE,SOMETIMES,OLD,SOMETIMES,SOMETIMES,SOMETIMES,SOMETIMES,SOMETIMES,SOMETIMES,NOT_SURE,NOT_SURE,NOT_SURE,OLD,RECENT,NOT_SURE,NOT_SURE,NOT_SURE,29.5,68.0,52.0,62.8,29.7,80.0,66.7,53.5,56.6,41.8,55,HIGH
SYN-00238,Student,2026-01-25,PUBLIC,YES,PUBLIC,NOT_SURE,NOT_SURE,NOT_SURE,YES,YES,NOT_SURE,YES,NOT_SURE,NOT_SURE,YES,SOMETIMES,OFTEN,NOT_SURE,SOMETIMES,SOMETIMES,PUBLIC,OFTEN,OFTEN,NOT_SURE,FRIENDS_OF_FRIENDS,SOMETIMES,OLD,NOT_SURE,NO,ANYONE,YES,ANYONE,NO,NONE,OFTEN,NO,NOT_SURE,NOT_SURE,NO,NO,NEVER,NO,SOMETIMES,NOT_SURE,NOT_SURE,SOMETIMES,SOMETIMES,NOT_SURE,NO,OFTEN,NEVER,NOT_SURE,YES,NO,NOT_SURE,87.0,76.0,71.2,93.3,56.3,100.0,95.0,79.4,64.1,87.5,80,CRITICAL
SYN-00239,Job Seeker,2025-11-11,FRIENDS,YES,FRIENDS,NOT_SURE,YES,NOT_SURE,NO,YES,NO,NOT_SURE,NOT_SURE,NOT_SURE,NOT_SURE,NOT_SURE,SOMETIMES,SOMETIMES,SOMETIMES,SOMETIMES,PUBLIC,NOT_SURE,SOMETIMES,NOT_SURE,FRIENDS_OF_FRIENDS,SOMETIMES,RECENT,SOMETIMES,NOT_SURE,ANYONE,YES,ANYONE,NOT_SURE,NOT_SURE,SOMETIMES,NO,NO,OLD,YES,SOMETIMES,NEVER,SOMETIMES,NO,SOMETIMES,NOT_SURE,SOMETIMES,SOMETIMES,NO,SOMETIMES,SOMETIMES,NOT_SURE,OLD,YES,SOMETIMES,NOT_SURE,59.5,45.3,57.6,70.6,42.7,89.3,63.2,81.2,41.0,68.8,58,HIGH
SYN-00240,Job Seeker,2026-05-11,PUBLIC,YES,PUBLIC,NOT_SURE,NOT_SURE,NOT_SURE,YES,YES,YES,YES,YES,NOT_SURE,YES,SOMETIMES,SOMETIMES,SOMETIMES,SOMETIMES,NOT_SURE,FRIENDS,SOMETIMES,SOMETIMES,YES,FRIENDS_OF_FRIENDS,SOMETIMES,OLD,SOMETIMES,NO,FRIENDS,NOT_SURE,ANYONE,YES,SMS,OFTEN,NO,NO,NEVER,NOT_SURE,NOT_SURE,NEVER,SOMETIMES,SOMETIMES,SOMETIMES,OFTEN,SOMETIMES,SOMETIMES,NOT_SURE,SOMETIMES,SOMETIMES,OLD,OLD,YES,NO,SOMETIMES,87.0,88.0,65.2,58.3,53.7,70.7,66.4,69.4,61.7,71.5,70,HIGH
SYN-00241,Student,2026-01-25,PUBLIC,YES,PUBLIC,NOT_SURE,YES,NOT_SURE,NOT_SURE,YES,NOT_SURE,YES,YES,YES,NOT_SURE,NOT_SURE,NOT_SURE,SOMETIMES,OFTEN,SOMETIMES,FRIENDS,OFTEN,OFTEN,NOT_SURE,FRIENDS_OF_FRIENDS,SOMETIMES,NOT_SURE,NO,NOT_SURE,FRIENDS,YES,ANYONE,NOT_SURE,SMS,NOT_SURE,NO,NO,NEVER,NO,NO,NOT_SURE,SOMETIMES,SOMETIMES,SOMETIMES,SOMETIMES,SOMETIMES,SOMETIMES,NOT_SURE,NOT_SURE,OFTEN,OLD,OLD,YES,NO,SOMETIMES,92.0,78.7,62.4,71.7,65.3,70.7,78.1,62.4,61.7,71.5,72,CRITICAL
SYN-00242,Job Seeker,2026-08-07,PRIVATE,NO,PRIVATE,NOT_SURE,NO,NO,NO,NO,NO,NO,NO,NOT_SURE,NOT_SURE,NEVER,NEVER,NEVER,NOT_SURE,SOMETIMES,PRIVATE,SOMETIMES,SOMETIMES,NO,APPROVAL,NOT_SURE,RECENT,YES,NOT_SURE,NO_ONE,NO,NO_ONE,YES,SMS,NEVER,YES,NOT_SURE,OLD,YES,YES,OLD,SOMETIMES,SOMETIMES,NEVER,NEVER,SOMETIMES,NOT_SURE,NO,YES,NEVER,OLD,OLD,NO,SOMETIMES,NEVER,12.0,6.0,24.8,30.0,20.0,25.0,17.9,42.9,17.2,35.0,20,LOW
SYN-00243,SMB Owner,2025-12-19,FRIENDS,NOT_SURE,FRIENDS,NOT_SURE,NO,NO,NO,NO,NO,NO,NO,NO,NO,SOMETIMES,SOMETIMES,SOMETIMES,SOMETIMES,SOMETIMES,FRIENDS,SOMETIMES,SOMETIMES,NOT_SURE,FRIENDS_OF_FRIENDS,SOMETIMES,OLD,YES,NOT_SURE,FRIENDS,NOT_SURE,NO_ONE,NOT_SURE,NOT_SURE,SOMETIMES,YES,NOT_SURE,OLD,NOT_SURE,SOMETIMES,OLD,SOMETIMES,YES,SOMETIMES,NOT_SURE,SOMETIMES,SOMETIMES,NO,SOMETIMES,NEVER,NOT_SURE,OLD,NO,SOMETIMES,NEVER,41.5,0.0,50.4,51.7,47.0,45.7,59.3,41.8,34.8,41.2,40,MODERATE
SYN-00244,Student,2025-11-14,PRIVATE,NO,FRIENDS,NO,NO,NO,NO,NO,NO,NO,NOT_SURE,NO,NO,NEVER,NEVER,NOT_SURE,NEVER,NEVER,PRIVATE,NEVER,NEVER,NO,APPROVAL,NEVER,RECENT,YES,YES,NO_ONE,NO,NO_ONE,YES,APP_OR_KEY,NEVER,YES,NO,RECENT,YES,YES,OLD,YES,YES,NEVER,NEVER,YES,NEVER,NO,YES,NEVER,OLD,RECENT,NO,SOMETIMES,NEVER,7.0,6.0,8.0,0.0,0.0,0.0,11.1,19.4,0.0,21.2,6,LOW
SYN-00245,Student,2026-01-03,FRIENDS,NOT_SURE,FRIENDS,YES,NOT_SURE,NO,NO,NOT_SURE,NO,NO,NOT_SURE,YES,NOT_SURE,SOMETIMES,SOMETIMES,SOMETIMES,NEVER,OFTEN,PUBLIC,SOMETIMES,SOMETIMES,NOT_SURE,FRIENDS_OF_FRIENDS,SOMETIMES,OLD,YES,NOT_SURE,FRIENDS,YES,FRIENDS,NOT_SURE,SMS,SOMETIMES,NOT_SURE,NO,OLD,YES,SOMETIMES,NEVER,SOMETIMES,SOMETIMES,SOMETIMES,SOMETIMES,SOMETIMES,NOT_SURE,NO,SOMETIMES,SOMETIMES,NEVER,NEVER,YES,YES,SOMETIMES,54.5,24.0,55.2,73.3,47.0,61.4,58.5,69.4,40.7,79.0,53,HIGH
SYN-00246,Educator,2026-08-29,FRIENDS,NO,PUBLIC,NO,NO,NOT_SURE,NO,NOT_SURE,NO,NOT_SURE,NOT_SURE,NOT_SURE,NOT_SURE,SOMETIMES,SOMETIMES,SOMETIMES,NEVER,NEVER,FRIENDS,SOMETIMES,SOMETIMES,NOT_SURE,APPROVAL,NEVER,NEVER,SOMETIMES,NOT_SURE,FRIENDS,NOT_SURE,NO_ONE,NOT_SURE,APP_OR_KEY,SOMETIMES,NOT_SURE,NO,NOT_SURE,NOT_SURE,YES,OLD,YES,SOMETIMES,NOT_SURE,SOMETIMES,NOT_SURE,SOMETIMES,NO,SOMETIMES,NOT_SURE,OLD,OLD,NOT_SURE,NOT_SURE,NOT_SURE,30.5,40.0,43.2,51.7,26.7,45.7,58.6,40.0,44.5,55.5,44,HIGH
SYN-00247,SMB Owner,2026-06-08,PUBLIC,YES,PUBLIC,YES,YES,NOT_SURE,YES,YES,YES,YES,NOT_SURE,YES,YES,SOMETIMES,OFTEN,SOMETIMES,OFTEN,NOT_SURE,PUBLIC,OFTEN,SOMETIMES,YES,FRIENDS_OF_FRIENDS,SOMETIMES,OLD,NOT_SURE,NO,FRIENDS,NOT_SURE,ANYONE,NO,NONE,SOMETIMES,NOT_SURE,NOT_SURE,NOT_SURE,YES,NOT_SURE,NEVER,SOMETIMES,NO,OFTEN,SOMETIMES,SOMETIMES,SOMETIMES,NOT_SURE,SOMETIMES,OFTEN,NEVER,NEVER,YES,NO,SOMETIMES,100.0,88.0,78.0,91.1,56.3,70.7,71.1,88.2,59.0,94.0,79,CRITICAL
SYN-00248,Professional,2026-09-15,FRIENDS,NO,PRIVATE,NOT_SURE,NO,NO,NOT_SURE,NOT_SURE,NO,NOT_SURE,NOT_SURE,NOT_SURE,NO,OFTEN,SOMETIMES,NEVER,NOT_SURE,NEVER,FRIENDS,OFTEN,SOMETIMES,NOT_SURE,FRIENDS_OF_FRIENDS,OFTEN,OLD,SOMETIMES,NO,FRIENDS,NOT_SURE,ANYONE,YES,SMS,SOMETIMES,NO,NO,OLD,NOT_SURE,SOMETIMES,OLD,SOMETIMES,SOMETIMES,SOMETIMES,NOT_SURE,SOMETIMES,SOMETIMES,NO,NOT_SURE,NOT_SURE,OLD,OLD,YES,NO,SOMETIMES,22.5,36.0,41.6,62.8,69.7,70.7,53.2,53.5,42.8,71.5,49,HIGH
SYN-00249,SMB Owner,2026-02-28,PRIVATE,NOT_SURE,FRIENDS,NO,NO,YES,NOT_SURE,NOT_SURE,NO,NOT_SURE,NO,NOT_SURE,NOT_SURE,SOMETIMES,NOT_SURE,SOMETIMES,NOT_SURE,SOMETIMES,PRIVATE,SOMETIMES,NOT_SURE,YES,EVERYONE,SOMETIMES,OLD,SOMETIMES,NO,FRIENDS,NOT_SURE,ANYONE,NOT_SURE,APP_OR_KEY,SOMETIMES,NO,NO,OLD,NO,SOMETIMES,NEVER,SOMETIMES,SOMETIMES,SOMETIMES,SOMETIMES,YES,SOMETIMES,NO,SOMETIMES,SOMETIMES,NEVER,OLD,YES,NO,NEVER,19.0,50.0,56.8,44.4,68.3,70.7,66.5,69.4,35.9,73.8,53,HIGH
SYN-00250,SMB Owner,2026-07-07,PRIVATE,NO,FRIENDS,NOT_SURE,NO,NO,NO,NO,NO,NO,NO,NO,NO,NEVER,NOT_SURE,NEVER,NEVER,NEVER,FRIENDS,NEVER,NEVER,NO,FRIENDS_OF_FRIENDS,NEVER,RECENT,YES,YES,FRIENDS,NO,NO_ONE,YES,APP_OR_KEY,SOMETIMES,YES,NOT_SURE,OLD,YES,YES,OLD,YES,YES,NEVER,NEVER,YES,NEVER,NO,NOT_SURE,NEVER,RECENT,NEVER,NO,YES,NEVER,19.0,0.0,8.0,11.7,12.0,10.0,24.0,19.4,9.7,25.0,13,LOW
SYN-00251,Student,2026-09-30,PUBLIC,NOT_SURE,PUBLIC,YES,NOT_SURE,NOT_SURE,NO,NO,NOT_SURE,NO,NOT_SURE,NOT_SURE,NOT_SURE,SOMETIMES,SOMETIMES,SOMETIMES,SOMETIMES,SOMETIMES,FRIENDS,NEVER,SOMETIMES,NOT_SURE,FRIENDS_OF_FRIENDS,NEVER,OLD,NO,NOT_SURE,FRIENDS,NO,FRIENDS,NO,NONE,SOMETIMES,YES,NO,OLD,YES,SOMETIMES,NOT_SURE,NOT_SURE,NOT_SURE,SOMETIMES,SOMETIMES,YES,NEVER,NO,SOMETIMES,NOT_SURE,NEVER,OLD,NOT_SURE,NO,NEVER,87.0,36.0,60.0,35.0,36.3,40.0,64.9,71.8,22.4,63.8,51,HIGH
SYN-00252,Job Seeker,2026-05-13,FRIENDS,NOT_SURE,PUBLIC,NOT_SURE,NOT_SURE,NO,NO,NOT_SURE,NOT_SURE,NOT_SURE,YES,NOT_SURE,NO,SOMETIMES,SOMETIMES,NEVER,SOMETIMES,NOT_SURE,FRIENDS,NOT_SURE,SOMETIMES,NOT_SURE,APPROVAL,SOMETIMES,OLD,SOMETIMES,NOT_SURE,FRIENDS,NOT_SURE,FRIENDS,NO,NONE,NOT_SURE,NO,NOT_SURE,OLD,NO,YES,NEVER,SOMETIMES,NOT_SURE,NOT_SURE,NOT_SURE,SOMETIMES,SOMETIMES,NO,SOMETIMES,SOMETIMES,NOT_SURE,OLD,YES,SOMETIMES,SOMETIMES,59.5,44.0,39.6,48.9,41.7,50.7,74.9,72.4,41.0,70.2,53,HIGH
SYN-00253,Student,2026-04-15,FRIENDS,NOT_SURE,FRIENDS,NOT_SURE,YES,YES,NOT_SURE,NOT_SURE,YES,YES,YES,YES,NOT_SURE,SOMETIMES,SOMETIMES,OFTEN,SOMETIMES,SOMETIMES,FRIENDS,OFTEN,OFTEN,NO,FRIENDS_OF_FRIENDS,SOMETIMES,OLD,NO,YES,ANYONE,YES,NO_ONE,NOT_SURE,SMS,SOMETIMES,NOT_SURE,NO,NOT_SURE,NOT_SURE,SOMETIMES,NOT_SURE,SOMETIMES,NO,SOMETIMES,SOMETIMES,SOMETIMES,SOMETIMES,NOT_SURE,SOMETIMES,SOMETIMES,OLD,OLD,YES,NO,SOMETIMES,51.5,89.3,66.4,61.7,60.3,50.0,68.3,74.1,54.8,71.5,66,HIGH
SYN-00254,Educator,2026-05-14,FRIENDS,NOT_SURE,FRIENDS,NO,YES,NOT_SURE,NOT_SURE,NO,NO,NOT_SURE,NOT_SURE,NOT_SURE,NOT_SURE,NOT_SURE,SOMETIMES,NOT_SURE,NEVER,SOMETIMES,FRIENDS,SOMETIMES,OFTEN,NOT_SURE,FRIENDS_OF_FRIENDS,NOT_SURE,OLD,SOMETIMES,NOT_SURE,FRIENDS,NOT_SURE,FRIENDS,YES,NOT_SURE,NOT_SURE,NOT_SURE,NO,OLD,NOT_SURE,NO,NEVER,YES,YES,NOT_SURE,SOMETIMES,SOMETIMES,NOT_SURE,NO,SOMETIMES,SOMETIMES,OLD,RECENT,YES,NOT_SURE,SOMETIMES,39.5,40.0,46.4,60.6,49.7,50.7,55.1,44.1,40.7,53.2,48,HIGH
SYN-00255,Educator,2026-03-30,FRIENDS,NO,FRIENDS,NO,NOT_SURE,NO,NO,NO,NOT_SURE,YES,NO,NOT_SURE,NOT_SURE,NOT_SURE,NOT_SURE,SOMETIMES,NOT_SURE,NEVER,FRIENDS,SOMETIMES,NOT_SURE,NO,FRIENDS_OF_FRIENDS,NEVER,OLD,NOT_SURE,YES,FRIENDS,NOT_SURE,NO_ONE,YES,SMS,SOMETIMES,NOT_SURE,YES,NEVER,YES,NOT_SURE,OLD,SOMETIMES,YES,SOMETIMES,SOMETIMES,SOMETIMES,SOMETIMES,NO,SOMETIMES,SOMETIMES,OLD,NEVER,YES,SOMETIMES,SOMETIMES,22.5,31.3,47.2,39.4,32.3,20.7,37.2,41.8,42.8,75.2,38,MODERATE
SYN-00256,Professional,2025-10-26,FRIENDS,NO,FRIENDS,NOT_SURE,NO,NO,NOT_SURE,NO,NO,NO,NO,NO,NOT_SURE,SOMETIMES,SOMETIMES,NOT_SURE,SOMETIMES,NOT_SURE,PUBLIC,SOMETIMES,NEVER,NOT_SURE,EVERYONE,NOT_SURE,OLD,SOMETIMES,YES,FRIENDS,NOT_SURE,FRIENDS,NO,NONE,SOMETIMES,NOT_SURE,NOT_SURE,OLD,YES,NO,OLD,YES,SOMETIMES,NOT_SURE,NEVER,YES,NOT_SURE,NO,SOMETIMES,SOMETIMES,OLD,OLD,NOT_SURE,NOT_SURE,SOMETIMES,29.5,8.0,57.2,60.0,64.3,25.7,71.5,40.0,23.4,57.0,44,HIGH
SYN-00257,Professional,2026-01-03,PRIVATE,NO,FRIENDS,NO,NOT_SURE,NOT_SURE,NOT_SURE,NO,NO,YES,NOT_SURE,NOT_SURE,NOT_SURE,SOMETIMES,NEVER,NOT_SURE,SOMETIMES,NEVER,FRIENDS,SOMETIMES,SOMETIMES,NO,APPROVAL,SOMETIMES,OLD,YES,NOT_SURE,FRIENDS,NO,FRIENDS,YES,SMS,NEVER,NOT_SURE,NO,NOT_SURE,NOT_SURE,SOMETIMES,OLD,SOMETIMES,YES,NEVER,SOMETIMES,SOMETIMES,NEVER,NO,SOMETIMES,NOT_SURE,OLD,NEVER,NOT_SURE,SOMETIMES,NEVER,12.0,45.3,41.6,41.7,35.0,40.0,41.1,31.2,29.3,56.2,37,MODERATE
SYN-00258,Professional,2025-12-18,FRIENDS,NO,PRIVATE,NO,NOT_SURE,NO,NO,NO,NO,NO,NO,NO,NO,NEVER,NOT_SURE,NOT_SURE,NEVER,SOMETIMES,PRIVATE,NEVER,NEVER,NO,FRIENDS_OF_FRIENDS,SOMETIMES,OLD,YES,NOT_SURE,NO_ONE,NOT_SURE,FRIENDS,YES,APP_OR_KEY,NEVER,YES,NOT_SURE,OLD,YES,SOMETIMES,OLD,YES,SOMETIMES,SOMETIMES,NEVER,SOMETIMES,NOT_SURE,NO,YES,NEVER,OLD,RECENT,NO,SOMETIMES,NEVER,15.5,0.0,23.2,0.0,47.0,40.7,16.5,41.8,17.2,21.2,19,LOW
SYN-00259,Student,2026-06-04,FRIENDS,NOT_SURE,PRIVATE,NO,NO,NO,NO,NOT_SURE,NOT_SURE,NO,NOT_SURE,NO,NOT_SURE,NEVER,NEVER,SOMETIMES,SOMETIMES,NEVER,PRIVATE,SOMETIMES,SOMETIMES,NO,FRIENDS_OF_FRIENDS,SOMETIMES,OLD,YES,NOT_SURE,FRIENDS,NOT_SURE,FRIENDS,YES,SMS,SOMETIMES,YES,NO,NOT_SURE,YES,SOMETIMES,NOT_SURE,NOT_SURE,SOMETIMES,NOT_SURE,SOMETIMES,NOT_SURE,SOMETIMES,NOT_SURE,NO,NEVER,OLD,OLD,NOT_SURE,SOMETIMES,SOMETIMES,22.5,26.0,28.8,30.0,47.0,50.7,39.2,65.3,58.3,54.0,38,MODERATE
SYN-00260,SMB Owner,2026-02-26,FRIENDS,YES,PUBLIC,NO,NOT_SURE,NOT_SURE,NOT_SURE,NOT_SURE,NOT_SURE,YES,NO,NOT_SURE,NOT_SURE,SOMETIMES,NOT_SURE,NOT_SURE,NOT_SURE,SOMETIMES,PUBLIC,SOMETIMES,SOMETIMES,YES,FRIENDS_OF_FRIENDS,SOMETIMES,OLD,SOMETIMES,NOT_SURE,FRIENDS,YES,ANYONE,YES,APP_OR_KEY,SOMETIMES,NO,NOT_SURE,NEVER,NO,SOMETIMES,NEVER,SOMETIMES,SOMETIMES,SOMETIMES,SOMETIMES,NOT_SURE,OFTEN,NO,SOMETIMES,SOMETIMES,NOT_SURE,OLD,NOT_SURE,NO,SOMETIMES,55.5,59.3,55.2,80.0,53.7,70.7,51.4,69.4,53.8,67.8,60,HIGH
SYN-00261,Job Seeker,2026-07-04,PRIVATE,NO,PRIVATE,NO,NO,NO,NO,NOT_SURE,NO,NOT_SURE,NO,NO,YES,SOMETIMES,SOMETIMES,NEVER,NEVER,NEVER,PRIVATE,NEVER,NEVER,NO,FRIENDS_OF_FRIENDS,NEVER,RECENT,YES,NOT_SURE,NO_ONE,NO,NO_ONE,YES,SMS,NEVER,NOT_SURE,YES,OLD,YES,SOMETIMES,RECENT,YES,YES,NOT_SURE,NOT_SURE,SOMETIMES,SOMETIMES,NO,YES,NEVER,RECENT,RECENT,NO,SOMETIMES,NOT_SURE,0.0,16.0,40.0,0.0,12.0,25.0,20.1,8.8,27.9,15.0,18,LOW
SYN-00262,Professional,2026-05-21,FRIENDS,NO,FRIENDS,NO,NOT_SURE,NO,NO,NOT_SURE,NO,NO,NO,NO,NOT_SURE,NOT_SURE,NEVER,NEVER,NOT_SURE,NEVER,FRIENDS,SOMETIMES,SOMETIMES,NOT_SURE,FRIENDS_OF_FRIENDS,NEVER,RECENT,SOMETIMES,YES,FRIENDS,YES,NO_ONE,YES,SMS,SOMETIMES,YES,YES,OLD,NOT_SURE,SOMETIMES,OLD,SOMETIMES,SOMETIMES,SOMETIMES,NEVER,SOMETIMES,NEVER,NO,SOMETIMES,NEVER,OLD,OLD,YES,NO,NEVER,22.5,8.0,29.6,51.7,18.7,31.4,33.8,53.5,13.8,62.5,29,MODERATE
SYN-00263,Professional,2026-05-19,PRIVATE,NO,FRIENDS,NO,NOT_SURE,NOT_SURE,NO,NO,NO,NO,NO,NOT_SURE,NO,NEVER,SOMETIMES,NOT_SURE,SOMETIMES,NEVER,PRIVATE,NOT_SURE,SOMETIMES,NO,FRIENDS_OF_FRIENDS,SOMETIMES,OLD,YES,YES,NO_ONE,NO,FRIENDS,YES,APP_OR_KEY,NEVER,YES,NO,OLD,YES,SOMETIMES,OLD,YES,SOMETIMES,NEVER,NEVER,SOMETIMES,NEVER,NO,SOMETIMES,SOMETIMES,OLD,RECENT,NOT_SURE,SOMETIMES,NOT_SURE,12.0,18.0,27.2,27.2,47.0,5.0,19.9,31.2,20.0,38.8,24,MODERATE
SYN-00264,Student,2026-04-25,FRIENDS,NOT_SURE,FRIENDS,NOT_SURE,NO,YES,YES,NO,NOT_SURE,NOT_SURE,NOT_SURE,YES,YES,SOMETIMES,OFTEN,OFTEN,NOT_SURE,NOT_SURE,FRIENDS,OFTEN,SOMETIMES,NOT_SURE,FRIENDS_OF_FRIENDS,OFTEN,NOT_SURE,SOMETIMES,NO,FRIENDS,NOT_SURE,ANYONE,NOT_SURE,SMS,OFTEN,NO,NO,NEVER,NOT_SURE,SOMETIMES,OLD,SOMETIMES,SOMETIMES,SOMETIMES,OFTEN,SOMETIMES,SOMETIMES,YES,NOT_SURE,SOMETIMES,NOT_SURE,NEVER,YES,NOT_SURE,OFTEN,41.5,69.3,76.4,62.8,74.7,70.7,80.3,53.5,76.6,90.5,70,HIGH
SYN-00265,Professional,2026-08-20,PRIVATE,NO,PRIVATE,NO,NO,NO,NO,NO,NO,NO,NO,NO,NO,SOMETIMES,NEVER,NEVER,SOMETIMES,NOT_SURE,FRIENDS,NEVER,NEVER,NO,FRIENDS_OF_FRIENDS,SOMETIMES,RECENT,YES,YES,NO_ONE,NO,FRIENDS,YES,APP_OR_KEY,NEVER,YES,YES,OLD,YES,YES,OLD,YES,SOMETIMES,NEVER,SOMETIMES,SOMETIMES,NEVER,NO,YES,NOT_SURE,OLD,RECENT,NOT_SURE,YES,NEVER,0.0,0.0,30.0,11.7,36.0,5.0,4.6,31.2,22.4,23.8,15,LOW
SYN-00266,Job Seeker,2026-07-13,FRIENDS,NO,PRIVATE,NO,NO,NOT_SURE,NO,NO,NO,NO,NO,NO,NO,NEVER,NEVER,NEVER,NEVER,NEVER,PRIVATE,NEVER,NEVER,NO,APPROVAL,NEVER,RECENT,YES,YES,NO_ONE,NO,NO_ONE,YES,APP_OR_KEY,NEVER,YES,NOT_SURE,OLD,YES,SOMETIMES,RECENT,YES,YES,NEVER,NEVER,YES,NEVER,NO,YES,NEVER,RECENT,RECENT,NO,SOMETIMES,NOT_SURE,10.5,12.0,0.0,0.0,0.0,0.0,16.5,0.0,0.0,15.0,6,LOW
SYN-00267,Professional,2026-09-10,FRIENDS,NO,PRIVATE,NO,NO,NO,NO,NO,NO,NO,NOT_SURE,NOT_SURE,NO,SOMETIMES,NEVER,NEVER,NOT_SURE,SOMETIMES,PRIVATE,NEVER,NEVER,NO,APPROVAL,SOMETIMES,RECENT,YES,YES,FRIENDS,NO,FRIENDS,YES,SMS,NEVER,YES,NOT_SURE,OLD,YES,YES,OLD,YES,YES,NOT_SURE,NEVER,YES,NEVER,NO,YES,NOT_SURE,RECENT,RECENT,NO,YES,SOMETIMES,10.5,12.0,29.6,0.0,24.0,15.0,17.9,28.2,5.2,9.0,16,LOW
SYN-00268,Student,2026-06-07,FRIENDS,NOT_SURE,PRIVATE,NO,NOT_SURE,NO,NOT_SURE,NO,NO,NO,NO,NO,NOT_SURE,SOMETIMES,NEVER,NEVER,NEVER,NOT_SURE,FRIENDS,NEVER,SOMETIMES,NO,FRIENDS_OF_FRIENDS,NEVER,OLD,SOMETIMES,NOT_SURE,NO_ONE,NOT_SURE,FRIENDS,YES,APP_OR_KEY,SOMETIMES,YES,YES,OLD,YES,SOMETIMES,RECENT,SOMETIMES,YES,SOMETIMES,NEVER,YES,NEVER,NO,SOMETIMES,NOT_SURE,NEVER,RECENT,NOT_SURE,SOMETIMES,NEVER,27.5,8.0,30.0,25.0,29.7,40.7,20.4,22.4,12.1,42.5,23,MODERATE
SYN-00269,Student,2026-05-02,FRIENDS,NOT_SURE,FRIENDS,NOT_SURE,NOT_SURE,NO,NO,NOT_SURE,NO,NO,NO,NO,NO,NEVER,NEVER,NOT_SURE,SOMETIMES,NEVER,PRIVATE,NEVER,NEVER,NO,APPROVAL,NEVER,NOT_SURE,YES,YES,FRIENDS,NO,FRIENDS,YES,SMS,SOMETIMES,NOT_SURE,NOT_SURE,OLD,YES,SOMETIMES,NOT_SURE,YES,YES,NOT_SURE,SOMETIMES,SOMETIMES,NEVER,NO,SOMETIMES,NEVER,NOT_SURE,OLD,NOT_SURE,SOMETIMES,NEVER,46.5,8.0,17.6,0.0,16.0,15.0,39.6,37.1,24.1,51.2,24,MODERATE
SYN-00270,Job Seeker,2025-12-29,FRIENDS,NOT_SURE,FRIENDS,YES,NOT_SURE,NOT_SURE,NO,NO,NOT_SURE,NO,NO,NOT_SURE,NOT_SURE,NOT_SURE,SOMETIMES,NOT_SURE,NOT_SURE,SOMETIMES,PUBLIC,SOMETIMES,NEVER,NO,FRIENDS_OF_FRIENDS,OFTEN,OLD,NOT_SURE,NO,FRIENDS,NOT_SURE,FRIENDS,YES,SMS,OFTEN,NOT_SURE,NOT_SURE,OLD,NOT_SURE,SOMETIMES,OLD,SOMETIMES,SOMETIMES,NEVER,SOMETIMES,SOMETIMES,NEVER,NO,SOMETIMES,SOMETIMES,NEVER,OLD,YES,NO,SOMETIMES,54.5,30.0,54.4,50.0,72.3,61.4,55.1,42.9,30.3,82.8,51,HIGH
SYN-00271,Job Seeker,2026-09-30,FRIENDS,NOT_SURE,PRIVATE,NO,NO,NOT_SURE,NOT_SURE,NO,NO,NO,NOT_SURE,NOT_SURE,NOT_SURE,NEVER,NEVER,NOT_SURE,SOMETIMES,SOMETIMES,FRIENDS,NEVER,SOMETIMES,NOT_SURE,FRIENDS_OF_FRIENDS,NEVER,RECENT,SOMETIMES,NO,NO_ONE,NO,FRIENDS,NOT_SURE,SMS,NOT_SURE,NOT_SURE,NO,OLD,YES,SOMETIMES,NEVER,SOMETIMES,SOMETIMES,NEVER,NOT_SURE,SOMETIMES,NEVER,NO,SOMETIMES,NEVER,OLD,OLD,NOT_SURE,YES,NEVER,22.5,32.0,34.4,35.0,18.7,40.7,56.5,58.8,22.4,37.5,35,MODERATE
SYN-00272,Student,2026-02-15,FRIENDS,YES,FRIENDS,NOT_SURE,NOT_SURE,NOT_SURE,NO,NOT_SURE,NO,NO,NOT_SURE,NOT_SURE,NOT_SURE,SOMETIMES,SOMETIMES,NOT_SURE,SOMETIMES,SOMETIMES,FRIENDS,SOMETIMES,SOMETIMES,NOT_SURE,FRIENDS_OF_FRIENDS,SOMETIMES,OLD,SOMETIMES,YES,FRIENDS,NOT_SURE,NO_ONE,NOT_SURE,NOT_SURE,NOT_SURE,NOT_SURE,NO,NOT_SURE,NOT_SURE,YES,NOT_SURE,NOT_SURE,YES,NOT_SURE,SOMETIMES,SOMETIMES,OFTEN,NO,NOT_SURE,SOMETIMES,NOT_SURE,NEVER,YES,SOMETIMES,SOMETIMES,54.5,32.0,58.4,51.7,53.7,20.7,64.4,53.5,53.8,81.5,52,HIGH
SYN-00273,Student,2026-01-08,PUBLIC,NOT_SURE,FRIENDS,YES,YES,NOT_SURE,NO,NOT_SURE,NO,YES,YES,YES,NOT_SURE,OFTEN,OFTEN,SOMETIMES,OFTEN,NOT_SURE,FRIENDS,OFTEN,SOMETIMES,YES,FRIENDS_OF_FRIENDS,SOMETIMES,NEVER,SOMETIMES,NOT_SURE,FRIENDS,YES,ANYONE,NOT_SURE,SMS,OFTEN,NO,NOT_SURE,NEVER,NO,SOMETIMES,NOT_SURE,SOMETIMES,SOMETIMES,OFTEN,NOT_SURE,SOMETIMES,SOMETIMES,NO,NOT_SURE,SOMETIMES,NOT_SURE,OLD,YES,NO,NOT_SURE,79.0,53.3,81.2,69.4,62.7,70.7,80.3,69.4,43.8,76.2,69,HIGH
SYN-00274,Educator,2026-09-09,FRIENDS,NOT_SURE,PUBLIC,YES,NOT_SURE,NOT_SURE,YES,NOT_SURE,NO,YES,NOT_SURE,NOT_SURE,NOT_SURE,NOT_SURE,SOMETIMES,SOMETIMES,SOMETIMES,SOMETIMES,FRIENDS,SOMETIMES,SOMETIMES,NOT_SURE,FRIENDS_OF_FRIENDS,NOT_SURE,OLD,SOMETIMES,NOT_SURE,NO_ONE,NOT_SURE,FRIENDS,NOT_SURE,SMS,SOMETIMES,NO,NOT_SURE,NEVER,NOT_SURE,NOT_SURE,OLD,SOMETIMES,SOMETIMES,SOMETIMES,SOMETIMES,NO,NOT_SURE,NO,NOT_SURE,NOT_SURE,OLD,OLD,YES,SOMETIMES,SOMETIMES,67.5,58.7,57.6,51.7,49.7,40.7,70.8,53.5,49.3,64.0,58,HIGH
SYN-00275,Student,2026-04-10,FRIENDS,NO,FRIENDS,YES,NOT_SURE,NO,NOT_SURE,YES,NO,NOT_SURE,YES,NOT_SURE,NO,SOMETIMES,SOMETIMES,NEVER,SOMETIMES,NOT_SURE,FRIENDS,SOMETIMES,NEVER,NOT_SURE,FRIENDS_OF_FRIENDS,SOMETIMES,OLD,YES,NOT_SURE,FRIENDS,NOT_SURE,FRIENDS,NOT_SURE,APP_OR_KEY,NEVER,YES,NOT_SURE,NEVER,NOT_SURE,SOMETIMES,OLD,SOMETIMES,SOMETIMES,SOMETIMES,NEVER,SOMETIMES,NOT_SURE,NO,SOMETIMES,NOT_SURE,NOT_SURE,OLD,NOT_SURE,NO,NOT_SURE,42.5,45.3,39.6,38.3,47.0,50.7,43.6,53.5,29.3,66.2,44,HIGH
SYN-00276,Student,2026-05-30,FRIENDS,NOT_SURE,FRIENDS,NO,NO,NOT_SURE,NOT_SURE,NO,NO,NOT_SURE,NOT_SURE,NOT_SURE,YES,SOMETIMES,SOMETIMES,SOMETIMES,NEVER,NEVER,FRIENDS,SOMETIMES,NOT_SURE,NOT_SURE,APPROVAL,NOT_SURE,OLD,YES,NOT_SURE,FRIENDS,NO,FRIENDS,NOT_SURE,SMS,NEVER,NOT_SURE,NO,RECENT,YES,SOMETIMES,OLD,YES,YES,NOT_SURE,SOMETIMES,SOMETIMES,NEVER,NO,YES,SOMETIMES,OLD,OLD,YES,SOMETIMES,SOMETIMES,29.5,40.0,49.6,49.4,31.0,40.0,42.2,28.2,23.4,64.0,40,MODERATE
SYN-00277,Student,2026-02-05,FRIENDS,NOT_SURE,PUBLIC,NOT_SURE,NO,NOT_SURE,NOT_SURE,YES,NOT_SURE,NOT_SURE,NOT_SURE,NO,NOT_SURE,SOMETIMES,NOT_SURE,SOMETIMES,OFTEN,NEVER,FRIENDS,SOMETIMES,NOT_SURE,YES,EVERYONE,NOT_SURE,RECENT,SOMETIMES,YES,FRIENDS,NO,FRIENDS,NOT_SURE,SMS,SOMETIMES,NO,NOT_SURE,NOT_SURE,NOT_SURE,NO,NOT_SURE,NOT_SURE,SOMETIMES,NOT_SURE,SOMETIMES,SOMETIMES,SOMETIMES,NOT_SURE,NOT_SURE,SOMETIMES,OLD,NOT_SURE,NOT_SURE,NO,SOMETIMES,54.5,59.3,57.6,56.1,53.3,15.0,71.7,65.3,57.6,67.8,58,HIGH
SYN-00278,Job Seeker,2026-06-24,FRIENDS,NO,PRIVATE,NO,NO,NO,NO,NO,NO,NO,NO,NO,NO,NEVER,NEVER,NEVER,NEVER,NEVER,FRIENDS,NEVER,SOMETIMES,NOT_SURE,APPROVAL,SOMETIMES,RECENT,YES,YES,NO_ONE,NO,NO_ONE,YES,APP_OR_KEY,NEVER,YES,YES,OLD,YES,YES,RECENT,YES,YES,NEVER,NEVER,YES,NEVER,NO,YES,NEVER,RECENT,OLD,NO,YES,NEVER,10.5,0.0,0.0,35.0,24.0,0.0,4.6,0.0,0.0,13.8,8,LOW
SYN-00279,Student,2026-08-17,FRIENDS,NO,PRIVATE,NOT_SURE,NO,NO,NO,NO,NO,NO,NO,NO,NOT_SURE,NEVER,NEVER,NEVER,NEVER,NOT_SURE,FRIENDS,NOT_SURE,SOMETIMES,NO,FRIENDS_OF_FRIENDS,NEVER,RECENT,SOMETIMES,NOT_SURE,FRIENDS,NO,FRIENDS,YES,APP_OR_KEY,NEVER,YES,YES,RECENT,YES,YES,OLD,SOMETIMES,SOMETIMES,SOMETIMES,NEVER,YES,NEVER,NO,SOMETIMES,SOMETIMES,OLD,RECENT,NO,SOMETIMES,NEVER,22.5,0.0,15.6,38.9,18.7,40.0,0.0,53.5,13.1,21.2,17,LOW
SYN-00280,SMB Owner,2026-07-06,FRIENDS,NOT_SURE,FRIENDS,YES,NO,NO,NOT_SURE,NOT_SURE,NOT_SURE,YES,YES,NOT_SURE,YES,SOMETIMES,SOMETIMES,NOT_SURE,SOMETIMES,SOMETIMES,FRIENDS,SOMETIMES,SOMETIMES,NOT_SURE,APPROVAL,OFTEN,NEVER,SOMETIMES,NOT_SURE,FRIENDS,YES,ANYONE,NOT_SURE,SMS,NEVER,NOT_SURE,NOT_SURE,NOT_SURE,NOT_SURE,NO,NOT_SURE,SOMETIMES,NOT_SURE,SOMETIMES,OFTEN,NOT_SURE,OFTEN,NO,SOMETIMES,SOMETIMES,OLD,NEVER,NOT_SURE,NO,SOMETIMES,49.5,57.3,64.8,51.7,66.7,70.7,57.5,67.1,60.7,72.8,60,HIGH
SYN-00281,Professional,2026-02-05,FRIENDS,NOT_SURE,FRIENDS,NOT_SURE,NOT_SURE,NO,NO,NO,NO,NOT_SURE,NOT_SURE,NOT_SURE,NOT_SURE,NEVER,NEVER,SOMETIMES,SOMETIMES,SOMETIMES,FRIENDS,SOMETIMES,SOMETIMES,NOT_SURE,APPROVAL,NOT_SURE,RECENT,NOT_SURE,YES,FRIENDS,NO,FRIENDS,YES,APP_OR_KEY,NEVER,YES,NOT_SURE,OLD,YES,SOMETIMES,OLD,YES,SOMETIMES,SOMETIMES,NEVER,SOMETIMES,NEVER,NO,SOMETIMES,SOMETIMES,OLD,OLD,NO,SOMETIMES,SOMETIMES,46.5,20.0,36.0,51.7,29.3,15.0,16.5,41.8,20.0,44.0,31,MODERATE
SYN-00282,Student,2026-03-26,FRIENDS,NOT_SURE,PUBLIC,NOT_SURE,NOT_SURE,NO,YES,NOT_SURE,NOT_SURE,NOT_SURE,NO,YES,NOT_SURE,NOT_SURE,OFTEN,SOMETIMES,NEVER,OFTEN,FRIENDS,OFTEN,SOMETIMES,NOT_SURE,EVERYONE,SOMETIMES,OLD,SOMETIMES,NO,FRIENDS,NOT_SURE,FRIENDS,NOT_SURE,SMS,SOMETIMES,NOT_SURE,NO,OLD,NOT_SURE,SOMETIMES,NEVER,NO,SOMETIMES,OFTEN,NOT_SURE,SOMETIMES,NEVER,NOT_SURE,SOMETIMES,SOMETIMES,NEVER,OLD,YES,NO,NEVER,59.5,51.3,59.2,62.8,68.3,61.4,66.2,88.2,40.7,73.8,61,HIGH
SYN-00283,Educator,2025-10-14,FRIENDS,NOT_SURE,FRIENDS,NOT_SURE,NOT_SURE,YES,NOT_SURE,NOT_SURE,NOT_SURE,NOT_SURE,NOT_SURE,NO,NO,SOMETIMES,SOMETIMES,NOT_SURE,SOMETIMES,SOMETIMES,FRIENDS,SOMETIMES,NOT_SURE,YES,FRIENDS_OF_FRIENDS,SOMETIMES,OLD,SOMETIMES,NOT_SURE,ANYONE,NOT_SURE,ANYONE,NOT_SURE,NOT_SURE,NOT_SURE,NOT_SURE,NO,OLD,NO,SOMETIMES,NOT_SURE,SOMETIMES,NOT_SURE,SOMETIMES,SOMETIMES,NOT_SURE,SOMETIMES,NO,NOT_SURE,SOMETIMES,OLD,OLD,YES,NOT_SURE,OFTEN,46.5,62.0,48.8,56.1,53.7,78.6,69.9,67.1,48.3,73.0,58,HIGH
SYN-00284,Job Seeker,2026-09-09,FRIENDS,NOT_SURE,FRIENDS,YES,YES,NO,NOT_SURE,NO,NOT_SURE,NOT_SURE,NOT_SURE,NO,NO,SOMETIMES,NOT_SURE,SOMETIMES,SOMETIMES,NOT_SURE,FRIENDS,OFTEN,SOMETIMES,YES,FRIENDS_OF_FRIENDS,OFTEN,OLD,SOMETIMES,NOT_SURE,ANYONE,NOT_SURE,FRIENDS,NOT_SURE,SMS,SOMETIMES,NOT_SURE,NOT_SURE,OLD,NOT_SURE,SOMETIMES,OLD,SOMETIMES,NOT_SURE,OFTEN,SOMETIMES,SOMETIMES,SOMETIMES,NOT_SURE,NOT_SURE,SOMETIMES,NOT_SURE,NEVER,NOT_SURE,NOT_SURE,OFTEN,59.5,34.0,47.6,69.4,69.7,69.3,62.9,65.3,57.6,80.5,58,HIGH
SYN-00285,Student,2026-04-06,FRIENDS,NOT_SURE,PUBLIC,NOT_SURE,YES,YES,NOT_SURE,NOT_SURE,NO,NOT_SURE,NOT_SURE,NOT_SURE,NOT_SURE,NOT_SURE,SOMETIMES,SOMETIMES,SOMETIMES,SOMETIMES,FRIENDS,SOMETIMES,SOMETIMES,NOT_SURE,FRIENDS_OF_FRIENDS,OFTEN,NOT_SURE,NO,NOT_SURE,ANYONE,YES,FRIENDS,NO,NONE,NOT_SURE,NO,NO,NEVER,NOT_SURE,SOMETIMES,NEVER,NO,SOMETIMES,SOMETIMES,SOMETIMES,SOMETIMES,SOMETIMES,NOT_SURE,SOMETIMES,SOMETIMES,NEVER,OLD,YES,NO,OFTEN,64.5,56.0,57.6,51.7,81.3,80.0,82.8,81.2,54.8,88.8,67,HIGH
SYN-00286,SMB Owner,2026-09-15,FRIENDS,NOT_SURE,FRIENDS,NO,NOT_SURE,NOT_SURE,NOT_SURE,YES,NOT_SURE,NO,NOT_SURE,NO,NOT_SURE,SOMETIMES,SOMETIMES,OFTEN,NOT_SURE,SOMETIMES,FRIENDS,OFTEN,SOMETIMES,NO,APPROVAL,OFTEN,RECENT,SOMETIMES,NO,ANYONE,YES,ANYONE,NO,NONE,SOMETIMES,NO,NO,OLD,NOT_SURE,SOMETIMES,NEVER,SOMETIMES,NO,SOMETIMES,SOMETIMES,SOMETIMES,SOMETIMES,NO,SOMETIMES,SOMETIMES,OLD,OLD,YES,SOMETIMES,OFTEN,34.5,51.3,64.8,52.8,46.7,100.0,81.0,81.2,42.8,70.0,60,HIGH
SYN-00287,Student,2026-06-20,FRIENDS,NOT_SURE,PUBLIC,YES,NOT_SURE,NOT_SURE,NOT_SURE,NOT_SURE,NO,NOT_SURE,YES,NOT_SURE,YES,SOMETIMES,SOMETIMES,SOMETIMES,OFTEN,OFTEN,PUBLIC,SOMETIMES,SOMETIMES,YES,FRIENDS_OF_FRIENDS,SOMETIMES,OLD,NO,NO,FRIENDS,NOT_SURE,FRIENDS,NOT_SURE,APP_OR_KEY,SOMETIMES,NOT_SURE,NO,NEVER,NO,SOMETIMES,NOT_SURE,NOT_SURE,SOMETIMES,SOMETIMES,OFTEN,SOMETIMES,NOT_SURE,NO,NOT_SURE,SOMETIMES,NEVER,NEVER,YES,SOMETIMES,SOMETIMES,67.5,52.0,77.6,80.0,60.3,61.4,67.8,67.1,50.3,86.5,66,HIGH
SYN-00288,Student,2026-09-12,FRIENDS,NO,FRIENDS,YES,NO,NOT_SURE,NO,NOT_SURE,NO,NOT_SURE,NOT_SURE,NO,NOT_SURE,SOMETIMES,SOMETIMES,NOT_SURE,SOMETIMES,NOT_SURE,FRIENDS,SOMETIMES,NOT_SURE,NOT_SURE,FRIENDS_OF_FRIENDS,SOMETIMES,OLD,SOMETIMES,NOT_SURE,FRIENDS,NOT_SURE,FRIENDS,NOT_SURE,SMS,OFTEN,NOT_SURE,NOT_SURE,NOT_SURE,NOT_SURE,SOMETIMES,NEVER,SOMETIMES,NO,NOT_SURE,SOMETIMES,SOMETIMES,SOMETIMES,NO,SOMETIMES,OFTEN,OLD,OLD,YES,SOMETIMES,SOMETIMES,37.5,34.0,57.2,49.4,53.7,50.7,72.8,79.4,46.9,64.0,53,HIGH
SYN-00289,Job Seeker,2026-07-29,FRIENDS,NOT_SURE,FRIENDS,NOT_SURE,NO,NO,NO,NO,NO,NO,NOT_SURE,NO,NOT_SURE,NEVER,NOT_SURE,NEVER,SOMETIMES,SOMETIMES,FRIENDS,NEVER,NEVER,NOT_SURE,FRIENDS_OF_FRIENDS,NEVER,OLD,NO,NOT_SURE,FRIENDS,NOT_SURE,FRIENDS,YES,APP_OR_KEY,NOT_SURE,NO,NO,OLD,YES,SOMETIMES,NOT_SURE,YES,SOMETIMES,NEVER,NOT_SURE,SOMETIMES,NOT_SURE,NO,SOMETIMES,NEVER,NEVER,OLD,NOT_SURE,SOMETIMES,NEVER,41.5,6.0,34.4,21.7,36.3,50.7,37.9,40.0,32.8,56.2,32,MODERATE
SYN-00290,Educator,2026-03-31,PUBLIC,NOT_SURE,FRIENDS,NOT_SURE,YES,NO,NOT_SURE,NOT_SURE,NOT_SURE,NOT_SURE,NO,NOT_SURE,NOT_SURE,SOMETIMES,SOMETIMES,SOMETIMES,NOT_SURE,NOT_SURE,PUBLIC,SOMETIMES,SOMETIMES,NOT_SURE,FRIENDS_OF_FRIENDS,NOT_SURE,OLD,SOMETIMES,NOT_SURE,NO_ONE,YES,FRIENDS,NO,NONE,SOMETIMES,NO,NOT_SURE,OLD,YES,SOMETIMES,NEVER,NOT_SURE,SOMETIMES,SOMETIMES,NOT_SURE,NOT_SURE,SOMETIMES,NO,SOMETIMES,SOMETIMES,NEVER,OLD,YES,SOMETIMES,SOMETIMES,71.0,42.0,57.2,73.3,49.7,51.4,69.9,74.1,43.8,75.2,59,HIGH
SYN-00291,Professional,2026-09-18,FRIENDS,NO,FRIENDS,NO,NOT_SURE,NO,NO,NOT_SURE,NOT_SURE,NOT_SURE,NO,NO,NOT_SURE,NEVER,NOT_SURE,NEVER,NOT_SURE,NOT_SURE,FRIENDS,NEVER,NOT_SURE,NOT_SURE,FRIENDS_OF_FRIENDS,NEVER,RECENT,YES,NOT_SURE,FRIENDS,YES,FRIENDS,NOT_SURE,SMS,SOMETIMES,NOT_SURE,NOT_SURE,OLD,YES,SOMETIMES,OLD,SOMETIMES,SOMETIMES,SOMETIMES,NEVER,YES,SOMETIMES,NO,SOMETIMES,NOT_SURE,OLD,OLD,NOT_SURE,NO,NEVER,22.5,28.0,31.6,32.8,12.0,61.4,55.1,53.5,24.5,52.5,35,MODERATE
SYN-00292,Professional,2025-10-09,PUBLIC,NOT_SURE,PUBLIC,YES,YES,YES,NO,YES,NOT_SURE,YES,YES,YES,NOT_SURE,SOMETIMES,OFTEN,SOMETIMES,OFTEN,NOT_SURE,FRIENDS,OFTEN,OFTEN,NOT_SURE,FRIENDS_OF_FRIENDS,OFTEN,NEVER,SOMETIMES,NO,ANYONE,YES,ANYONE,NOT_SURE,SMS,SOMETIMES,NO,NO,NOT_SURE,NO,NOT_SURE,NOT_SURE,NO,NOT_SURE,NOT_SURE,SOMETIMES,NO,NOT_SURE,NOT_SURE,SOMETIMES,NOT_SURE,NEVER,OLD,YES,NO,SOMETIMES,92.0,78.7,71.6,71.7,78.7,100.0,75.8,77.1,58.6,82.8,77,CRITICAL
SYN-00293,Professional,2025-10-09,FRIENDS,NO,FRIENDS,NO,NO,NO,NO,NO,NO,NO,NO,NO,NO,NEVER,SOMETIMES,SOMETIMES,NEVER,NEVER,PRIVATE,NEVER,NEVER,NOT_SURE,FRIENDS_OF_FRIENDS,NOT_SURE,OLD,YES,NOT_SURE,FRIENDS,NOT_SURE,NO_ONE,YES,APP_OR_KEY,NEVER,YES,YES,OLD,YES,YES,RECENT,SOMETIMES,SOMETIMES,NEVER,OFTEN,SOMETIMES,NOT_SURE,NO,YES,NEVER,RECENT,OLD,NO,SOMETIMES,NEVER,17.5,0.0,19.2,10.0,43.0,45.7,4.6,23.5,34.5,21.2,19,LOW
SYN-00294,Student,2026-09-08,FRIENDS,NOT_SURE,PUBLIC,NOT_SURE,YES,NOT_SURE,YES,YES,NOT_SURE,YES,YES,YES,YES,OFTEN,NOT_SURE,OFTEN,SOMETIMES,OFTEN,FRIENDS,SOMETIMES,OFTEN,YES,EVERYONE,SOMETIMES,NEVER,NOT_SURE,NO,FRIENDS,NOT_SURE,ANYONE,NO,NONE,OFTEN,NO,NO,NEVER,NOT_SURE,NO,NEVER,NO,SOMETIMES,SOMETIMES,OFTEN,NO,SOMETIMES,NOT_SURE,NOT_SURE,OFTEN,NEVER,OLD,YES,NO,OFTEN,64.5,84.0,85.6,67.2,80.0,70.7,96.7,81.2,75.5,88.8,81,CRITICAL
SYN-00295,Professional,2026-04-08,PRIVATE,NO,FRIENDS,NO,NOT_SURE,NO,NO,NO,NO,NOT_SURE,NO,NO,NO,NEVER,NEVER,SOMETIMES,SOMETIMES,SOMETIMES,FRIENDS,SOMETIMES,SOMETIMES,NO,FRIENDS_OF_FRIENDS,NEVER,RECENT,SOMETIMES,YES,FRIENDS,NO,FRIENDS,YES,APP_OR_KEY,NOT_SURE,NOT_SURE,NOT_SURE,OLD,YES,SOMETIMES,OLD,SOMETIMES,SOMETIMES,NOT_SURE,NEVER,SOMETIMES,NOT_SURE,NO,YES,NEVER,OLD,RECENT,NO,SOMETIMES,NOT_SURE,12.0,8.0,26.4,41.7,18.7,15.0,32.1,51.8,17.2,28.8,24,MODERATE
SYN-00296,Professional,2026-03-13,PRIVATE,NOT_SURE,FRIENDS,NO,NOT_SURE,YES,NO,NOT_SURE,NO,NOT_SURE,NOT_SURE,NO,NO,SOMETIMES,NEVER,NEVER,NEVER,NEVER,PRIVATE,NOT_SURE,NEVER,NO,FRIENDS_OF_FRIENDS,NEVER,NOT_SURE,YES,NOT_SURE,NO_ONE,NO,NO_ONE,YES,SMS,NEVER,YES,YES,OLD,YES,SOMETIMES,OLD,YES,YES,NEVER,NEVER,YES,NOT_SURE,NO,SOMETIMES,SOMETIMES,OLD,RECENT,NO,YES,NEVER,24.0,42.0,14.4,13.9,28.0,25.0,14.3,19.4,23.4,13.8,22,MODERATE
SYN-00297,Student,2026-03-11,FRIENDS,YES,PUBLIC,YES,NOT_SURE,YES,NOT_SURE,YES,NOT_SURE,NOT_SURE,NOT_SURE,NOT_SURE,YES,OFTEN,NOT_SURE,SOMETIMES,SOMETIMES,OFTEN,PUBLIC,OFTEN,SOMETIMES,YES,EVERYONE,NOT_SURE,NEVER,NO,NOT_SURE,ANYONE,YES,ANYONE,NOT_SURE,SMS,SOMETIMES,NO,NO,OLD,NO,NOT_SURE,NEVER,SOMETIMES,NOT_SURE,SOMETIMES,SOMETIMES,SOMETIMES,SOMETIMES,NO,NOT_SURE,OFTEN,NEVER,NEVER,YES,NO,OFTEN,75.5,73.3,79.2,91.1,80.0,89.3,73.7,74.1,49.7,100.0,77,CRITICAL
SYN-00298,Student,2026-08-31,FRIENDS,YES,FRIENDS,NOT_SURE,NO,NO,NOT_SURE,NOT_SURE,NO,NOT_SURE,YES,NOT_SURE,NO,SOMETIMES,OFTEN,NOT_SURE,SOMETIMES,SOMETIMES,FRIENDS,SOMETIMES,SOMETIMES,NOT_SURE,FRIENDS_OF_FRIENDS,NOT_SURE,NOT_SURE,SOMETIMES,NOT_SURE,FRIENDS,YES,ANYONE,NO,NONE,SOMETIMES,NOT_SURE,NO,OLD,NO,SOMETIMES,OLD,NOT_SURE,SOMETIMES,OFTEN,SOMETIMES,NO,SOMETIMES,NOT_SURE,SOMETIMES,SOMETIMES,OLD,NOT_SURE,NOT_SURE,SOMETIMES,NOT_SURE,49.5,40.0,55.2,51.7,54.7,70.7,81.8,65.3,61.7,58.8,58,HIGH
SYN-00299,Professional,2025-10-24,PRIVATE,NOT_SURE,FRIENDS,NO,YES,NO,NO,NOT_SURE,NO,YES,NO,NO,NOT_SURE,SOMETIMES,SOMETIMES,SOMETIMES,SOMETIMES,SOMETIMES,FRIENDS,NOT_SURE,SOMETIMES,YES,FRIENDS_OF_FRIENDS,NOT_SURE,OLD,SOMETIMES,NO,NO_ONE,NO,NO_ONE,YES,SMS,SOMETIMES,YES,NO,OLD,NOT_SURE,SOMETIMES,NOT_SURE,NOT_SURE,SOMETIMES,SOMETIMES,NOT_SURE,SOMETIMES,SOMETIMES,NO,SOMETIMES,SOMETIMES,OLD,OLD,NO,SOMETIMES,SOMETIMES,29.0,21.3,60.0,55.6,49.7,35.7,44.9,67.1,41.0,44.0,44,HIGH
SYN-00300,Student,2026-02-27,FRIENDS,NOT_SURE,FRIENDS,NO,NOT_SURE,YES,YES,YES,YES,YES,YES,NOT_SURE,NOT_SURE,SOMETIMES,SOMETIMES,SOMETIMES,SOMETIMES,SOMETIMES,PUBLIC,SOMETIMES,SOMETIMES,NOT_SURE,FRIENDS_OF_FRIENDS,SOMETIMES,OLD,SOMETIMES,NOT_SURE,FRIENDS,NOT_SURE,FRIENDS,NO,NONE,SOMETIMES,NOT_SURE,NO,OLD,NOT_SURE,SOMETIMES,NEVER,NO,SOMETIMES,SOMETIMES,SOMETIMES,NO,SOMETIMES,NO,SOMETIMES,SOMETIMES,NEVER,NEVER,YES,SOMETIMES,OFTEN,34.5,96.0,60.0,73.3,53.7,50.7,78.5,81.2,49.7,92.5,68,HIGH
SYN-00301,Professional,2025-12-25,FRIENDS,NOT_SURE,PUBLIC,NOT_SURE,NO,NOT_SURE,NOT_SURE,NOT_SURE,NOT_SURE,YES,NOT_SURE,NOT_SURE,YES,SOMETIMES,OFTEN,SOMETIMES,SOMETIMES,SOMETIMES,FRIENDS,OFTEN,SOMETIMES,NO,EVERYONE,SOMETIMES,NOT_SURE,SOMETIMES,NOT_SURE,ANYONE,NOT_SURE,ANYONE,NOT_SURE,SMS,SOMETIMES,NO,NO,NEVER,NO,NOT_SURE,NOT_SURE,SOMETIMES,NO,SOMETIMES,SOMETIMES,SOMETIMES,OFTEN,NOT_SURE,NOT_SURE,OFTEN,NOT_SURE,NOT_SURE,YES,SOMETIMES,OFTEN,54.5,65.3,72.8,52.8,73.3,78.6,77.5,74.1,70.0,82.5,69,HIGH
SYN-00302,Student,2025-10-20,FRIENDS,NOT_SURE,FRIENDS,NO,YES,NO,NOT_SURE,NOT_SURE,NOT_SURE,NO,NOT_SURE,NO,NOT_SURE,NOT_SURE,SOMETIMES,NOT_SURE,NEVER,NEVER,FRIENDS,SOMETIMES,SOMETIMES,NOT_SURE,FRIENDS_OF_FRIENDS,SOMETIMES,RECENT,SOMETIMES,NOT_SURE,FRIENDS,YES,FRIENDS,YES,SMS,SOMETIMES,NOT_SURE,NO,OLD,YES,YES,OLD,SOMETIMES,SOMETIMES,SOMETIMES,NOT_SURE,SOMETIMES,NOT_SURE,NOT_SURE,SOMETIMES,NEVER,OLD,OLD,NO,SOMETIMES,NOT_SURE,39.5,34.0,39.2,51.7,42.7,61.4,38.8,53.5,44.8,42.5,43,HIGH
SYN-00303,Job Seeker,2025-10-19,FRIENDS,NOT_SURE,FRIENDS,NOT_SURE,NOT_SURE,NO,NO,NOT_SURE,NO,YES,NOT_SURE,YES,NOT_SURE,SOMETIMES,NEVER,SOMETIMES,SOMETIMES,SOMETIMES,FRIENDS,SOMETIMES,OFTEN,NOT_SURE,EVERYONE,SOMETIMES,NOT_SURE,SOMETIMES,NOT_SURE,FRIENDS,NOT_SURE,FRIENDS,NOT_SURE,SMS,NOT_SURE,NO,NOT_SURE,NEVER,NOT_SURE,NOT_SURE,NEVER,SOMETIMES,NOT_SURE,SOMETIMES,SOMETIMES,SOMETIMES,OFTEN,NO,SOMETIMES,NOT_SURE,NOT_SURE,NOT_SURE,YES,NO,NOT_SURE,46.5,37.3,50.4,60.6,73.3,50.7,68.9,74.1,50.0,82.5,57,HIGH
SYN-00304,Student,2026-01-16,PUBLIC,YES,FRIENDS,YES,YES,NOT_SURE,NOT_SURE,NOT_SURE,NOT_SURE,NOT_SURE,YES,NOT_SURE,YES,SOMETIMES,SOMETIMES,NOT_SURE,OFTEN,OFTEN,FRIENDS,NOT_SURE,OFTEN,YES,EVERYONE,NOT_SURE,OLD,SOMETIMES,NOT_SURE,ANYONE,NOT_SURE,ANYONE,NOT_SURE,SMS,SOMETIMES,NOT_SURE,NOT_SURE,OLD,NO,NOT_SURE,OLD,SOMETIMES,NO,NOT_SURE,OFTEN,NO,SOMETIMES,NOT_SURE,SOMETIMES,SOMETIMES,NEVER,NEVER,NOT_SURE,NO,SOMETIMES,87.0,64.0,76.0,64.4,64.3,78.6,67.9,63.5,68.6,84.0,71,CRITICAL
SYN-00305,Professional,2025-10-28,FRIENDS,NOT_SURE,PRIVATE,NO,NO,NO,NO,YES,NO,NO,NO,NO,NO,NOT_SURE,NEVER,SOMETIMES,NEVER,SOMETIMES,FRIENDS,NEVER,NOT_SURE,NO,FRIENDS_OF_FRIENDS,SOMETIMES,RECENT,YES,YES,FRIENDS,NO,FRIENDS,YES,SMS,NOT_SURE,YES,NOT_SURE,OLD,YES,YES,NOT_SURE,YES,YES,SOMETIMES,NEVER,YES,NEVER,NO,SOMETIMES,SOMETIMES,OLD,RECENT,NOT_SURE,YES,NEVER,22.5,13.3,28.8,22.8,36.0,15.0,27.6,38.8,13.1,23.8,24,MODERATE
SYN-00306,Student,2026-09-11,FRIENDS,NO,FRIENDS,NO,NOT_SURE,NO,NOT_SURE,NOT_SURE,NO,NO,NOT_SURE,NOT_SURE,NO,SOMETIMES,SOMETIMES,SOMETIMES,SOMETIMES,SOMETIMES,FRIENDS,NEVER,NEVER,NOT_SURE,FRIENDS_OF_FRIENDS,SOMETIMES,NOT_SURE,SOMETIMES,NO,FRIENDS,NOT_SURE,FRIENDS,NOT_SURE,SMS,NOT_SURE,NOT_SURE,NO,OLD,NO,YES,OLD,SOMETIMES,SOMETIMES,NEVER,SOMETIMES,YES,SOMETIMES,NO,SOMETIMES,NOT_SURE,OLD,OLD,NOT_SURE,SOMETIMES,SOMETIMES,22.5,28.0,50.4,21.7,58.7,61.4,63.5,42.9,34.8,54.0,43,HIGH
SYN-00307,Professional,2026-06-24,FRIENDS,NO,FRIENDS,NO,NO,NO,NO,NO,NO,NO,NOT_SURE,NOT_SURE,NO,NEVER,NEVER,NEVER,SOMETIMES,NEVER,FRIENDS,NEVER,NOT_SURE,NOT_SURE,APPROVAL,NEVER,RECENT,YES,YES,NO_ONE,NO,NO_ONE,YES,SMS,NEVER,YES,YES,NEVER,YES,YES,RECENT,NOT_SURE,SOMETIMES,NEVER,NEVER,YES,NOT_SURE,NO,SOMETIMES,NEVER,OLD,OLD,NOT_SURE,NOT_SURE,NOT_SURE,17.5,12.0,9.6,32.8,0.0,0.0,13.9,28.2,17.2,55.5,16,LOW
SYN-00308,Professional,2026-09-01,PRIVATE,NO,PRIVATE,NO,NO,NO,NO,NO,NO,NO,NO,NO,NO,NEVER,NEVER,NEVER,NEVER,NEVER,PRIVATE,NEVER,NEVER,NO,APPROVAL,NEVER,RECENT,YES,NOT_SURE,NO_ONE,NO,NO_ONE,YES,APP_OR_KEY,NEVER,NOT_SURE,YES,RECENT,YES,YES,RECENT,SOMETIMES,YES,NEVER,NEVER,SOMETIMES,NEVER,NO,YES,NEVER,RECENT,OLD,NO,YES,NEVER,0.0,0.0,0.0,0.0,0.0,25.0,5.8,11.8,6.9,13.8,4,LOW
SYN-00309,Educator,2026-07-24,FRIENDS,NO,PRIVATE,NO,NO,NO,NO,NO,NO,NO,NO,NO,NO,SOMETIMES,NOT_SURE,SOMETIMES,NEVER,NEVER,FRIENDS,NEVER,SOMETIMES,NO,APPROVAL,NOT_SURE,OLD,YES,NOT_SURE,NO_ONE,NO,FRIENDS,YES,APP_OR_KEY,NEVER,YES,YES,RECENT,YES,YES,OLD,YES,YES,NEVER,NEVER,SOMETIMES,NEVER,NO,YES,NEVER,NOT_SURE,RECENT,NO,YES,NEVER,10.5,0.0,32.0,25.0,31.0,30.0,0.0,19.4,6.9,20.0,16,LOW
SYN-00310,Student,2026-04-08,FRIENDS,YES,PUBLIC,NOT_SURE,YES,YES,YES,YES,YES,YES,YES,NOT_SURE,NOT_SURE,OFTEN,SOMETIMES,SOMETIMES,OFTEN,SOMETIMES,FRIENDS,NOT_SURE,NOT_SURE,NOT_SURE,FRIENDS_OF_FRIENDS,SOMETIMES,OLD,NOT_SURE,NOT_SURE,FRIENDS,YES,ANYONE,NOT_SURE,SMS,SOMETIMES,NO,NOT_SURE,NOT_SURE,NOT_SURE,NO,OLD,SOMETIMES,NO,OFTEN,OFTEN,NOT_SURE,NOT_SURE,YES,SOMETIMES,SOMETIMES,OLD,OLD,YES,NO,NOT_SURE,72.5,96.0,76.0,46.7,56.3,70.7,71.7,72.4,74.5,70.0,72,CRITICAL
SYN-00311,Job Seeker,2026-09-30,PRIVATE,NO,FRIENDS,NO,NOT_SURE,NO,YES,NOT_SURE,NO,NO,NO,NOT_SURE,NO,SOMETIMES,NEVER,NOT_SURE,NEVER,SOMETIMES,PRIVATE,SOMETIMES,NEVER,YES,APPROVAL,NEVER,OLD,YES,YES,FRIENDS,NO,NO_ONE,NOT_SURE,APP_OR_KEY,NEVER,YES,NO,NOT_SURE,YES,YES,RECENT,SOMETIMES,SOMETIMES,NEVER,NOT_SURE,SOMETIMES,NEVER,NO,YES,NEVER,OLD,OLD,NOT_SURE,SOMETIMES,NOT_SURE,12.0,27.3,29.6,33.3,11.0,10.0,33.3,23.5,15.5,52.5,25,MODERATE
SYN-00312,Professional,2026-09-09,FRIENDS,YES,FRIENDS,NO,NOT_SURE,NO,NO,NO,NO,NOT_SURE,NOT_SURE,NOT_SURE,NO,NOT_SURE,NEVER,SOMETIMES,NOT_SURE,NEVER,FRIENDS,SOMETIMES,SOMETIMES,NOT_SURE,FRIENDS_OF_FRIENDS,NEVER,RECENT,SOMETIMES,NOT_SURE,FRIENDS,NO,FRIENDS,YES,SMS,NEVER,YES,NOT_SURE,NOT_SURE,YES,SOMETIMES,RECENT,NOT_SURE,SOMETIMES,NEVER,NOT_SURE,YES,SOMETIMES,NO,SOMETIMES,NEVER,OLD,OLD,YES,SOMETIMES,SOMETIMES,42.5,20.0,29.6,51.7,18.7,40.0,24.2,28.2,27.9,64.0,32,MODERATE
SYN-00313,Educator,2025-10-08,FRIENDS,NOT_SURE,PRIVATE,NO,YES,NOT_SURE,NOT_SURE,NO,NO,NOT_SURE,NOT_SURE,NOT_SURE,NOT_SURE,NEVER,NEVER,SOMETIMES,NEVER,NOT_SURE,PRIVATE,NEVER,NEVER,NOT_SURE,FRIENDS_OF_FRIENDS,SOMETIMES,OLD,SOMETIMES,NO,FRIENDS,NO,FRIENDS,NOT_SURE,SMS,NOT_SURE,NOT_SURE,NOT_SURE,OLD,YES,SOMETIMES,NOT_SURE,YES,SOMETIMES,NEVER,SOMETIMES,SOMETIMES,NEVER,NO,SOMETIMES,NEVER,OLD,OLD,NO,SOMETIMES,NEVER,32.5,40.0,25.2,10.0,53.7,50.7,53.2,40.0,24.1,35.0,36,MODERATE
SYN-00314,Job Seeker,2025-12-12,FRIENDS,NOT_SURE,PRIVATE,NOT_SURE,NOT_SURE,NO,NO,NO,NO,NO,NOT_SURE,NOT_SURE,NOT_SURE,OFTEN,NOT_SURE,SOMETIMES,NOT_SURE,SOMETIMES,FRIENDS,NOT_SURE,SOMETIMES,NOT_SURE,FRIENDS_OF_FRIENDS,SOMETIMES,OLD,NO,NOT_SURE,FRIENDS,NOT_SURE,FRIENDS,NOT_SURE,SMS,NOT_SURE,NOT_SURE,NOT_SURE,OLD,NOT_SURE,NO,NEVER,SOMETIMES,NOT_SURE,SOMETIMES,NEVER,NO,SOMETIMES,NO,SOMETIMES,NOT_SURE,OLD,OLD,NOT_SURE,SOMETIMES,NOT_SURE,39.5,12.0,66.4,48.9,60.3,50.7,65.1,74.1,38.3,52.5,49,HIGH
SYN-00315,Student,2026-08-13,PRIVATE,NOT_SURE,FRIENDS,YES,NOT_SURE,NO,YES,NOT_SURE,NO,YES,YES,NOT_SURE,NOT_SURE,NEVER,OFTEN,SOMETIMES,SOMETIMES,SOMETIMES,FRIENDS,SOMETIMES,SOMETIMES,NO,FRIENDS_OF_FRIENDS,SOMETIMES,OLD,NOT_SURE,NO,FRIENDS,YES,NO_ONE,NOT_SURE,SMS,SOMETIMES,NO,NO,OLD,NOT_SURE,SOMETIMES,OLD,NO,SOMETIMES,NOT_SURE,SOMETIMES,YES,NEVER,NOT_SURE,NOT_SURE,SOMETIMES,NEVER,OLD,NOT_SURE,NOT_SURE,OFTEN,44.0,50.7,52.0,41.7,56.3,67.1,68.8,63.5,38.3,74.2,54,HIGH
SYN-00316,Job Seeker,2025-10-17,PUBLIC,NOT_SURE,FRIENDS,YES,NOT_SURE,NO,NOT_SURE,YES,NO,YES,NO,NOT_SURE,NOT_SURE,SOMETIMES,NOT_SURE,NOT_SURE,NOT_SURE,SOMETIMES,FRIENDS,SOMETIMES,SOMETIMES,NOT_SURE,FRIENDS_OF_FRIENDS,SOMETIMES,OLD,SOMETIMES,NO,FRIENDS,NO,FRIENDS,NOT_SURE,SMS,NOT_SURE,NO,NO,NEVER,NO,SOMETIMES,NEVER,SOMETIMES,SOMETIMES,SOMETIMES,SOMETIMES,NOT_SURE,NEVER,NO,NO,SOMETIMES,NOT_SURE,OLD,YES,SOMETIMES,OFTEN,74.0,40.7,55.2,51.7,53.7,50.7,73.9,69.4,40.0,76.2,57,HIGH
SYN-00317,Student,2026-08-07,PRIVATE,NOT_SURE,FRIENDS,NO,NO,NO,NO,NOT_SURE,NO,NOT_SURE,YES,NOT_SURE,NO,SOMETIMES,SOMETIMES,SOMETIMES,SOMETIMES,SOMETIMES,FRIENDS,SOMETIMES,NOT_SURE,YES,APPROVAL,SOMETIMES,RECENT,SOMETIMES,NOT_SURE,FRIENDS,NOT_SURE,FRIENDS,YES,SMS,NOT_SURE,NOT_SURE,NOT_SURE,NEVER,YES,SOMETIMES,NOT_SURE,SOMETIMES,SOMETIMES,SOMETIMES,SOMETIMES,SOMETIMES,NOT_SURE,NO,NOT_SURE,NEVER,OLD,OLD,YES,SOMETIMES,NEVER,19.0,32.0,50.4,56.1,30.7,50.7,41.4,62.4,37.2,55.0,41,HIGH
SYN-00318,Student,2026-08-08,FRIENDS,NO,FRIENDS,NO,NOT_SURE,NOT_SURE,NO,NO,NO,NOT_SURE,NO,NOT_SURE,NOT_SURE,NOT_SURE,NEVER,NEVER,NEVER,NEVER,FRIENDS,NEVER,SOMETIMES,NO,APPROVAL,NEVER,OLD,SOMETIMES,NO,NO_ONE,YES,FRIENDS,YES,APP_OR_KEY,NEVER,NOT_SURE,YES,RECENT,NOT_SURE,SOMETIMES,NOT_SURE,SOMETIMES,SOMETIMES,NEVER,SOMETIMES,SOMETIMES,NEVER,NO,YES,NEVER,NOT_SURE,RECENT,NOT_SURE,SOMETIMES,NEVER,22.5,26.0,21.6,25.0,17.7,62.1,17.8,51.8,17.2,37.5,26,MODERATE
SYN-00319,Student,2026-05-12,FRIENDS,NOT_SURE,FRIENDS,NOT_SURE,NOT_SURE,NO,NOT_SURE,NOT_SURE,NO,NO,NOT_SURE,NOT_SURE,YES,NOT_SURE,NEVER,OFTEN,SOMETIMES,SOMETIMES,FRIENDS,NOT_SURE,NEVER,NOT_SURE,FRIENDS_OF_FRIENDS,NEVER,OLD,SOMETIMES,NOT_SURE,ANYONE,NOT_SURE,FRIENDS,NOT_SURE,SMS,SOMETIMES,NO,NO,OLD,YES,YES,NOT_SURE,SOMETIMES,YES,SOMETIMES,SOMETIMES,SOMETIMES,SOMETIMES,NO,YES,NOT_SURE,OLD,NEVER,YES,SOMETIMES,NOT_SURE,46.5,28.0,60.8,35.6,29.7,69.3,56.8,50.6,34.8,73.8,46,HIGH
SYN-00320,Professional,2026-03-18,PRIVATE,NO,PRIVATE,NOT_SURE,NOT_SURE,NO,NOT_SURE,NO,NO,NOT_SURE,NO,NOT_SURE,NO,NEVER,NEVER,NEVER,NEVER,SOMETIMES,FRIENDS,SOMETIMES,NEVER,NO,FRIENDS_OF_FRIENDS,NEVER,RECENT,SOMETIMES,NOT_SURE,NO_ONE,NO,NO_ONE,YES,SMS,SOMETIMES,YES,NO,NOT_SURE,NOT_SURE,YES,OLD,YES,SOMETIMES,NOT_SURE,NEVER,SOMETIMES,NEVER,NO,YES,SOMETIMES,OLD,OLD,NOT_SURE,SOMETIMES,NEVER,17.0,22.0,7.2,28.3,18.7,25.0,42.8,40.0,13.1,45.0,24,MODERATE
SYN-00321,Student,2025-10-20,FRIENDS,NO,FRIENDS,NOT_SURE,YES,NOT_SURE,NOT_SURE,YES,NO,NO,NOT_SURE,NO,NO,NEVER,SOMETIMES,NOT_SURE,NOT_SURE,NOT_SURE,FRIENDS,SOMETIMES,SOMETIMES,YES,FRIENDS_OF_FRIENDS,SOMETIMES,RECENT,NOT_SURE,YES,FRIENDS,NOT_SURE,FRIENDS,NOT_SURE,SMS,NOT_SURE,NO,NOT_SURE,NOT_SURE,NO,YES,OLD,YES,SOMETIMES,SOMETIMES,SOMETIMES,NOT_SURE,NEVER,NO,SOMETIMES,OFTEN,OLD,NEVER,NOT_SURE,NOT_SURE,SOMETIMES,39.5,39.3,31.6,58.3,45.3,25.7,64.7,41.8,37.2,68.2,45,HIGH
SYN-00322,SMB Owner,2026-01-11,FRIENDS,NOT_SURE,FRIENDS,NO,NOT_SURE,NO,NO,NOT_SURE,NO,NOT_SURE,NOT_SURE,NOT_SURE,NO,NEVER,NOT_SURE,NEVER,NEVER,NEVER,FRIENDS,NOT_SURE,NEVER,NO,FRIENDS_OF_FRIENDS,NEVER,OLD,YES,YES,FRIENDS,NO,FRIENDS,NOT_SURE,SMS,NEVER,NOT_SURE,NO,NOT_SURE,YES,SOMETIMES,NOT_SURE,SOMETIMES,SOMETIMES,SOMETIMES,NEVER,SOMETIMES,NEVER,NO,NOT_SURE,NEVER,NOT_SURE,OLD,NOT_SURE,SOMETIMES,SOMETIMES,34.5,28.0,8.0,25.6,23.0,15.0,48.9,62.4,16.6,60.2,30,MODERATE
SYN-00323,Educator,2025-11-06,PRIVATE,NOT_SURE,PRIVATE,NO,NO,NO,NO,NO,NO,NO,NO,NO,NO,NEVER,SOMETIMES,NEVER,NEVER,NEVER,FRIENDS,NEVER,SOMETIMES,NO,FRIENDS_OF_FRIENDS,NEVER,RECENT,YES,NOT_SURE,NO_ONE,NOT_SURE,FRIENDS,YES,APP_OR_KEY,NEVER,NOT_SURE,YES,OLD,NOT_SURE,YES,NOT_SURE,YES,SOMETIMES,SOMETIMES,NEVER,YES,NEVER,NO,YES,NOT_SURE,OLD,RECENT,NO,YES,NEVER,12.0,0.0,9.6,25.0,12.0,40.7,18.2,50.6,5.2,13.8,15,LOW
SYN-00324,Professional,2026-08-27,PRIVATE,NO,FRIENDS,NO,NOT_SURE,NO,NO,NO,NO,NOT_SURE,NO,NO,NOT_SURE,NEVER,NOT_SURE,NOT_SURE,NOT_SURE,NEVER,PRIVATE,NEVER,SOMETIMES,NO,FRIENDS_OF_FRIENDS,NOT_SURE,OLD,YES,YES,FRIENDS,NOT_SURE,FRIENDS,YES,SMS,SOMETIMES,YES,NOT_SURE,RECENT,YES,NOT_SURE,NEVER,NOT_SURE,SOMETIMES,SOMETIMES,NEVER,SOMETIMES,NEVER,NO,YES,SOMETIMES,NOT_SURE,RECENT,YES,SOMETIMES,NEVER,12.0,8.0,33.6,13.3,43.0,25.7,30.8,74.1,13.1,47.5,26,MODERATE
SYN-00325,SMB Owner,2026-07-26,FRIENDS,NOT_SURE,FRIENDS,NO,NOT_SURE,NO,NOT_SURE,NO,NO,NO,NOT_SURE,NOT_SURE,NO,NEVER,SOMETIMES,NEVER,SOMETIMES,SOMETIMES,PRIVATE,NOT_SURE,SOMETIMES,NOT_SURE,FRIENDS_OF_FRIENDS,NOT_SURE,OLD,SOMETIMES,NOT_SURE,FRIENDS,NOT_SURE,FRIENDS,NOT_SURE,NOT_SURE,NOT_SURE,NOT_SURE,NO,NEVER,YES,SOMETIMES,OLD,NOT_SURE,SOMETIMES,SOMETIMES,NEVER,YES,NOT_SURE,NO,SOMETIMES,SOMETIMES,NOT_SURE,OLD,NOT_SURE,SOMETIMES,NOT_SURE,34.5,20.0,26.4,37.2,49.7,50.7,62.5,58.2,23.4,58.8,39,MODERATE
SYN-00326,Professional,2026-04-30,PRIVATE,NO,PRIVATE,NO,NO,NO,NO,NO,NO,NO,NO,NO,NO,NEVER,NEVER,NEVER,NEVER,NEVER,FRIENDS,NEVER,NEVER,NO,FRIENDS_OF_FRIENDS,NEVER,RECENT,YES,YES,FRIENDS,NO,NO_ONE,YES,SMS,NEVER,YES,YES,RECENT,YES,YES,OLD,YES,YES,NEVER,NEVER,YES,NEVER,NO,YES,NEVER,RECENT,RECENT,NO,YES,NEVER,0.0,0.0,0.0,11.7,12.0,10.0,5.6,19.4,0.0,0.0,5,LOW
SYN-00327,Job Seeker,2026-09-13,FRIENDS,NOT_SURE,FRIENDS,NOT_SURE,NO,NOT_SURE,NOT_SURE,NOT_SURE,NO,YES,NOT_SURE,NO,NO,NEVER,SOMETIMES,NOT_SURE,SOMETIMES,SOMETIMES,FRIENDS,NOT_SURE,SOMETIMES,NOT_SURE,APPROVAL,SOMETIMES,OLD,SOMETIMES,NO,NO_ONE,NOT_SURE,FRIENDS,NOT_SURE,SMS,NEVER,YES,NOT_SURE,NEVER,NOT_SURE,SOMETIMES,OLD,SOMETIMES,YES,OFTEN,NEVER,YES,NEVER,NOT_SURE,SOMETIMES,SOMETIMES,OLD,OLD,NOT_SURE,SOMETIMES,SOMETIMES,41.5,47.3,34.4,48.9,41.7,51.4,49.2,48.8,25.2,54.0,43,HIGH
SYN-00328,Professional,2025-12-30,FRIENDS,NOT_SURE,FRIENDS,NO,NOT_SURE,NO,NOT_SURE,YES,NO,NO,NOT_SURE,NOT_SURE,NO,SOMETIMES,OFTEN,SOMETIMES,SOMETIMES,SOMETIMES,FRIENDS,OFTEN,SOMETIMES,NOT_SURE,FRIENDS_OF_FRIENDS,NOT_SURE,RECENT,NOT_SURE,NO,FRIENDS,NOT_SURE,FRIENDS,NO,NONE,SOMETIMES,YES,NO,OLD,NOT_SURE,SOMETIMES,OLD,SOMETIMES,SOMETIMES,SOMETIMES,OFTEN,SOMETIMES,NOT_SURE,NO,YES,NOT_SURE,OLD,RECENT,NOT_SURE,NO,SOMETIMES,34.5,33.3,56.8,62.8,41.3,61.4,72.6,53.5,39.7,47.8,50,HIGH
SYN-00329,Student,2025-10-05,PUBLIC,NOT_SURE,PUBLIC,YES,YES,YES,YES,YES,NOT_SURE,YES,NOT_SURE,NOT_SURE,NOT_SURE,OFTEN,SOMETIMES,SOMETIMES,SOMETIMES,SOMETIMES,FRIENDS,SOMETIMES,OFTEN,YES,EVERYONE,SOMETIMES,NEVER,NO,NO,ANYONE,YES,ANYONE,NO,NONE,OFTEN,NOT_SURE,NO,NEVER,NOT_SURE,NOT_SURE,NEVER,NO,NO,OFTEN,OFTEN,SOMETIMES,SOMETIMES,NOT_SURE,SOMETIMES,OFTEN,NEVER,NEVER,YES,NO,OFTEN,92.0,84.0,69.6,67.2,84.0,100.0,91.7,100.0,65.9,100.0,83,CRITICAL
SYN-00330,Student,2026-04-16,FRIENDS,NOT_SURE,FRIENDS,NOT_SURE,NOT_SURE,NOT_SURE,NO,YES,NO,NOT_SURE,NOT_SURE,NO,NOT_SURE,OFTEN,OFTEN,NOT_SURE,NOT_SURE,SOMETIMES,PUBLIC,NEVER,SOMETIMES,NOT_SURE,FRIENDS_OF_FRIENDS,SOMETIMES,OLD,SOMETIMES,NOT_SURE,NO_ONE,NOT_SURE,ANYONE,NOT_SURE,SMS,SOMETIMES,NOT_SURE,NOT_SURE,NOT_SURE,NOT_SURE,NO,OLD,SOMETIMES,SOMETIMES,SOMETIMES,NOT_SURE,SOMETIMES,SOMETIMES,NOT_SURE,SOMETIMES,SOMETIMES,NOT_SURE,OLD,NOT_SURE,SOMETIMES,SOMETIMES,46.5,39.3,72.8,56.7,53.7,50.0,69.2,53.5,53.1,60.2,56,HIGH
SYN-00331,Student,2025-10-02,FRIENDS,NOT_SURE,FRIENDS,YES,NOT_SURE,NOT_SURE,NOT_SURE,NOT_SURE,NOT_SURE,NOT_SURE,YES,NOT_SURE,NO,SOMETIMES,SOMETIMES,SOMETIMES,OFTEN,SOMETIMES,PUBLIC,OFTEN,SOMETIMES,YES,FRIENDS_OF_FRIENDS,NEVER,NEVER,NOT_SURE,NOT_SURE,FRIENDS,NOT_SURE,FRIENDS,NOT_SURE,NOT_SURE,NOT_SURE,NO,NO,NOT_SURE,NOT_SURE,SOMETIMES,OLD,NO,SOMETIMES,SOMETIMES,SOMETIMES,NO,SOMETIMES,NO,SOMETIMES,NOT_SURE,NEVER,OLD,YES,NOT_SURE,SOMETIMES,54.5,64.0,56.8,91.1,41.3,50.7,71.1,65.3,48.6,78.2,62,HIGH
SYN-00332,Educator,2026-07-08,PRIVATE,NO,FRIENDS,YES,NO,NO,NO,NO,NO,NOT_SURE,NO,NOT_SURE,NOT_SURE,SOMETIMES,NOT_SURE,SOMETIMES,NOT_SURE,NOT_SURE,FRIENDS,SOMETIMES,SOMETIMES,NO,FRIENDS_OF_FRIENDS,SOMETIMES,OLD,SOMETIMES,YES,FRIENDS,NOT_SURE,FRIENDS,NO,NONE,NEVER,NOT_SURE,NOT_SURE,NEVER,YES,SOMETIMES,OLD,SOMETIMES,SOMETIMES,SOMETIMES,SOMETIMES,NOT_SURE,SOMETIMES,NO,SOMETIMES,SOMETIMES,OLD,OLD,YES,NOT_SURE,NOT_SURE,27.0,14.0,55.6,41.7,53.7,25.7,59.4,53.5,45.5,65.5,43,HIGH
SYN-00333,SMB Owner,2026-01-26,FRIENDS,NOT_SURE,PRIVATE,NO,NOT_SURE,NO,NO,NO,NO,NO,NO,NO,NO,NOT_SURE,SOMETIMES,SOMETIMES,SOMETIMES,SOMETIMES,FRIENDS,NEVER,NEVER,NO,FRIENDS_OF_FRIENDS,SOMETIMES,OLD,SOMETIMES,YES,NO_ONE,NOT_SURE,NO_ONE,NOT_SURE,SMS,SOMETIMES,NOT_SURE,NOT_SURE,OLD,NOT_SURE,YES,OLD,SOMETIMES,SOMETIMES,NEVER,SOMETIMES,SOMETIMES,NEVER,NOT_SURE,SOMETIMES,NEVER,NOT_SURE,OLD,NOT_SURE,SOMETIMES,SOMETIMES,27.5,0.0,48.0,11.7,53.7,10.7,58.8,42.9,36.2,60.2,35,MODERATE
SYN-00334,Professional,2025-11-26,PRIVATE,NO,PRIVATE,NO,NO,NO,NO,NO,NO,NO,NO,NO,NO,NEVER,NEVER,NEVER,SOMETIMES,NEVER,FRIENDS,NEVER,NEVER,NO,APPROVAL,NEVER,RECENT,YES,NOT_SURE,NO_ONE,NO,FRIENDS,YES,APP_OR_KEY,NEVER,YES,YES,OLD,YES,SOMETIMES,RECENT,YES,YES,NEVER,SOMETIMES,YES,NEVER,NO,YES,SOMETIMES,RECENT,OLD,NO,SOMETIMES,NEVER,0.0,0.0,9.6,11.7,0.0,30.0,8.8,0.0,16.6,21.2,8,LOW
SYN-00335,Educator,2026-06-04,FRIENDS,NO,PRIVATE,NO,NO,NO,NO,NO,NO,NO,NO,NOT_SURE,NOT_SURE,SOMETIMES,NEVER,SOMETIMES,NOT_SURE,SOMETIMES,FRIENDS,SOMETIMES,NEVER,NO,APPROVAL,NOT_SURE,RECENT,YES,YES,FRIENDS,NO,FRIENDS,NOT_SURE,APP_OR_KEY,NOT_SURE,YES,YES,NOT_SURE,NOT_SURE,YES,RECENT,YES,YES,SOMETIMES,NEVER,SOMETIMES,NEVER,NO,SOMETIMES,SOMETIMES,NEVER,OLD,YES,SOMETIMES,NEVER,10.5,6.0,48.8,28.3,20.0,15.0,39.7,10.6,20.0,66.2,27,MODERATE
SYN-00336,Professional,2025-12-27,FRIENDS,YES,FRIENDS,NOT_SURE,NOT_SURE,NO,NOT_SURE,YES,NOT_SURE,YES,NOT_SURE,YES,YES,SOMETIMES,SOMETIMES,SOMETIMES,NOT_SURE,NOT_SURE,FRIENDS,OFTEN,SOMETIMES,NOT_SURE,APPROVAL,NOT_SURE,OLD,NOT_SURE,NO,ANYONE,NOT_SURE,FRIENDS,NO,NONE,NEVER,NOT_SURE,NOT_SURE,NEVER,NOT_SURE,SOMETIMES,NEVER,NO,SOMETIMES,OFTEN,OFTEN,NO,SOMETIMES,NO,SOMETIMES,NOT_SURE,NEVER,NEVER,YES,NO,SOMETIMES,54.5,62.7,63.6,62.8,40.3,80.0,67.2,88.2,55.5,94.0,63,HIGH
SYN-00337,Educator,2025-12-26,FRIENDS,NOT_SURE,FRIENDS,NOT_SURE,NOT_SURE,NO,NOT_SURE,NOT_SURE,NO,NOT_SURE,NOT_SURE,NO,NOT_SURE,SOMETIMES,NEVER,SOMETIMES,NEVER,NEVER,PUBLIC,SOMETIMES,OFTEN,NOT_SURE,FRIENDS_OF_FRIENDS,SOMETIMES,OLD,YES,NO,NO_ONE,YES,FRIENDS,NOT_SURE,APP_OR_KEY,SOMETIMES,NOT_SURE,NOT_SURE,OLD,NOT_SURE,SOMETIMES,NOT_SURE,SOMETIMES,SOMETIMES,NEVER,NEVER,SOMETIMES,SOMETIMES,NO,NO,NEVER,RECENT,OLD,YES,SOMETIMES,OFTEN,46.5,30.0,33.6,82.2,47.0,62.1,57.4,51.8,33.1,56.2,48,HIGH
SYN-00338,Professional,2026-06-13,FRIENDS,NOT_SURE,FRIENDS,NOT_SURE,YES,NOT_SURE,NOT_SURE,NOT_SURE,NO,YES,NO,NOT_SURE,NOT_SURE,SOMETIMES,SOMETIMES,NOT_SURE,SOMETIMES,NOT_SURE,FRIENDS,SOMETIMES,SOMETIMES,NOT_SURE,APPROVAL,SOMETIMES,OLD,SOMETIMES,NO,FRIENDS,YES,NO_ONE,NOT_SURE,SMS,SOMETIMES,NO,NO,OLD,NOT_SURE,NOT_SURE,OLD,SOMETIMES,SOMETIMES,SOMETIMES,NEVER,NO,NOT_SURE,NO,SOMETIMES,SOMETIMES,OLD,OLD,NOT_SURE,NOT_SURE,NOT_SURE,51.5,47.3,57.2,51.7,41.7,67.1,70.4,53.5,37.2,55.5,53,HIGH
SYN-00339,Professional,2026-02-17,PUBLIC,YES,PUBLIC,NOT_SURE,NOT_SURE,NO,NOT_SURE,NOT_SURE,NO,NOT_SURE,NOT_SURE,NO,YES,SOMETIMES,SOMETIMES,SOMETIMES,SOMETIMES,NOT_SURE,PUBLIC,SOMETIMES,NOT_SURE,NOT_SURE,FRIENDS_OF_FRIENDS,SOMETIMES,OLD,SOMETIMES,NOT_SURE,FRIENDS,NOT_SURE,NO_ONE,NOT_SURE,APP_OR_KEY,SOMETIMES,NOT_SURE,NO,NEVER,YES,SOMETIMES,OLD,SOMETIMES,YES,OFTEN,SOMETIMES,SOMETIMES,OFTEN,NOT_SURE,SOMETIMES,SOMETIMES,OLD,NEVER,YES,SOMETIMES,SOMETIMES,87.0,30.0,65.2,71.1,53.7,45.7,56.7,48.8,63.1,75.2,59,HIGH
SYN-00340,Student,2025-12-29,FRIENDS,NOT_SURE,FRIENDS,NO,NO,NO,NOT_SURE,NOT_SURE,NO,NO,NOT_SURE,NO,NO,NOT_SURE,SOMETIMES,NEVER,NEVER,NOT_SURE,PRIVATE,NEVER,NEVER,NO,APPROVAL,SOMETIMES,RECENT,YES,YES,FRIENDS,NO,FRIENDS,NOT_SURE,SMS,NEVER,NOT_SURE,YES,RECENT,YES,YES,OLD,SOMETIMES,YES,SOMETIMES,NEVER,YES,NEVER,NO,SOMETIMES,NEVER,RECENT,OLD,NO,SOMETIMES,NEVER,29.5,22.0,27.6,0.0,24.0,15.0,26.9,41.8,6.9,21.2,21,MODERATE
SYN-00341,Job Seeker,2026-06-14,PRIVATE,NOT_SURE,FRIENDS,NO,NOT_SURE,NOT_SURE,NOT_SURE,NO,NOT_SURE,NOT_SURE,NOT_SURE,YES,NOT_SURE,OFTEN,OFTEN,SOMETIMES,SOMETIMES,OFTEN,FRIENDS,SOMETIMES,SOMETIMES,NO,FRIENDS_OF_FRIENDS,NOT_SURE,NEVER,SOMETIMES,NO,FRIENDS,YES,FRIENDS,NO,NONE,NOT_SURE,NO,NOT_SURE,NEVER,NO,NOT_SURE,OLD,NOT_SURE,SOMETIMES,SOMETIMES,SOMETIMES,NO,SOMETIMES,NOT_SURE,NOT_SURE,NEVER,NEVER,NEVER,YES,NO,SOMETIMES,24.0,56.0,80.8,41.7,58.7,72.1,84.4,58.2,58.3,94.0,63,HIGH
SYN-00342,Professional,2026-05-05,FRIENDS,NO,FRIENDS,NO,NO,NO,NO,NOT_SURE,NO,NO,NOT_SURE,NO,NOT_SURE,SOMETIMES,SOMETIMES,SOMETIMES,SOMETIMES,NEVER,FRIENDS,SOMETIMES,NOT_SURE,NOT_SURE,APPROVAL,SOMETIMES,OLD,YES,YES,NO_ONE,NO,NO_ONE,YES,APP_OR_KEY,SOMETIMES,NOT_SURE,YES,NOT_SURE,YES,SOMETIMES,OLD,SOMETIMES,SOMETIMES,NEVER,NEVER,SOMETIMES,NOT_SURE,NO,SOMETIMES,NEVER,OLD,OLD,NO,SOMETIMES,NOT_SURE,17.5,14.0,52.8,49.4,35.0,0.0,28.3,42.9,24.1,42.5,31,MODERATE
SYN-00343,Student,2025-12-15,FRIENDS,YES,FRIENDS,NO,NO,NO,NO,NOT_SURE,NO,NO,NOT_SURE,YES,NOT_SURE,NEVER,NEVER,SOMETIMES,SOMETIMES,NOT_SURE,PUBLIC,SOMETIMES,SOMETIMES,NOT_SURE,FRIENDS_OF_FRIENDS,SOMETIMES,NOT_SURE,SOMETIMES,YES,ANYONE,NOT_SURE,FRIENDS,NOT_SURE,SMS,SOMETIMES,NOT_SURE,NOT_SURE,OLD,NOT_SURE,SOMETIMES,OLD,SOMETIMES,NOT_SURE,SOMETIMES,SOMETIMES,YES,SOMETIMES,NO,YES,SOMETIMES,NEVER,NEVER,NOT_SURE,NO,OFTEN,37.5,24.0,34.8,73.3,58.7,44.3,62.9,58.2,29.0,90.0,48,HIGH
SYN-00344,Educator,2025-12-02,PRIVATE,NO,PRIVATE,NOT_SURE,NO,NO,YES,NO,NO,NOT_SURE,NO,NO,NO,NEVER,NEVER,OFTEN,NEVER,SOMETIMES,PRIVATE,SOMETIMES,SOMETIMES,NO,APPROVAL,NEVER,RECENT,YES,YES,NO_ONE,NOT_SURE,FRIENDS,YES,APP_OR_KEY,NEVER,NOT_SURE,YES,OLD,NOT_SURE,SOMETIMES,OLD,SOMETIMES,SOMETIMES,NOT_SURE,NEVER,YES,NEVER,NO,SOMETIMES,SOMETIMES,OLD,OLD,NO,NO,SOMETIMES,12.0,21.3,23.2,30.0,0.0,15.7,22.4,51.8,13.1,51.5,21,MODERATE
SYN-00345,Educator,2026-05-04,PRIVATE,NO,FRIENDS,NO,NO,NO,NO,NO,NO,NO,NOT_SURE,NOT_SURE,YES,NEVER,NOT_SURE,NEVER,NOT_SURE,SOMETIMES,PRIVATE,NOT_SURE,SOMETIMES,NO,APPROVAL,SOMETIMES,NEVER,SOMETIMES,YES,ANYONE,NO,FRIENDS,YES,SMS,SOMETIMES,YES,NO,OLD,YES,SOMETIMES,OLD,YES,SOMETIMES,NEVER,NOT_SURE,YES,NEVER,NO,SOMETIMES,NEVER,OLD,RECENT,NOT_SURE,SOMETIMES,NEVER,7.0,12.0,39.2,27.2,50.7,33.6,37.1,31.2,15.5,31.2,28,MODERATE
SYN-00346,SMB Owner,2026-07-06,FRIENDS,NOT_SURE,PUBLIC,NOT_SURE,NO,NOT_SURE,NOT_SURE,NOT_SURE,NO,NOT_SURE,NOT_SURE,NOT_SURE,NO,NEVER,NOT_SURE,NEVER,OFTEN,SOMETIMES,PRIVATE,NOT_SURE,NEVER,NOT_SURE,FRIENDS_OF_FRIENDS,OFTEN,OLD,SOMETIMES,NO,FRIENDS,NOT_SURE,ANYONE,YES,SMS,SOMETIMES,NO,YES,RECENT,NOT_SURE,SOMETIMES,NEVER,NO,NO,SOMETIMES,SOMETIMES,SOMETIMES,OFTEN,NO,SOMETIMES,NOT_SURE,OLD,NOT_SURE,NOT_SURE,SOMETIMES,SOMETIMES,54.5,48.0,31.2,23.9,69.7,70.7,37.5,92.9,50.0,60.2,49,HIGH
SYN-00347,Job Seeker,2026-08-09,PRIVATE,NOT_SURE,FRIENDS,YES,NO,NOT_SURE,NO,NO,NO,NOT_SURE,NO,NOT_SURE,NO,NEVER,NEVER,NOT_SURE,SOMETIMES,NEVER,PRIVATE,NEVER,SOMETIMES,NOT_SURE,FRIENDS_OF_FRIENDS,SOMETIMES,OLD,SOMETIMES,YES,FRIENDS,NO,FRIENDS,NOT_SURE,NOT_SURE,NEVER,YES,YES,NEVER,YES,NOT_SURE,OLD,NOT_SURE,YES,SOMETIMES,SOMETIMES,SOMETIMES,SOMETIMES,NO,NOT_SURE,NOT_SURE,OLD,OLD,YES,NOT_SURE,SOMETIMES,39.0,26.0,17.6,23.3,53.7,15.0,37.5,46.5,44.5,67.0,35,MODERATE
SYN-00348,SMB Owner,2026-06-20,PRIVATE,YES,FRIENDS,NOT_SURE,NO,NO,NO,NO,NO,NOT_SURE,NO,NO,NO,SOMETIMES,NEVER,SOMETIMES,SOMETIMES,SOMETIMES,FRIENDS,NOT_SURE,NEVER,NO,FRIENDS_OF_FRIENDS,SOMETIMES,OLD,NOT_SURE,NOT_SURE,FRIENDS,NOT_SURE,FRIENDS,YES,APP_OR_KEY,NOT_SURE,YES,YES,OLD,YES,YES,OLD,YES,SOMETIMES,NEVER,NEVER,NO,SOMETIMES,NO,YES,SOMETIMES,RECENT,OLD,NO,NOT_SURE,SOMETIMES,39.0,8.0,40.8,25.6,56.3,50.7,14.3,31.2,32.4,33.2,31,MODERATE
SYN-00349,Job Seeker,2025-11-25,FRIENDS,NOT_SURE,FRIENDS,NOT_SURE,YES,NO,YES,NOT_SURE,NOT_SURE,NOT_SURE,NOT_SURE,YES,NOT_SURE,OFTEN,SOMETIMES,SOMETIMES,SOMETIMES,SOMETIMES,FRIENDS,NOT_SURE,NOT_SURE,NOT_SURE,FRIENDS_OF_FRIENDS,SOMETIMES,OLD,SOMETIMES,NOT_SURE,ANYONE,NOT_SURE,FRIENDS,NO,NONE,SOMETIMES,NO,NOT_SURE,OLD,NO,SOMETIMES,NEVER,SOMETIMES,NOT_SURE,SOMETIMES,SOMETIMES,NO,SOMETIMES,NO,SOMETIMES,SOMETIMES,OLD,NEVER,YES,NO,SOMETIMES,51.5,57.3,69.6,46.7,53.7,69.3,81.0,74.1,49.7,82.8,63,HIGH
SYN-00350,SMB Owner,2026-09-08,FRIENDS,NOT_SURE,FRIENDS,NOT_SURE,YES,NO,NO,YES,NO,NOT_SURE,NO,NO,YES,NOT_SURE,NEVER,NOT_SURE,SOMETIMES,OFTEN,FRIENDS,SOMETIMES,SOMETIMES,NOT_SURE,FRIENDS_OF_FRIENDS,NEVER,OLD,SOMETIMES,NO,FRIENDS,YES,NO_ONE,YES,SMS,SOMETIMES,NOT_SURE,YES,NOT_SURE,NOT_SURE,NO,OLD,SOMETIMES,NOT_SURE,SOMETIMES,NEVER,SOMETIMES,NOT_SURE,NO,YES,NOT_SURE,OLD,RECENT,NOT_SURE,SOMETIMES,SOMETIMES,51.5,21.3,57.6,51.7,29.7,67.1,45.8,58.2,22.4,40.3,43,HIGH
SYN-00351,SMB Owner,2026-01-04,FRIENDS,NOT_SURE,FRIENDS,NOT_SURE,YES,NOT_SURE,NOT_SURE,YES,NOT_SURE,YES,NO,NOT_SURE,NO,SOMETIMES,SOMETIMES,SOMETIMES,OFTEN,SOMETIMES,PRIVATE,OFTEN,SOMETIMES,NOT_SURE,FRIENDS_OF_FRIENDS,SOMETIMES,OLD,NO,NO,FRIENDS,NOT_SURE,FRIENDS,NOT_SURE,SMS,OFTEN,NO,NOT_SURE,OLD,YES,NO,NEVER,SOMETIMES,SOMETIMES,SOMETIMES,SOMETIMES,SOMETIMES,SOMETIMES,NOT_SURE,NOT_SURE,SOMETIMES,OLD,NEVER,YES,NO,SOMETIMES,51.5,64.7,56.8,51.1,60.3,61.4,69.6,69.4,57.6,82.8,61,HIGH
SYN-00352,Student,2026-02-23,FRIENDS,NOT_SURE,FRIENDS,NOT_SURE,NOT_SURE,NO,NOT_SURE,YES,NO,NO,NOT_SURE,NOT_SURE,NO,NOT_SURE,NOT_SURE,SOMETIMES,SOMETIMES,NOT_SURE,FRIENDS,NOT_SURE,SOMETIMES,YES,EVERYONE,SOMETIMES,OLD,SOMETIMES,NOT_SURE,ANYONE,NOT_SURE,FRIENDS,NOT_SURE,NOT_SURE,NOT_SURE,NO,NOT_SURE,OLD,NOT_SURE,YES,OLD,SOMETIMES,NOT_SURE,OFTEN,SOMETIMES,SOMETIMES,NEVER,NOT_SURE,SOMETIMES,NEVER,OLD,OLD,YES,NOT_SURE,NOT_SURE,46.5,33.3,45.2,55.6,68.3,69.3,61.5,65.3,36.2,65.5,52,HIGH
SYN-00353,Professional,2026-07-08,FRIENDS,YES,PUBLIC,NOT_SURE,NOT_SURE,NOT_SURE,YES,NOT_SURE,NOT_SURE,NOT_SURE,YES,NOT_SURE,NOT_SURE,NOT_SURE,OFTEN,NOT_SURE,OFTEN,OFTEN,PUBLIC,SOMETIMES,NOT_SURE,YES,EVERYONE,OFTEN,OLD,NO,NOT_SURE,ANYONE,YES,FRIENDS,NO,NONE,OFTEN,NO,NO,NEVER,NOT_SURE,SOMETIMES,NEVER,NOT_SURE,SOMETIMES,NOT_SURE,OFTEN,NO,NOT_SURE,NOT_SURE,NOT_SURE,NEVER,NEVER,NOT_SURE,YES,NO,OFTEN,67.5,69.3,73.6,77.8,91.0,80.0,92.5,72.4,63.1,95.0,78,CRITICAL
SYN-00354,Educator,2026-01-12,PUBLIC,NOT_SURE,PUBLIC,YES,YES,YES,NOT_SURE,YES,YES,NOT_SURE,NOT_SURE,YES,NOT_SURE,SOMETIMES,SOMETIMES,NOT_SURE,SOMETIMES,SOMETIMES,PUBLIC,SOMETIMES,OFTEN,NOT_SURE,FRIENDS_OF_FRIENDS,OFTEN,NEVER,NO,NO,FRIENDS,NOT_SURE,ANYONE,NO,NONE,OFTEN,NO,NOT_SURE,NOT_SURE,NOT_SURE,NO,NEVER,NO,NO,SOMETIMES,SOMETIMES,NO,OFTEN,NOT_SURE,SOMETIMES,SOMETIMES,NOT_SURE,NEVER,YES,NOT_SURE,NOT_SURE,92.0,85.3,58.4,82.2,85.3,70.7,91.7,92.9,70.0,83.0,81,CRITICAL
SYN-00355,Professional,2026-02-05,PRIVATE,NO,FRIENDS,NOT_SURE,NOT_SURE,NO,NOT_SURE,NOT_SURE,NO,NO,YES,NOT_SURE,NO,SOMETIMES,SOMETIMES,NOT_SURE,NEVER,SOMETIMES,FRIENDS,NOT_SURE,SOMETIMES,NOT_SURE,EVERYONE,SOMETIMES,NOT_SURE,SOMETIMES,NOT_SURE,FRIENDS,NOT_SURE,FRIENDS,NOT_SURE,SMS,NEVER,NO,NO,NEVER,NO,NOT_SURE,OLD,YES,YES,SOMETIMES,SOMETIMES,NO,SOMETIMES,NO,NOT_SURE,NEVER,NEVER,OLD,YES,NO,NEVER,24.0,32.0,39.2,48.9,73.3,50.7,65.8,30.0,46.2,73.8,48,HIGH
SYN-00356,Job Seeker,2025-11-06,PRIVATE,NO,PRIVATE,NO,NO,NO,NO,NO,NO,NO,NO,NO,NO,NOT_SURE,NEVER,SOMETIMES,NEVER,NEVER,PRIVATE,NOT_SURE,NEVER,NO,APPROVAL,SOMETIMES,OLD,SOMETIMES,YES,FRIENDS,NOT_SURE,NO_ONE,YES,SMS,NEVER,NOT_SURE,NOT_SURE,RECENT,YES,YES,OLD,YES,YES,NEVER,NEVER,SOMETIMES,NEVER,NO,SOMETIMES,NEVER,RECENT,OLD,NOT_SURE,SOMETIMES,NEVER,0.0,0.0,21.6,13.9,41.7,20.7,19.2,19.4,13.8,31.2,17,LOW
SYN-00357,Student,2026-04-17,PUBLIC,YES,PUBLIC,YES,YES,NOT_SURE,YES,NOT_SURE,NOT_SURE,YES,NOT_SURE,NOT_SURE,NOT_SURE,SOMETIMES,SOMETIMES,NOT_SURE,NOT_SURE,SOMETIMES,PUBLIC,OFTEN,OFTEN,NO,FRIENDS_OF_FRIENDS,SOMETIMES,NEVER,SOMETIMES,NOT_SURE,ANYONE,YES,ANYONE,NOT_SURE,SMS,NOT_SURE,NOT_SURE,NO,NEVER,NOT_SURE,NOT_SURE,NEVER,NOT_SURE,SOMETIMES,SOMETIMES,OFTEN,NO,OFTEN,NOT_SURE,YES,NOT_SURE,OLD,NEVER,YES,NOT_SURE,OFTEN,100.0,70.7,56.8,83.3,62.7,89.3,69.7,74.1,69.0,84.3,73,CRITICAL
SYN-00358,Professional,2025-12-03,PRIVATE,NO,PRIVATE,NO,NO,NO,NOT_SURE,NOT_SURE,NO,NOT_SURE,NO,NO,NO,NEVER,NOT_SURE,NOT_SURE,NEVER,NEVER,PRIVATE,SOMETIMES,NEVER,NO,FRIENDS_OF_FRIENDS,NEVER,RECENT,SOMETIMES,NOT_SURE,NO_ONE,NO,FRIENDS,YES,SMS,NOT_SURE,YES,NO,OLD,YES,YES,OLD,YES,SOMETIMES,NEVER,NOT_SURE,YES,SOMETIMES,NO,YES,SOMETIMES,OLD,OLD,NOT_SURE,SOMETIMES,SOMETIMES,0.0,24.0,16.0,16.7,18.7,30.0,31.0,31.2,27.2,54.0,23,MODERATE
SYN-00359,Job Seeker,2026-03-27,PUBLIC,NO,FRIENDS,NO,NO,NO,NOT_SURE,NOT_SURE,NO,NO,YES,NO,NOT_SURE,NOT_SURE,SOMETIMES,SOMETIMES,NOT_SURE,SOMETIMES,FRIENDS,SOMETIMES,SOMETIMES,NO,FRIENDS_OF_FRIENDS,OFTEN,NOT_SURE,SOMETIMES,YES,FRIENDS,NO,FRIENDS,NOT_SURE,NOT_SURE,SOMETIMES,NO,NOT_SURE,OLD,YES,SOMETIMES,NEVER,SOMETIMES,SOMETIMES,SOMETIMES,NEVER,NO,SOMETIMES,NO,YES,NEVER,OLD,OLD,NOT_SURE,NOT_SURE,SOMETIMES,37.0,26.0,56.0,41.7,74.7,15.0,59.9,69.4,26.2,57.0,46,HIGH
SYN-00360,Student,2026-07-18,FRIENDS,NOT_SURE,PRIVATE,NO,NOT_SURE,NO,NO,NO,NO,NO,NO,YES,NO,NOT_SURE,NEVER,SOMETIMES,SOMETIMES,SOMETIMES,PRIVATE,NEVER,SOMETIMES,NO,FRIENDS_OF_FRIENDS,NOT_SURE,RECENT,SOMETIMES,NOT_SURE,NO_ONE,NO,NO_ONE,YES,APP_OR_KEY,NEVER,NOT_SURE,NO,NOT_SURE,YES,SOMETIMES,RECENT,SOMETIMES,YES,NEVER,SOMETIMES,NOT_SURE,SOMETIMES,NO,SOMETIMES,SOMETIMES,OLD,OLD,NOT_SURE,SOMETIMES,SOMETIMES,27.5,10.0,38.4,13.3,38.7,25.0,27.8,11.8,45.5,54.0,28,MODERATE
SYN-00361,SMB Owner,2026-01-04,FRIENDS,NO,PRIVATE,NO,NO,NO,NO,NOT_SURE,NO,NO,NO,NO,NO,NEVER,NOT_SURE,NEVER,NEVER,NEVER,FRIENDS,NEVER,NOT_SURE,NO,APPROVAL,SOMETIMES,RECENT,YES,YES,FRIENDS,NO,NO_ONE,YES,APP_OR_KEY,SOMETIMES,NOT_SURE,YES,RECENT,YES,YES,OLD,YES,YES,NOT_SURE,SOMETIMES,SOMETIMES,NEVER,NO,YES,NEVER,OLD,NOT_SURE,NOT_SURE,YES,NEVER,10.5,8.0,8.0,22.8,24.0,10.0,17.5,28.2,17.2,43.8,17,LOW
SYN-00362,Professional,2026-09-16,PRIVATE,NO,FRIENDS,NO,NOT_SURE,NO,NO,NO,NO,NO,NO,NO,NO,NEVER,NEVER,NEVER,NEVER,NOT_SURE,FRIENDS,NEVER,NEVER,NOT_SURE,APPROVAL,NEVER,RECENT,YES,NOT_SURE,NO_ONE,NO,FRIENDS,YES,SMS,NEVER,YES,NOT_SURE,OLD,NOT_SURE,SOMETIMES,RECENT,YES,YES,NOT_SURE,NOT_SURE,YES,NEVER,NO,YES,NEVER,RECENT,RECENT,NOT_SURE,YES,NEVER,12.0,0.0,6.0,21.7,0.0,30.0,29.9,8.8,8.6,10.0,12,LOW
SYN-00363,Educator,2026-05-23,PRIVATE,NOT_SURE,PRIVATE,NO,NO,NO,NOT_SURE,NOT_SURE,NO,NO,NOT_SURE,NOT_SURE,NO,NEVER,SOMETIMES,SOMETIMES,SOMETIMES,NEVER,PRIVATE,SOMETIMES,NEVER,NOT_SURE,FRIENDS_OF_FRIENDS,NOT_SURE,OLD,YES,NOT_SURE,FRIENDS,NOT_SURE,FRIENDS,NOT_SURE,NOT_SURE,SOMETIMES,NOT_SURE,NOT_SURE,OLD,NOT_SURE,NOT_SURE,NEVER,NOT_SURE,NOT_SURE,NOT_SURE,NEVER,YES,NEVER,NO,SOMETIMES,NOT_SURE,NEVER,OLD,NOT_SURE,NOT_SURE,SOMETIMES,12.0,28.0,28.8,26.7,43.0,50.7,66.8,77.1,12.1,68.2,38,MODERATE
SYN-00364,SMB Owner,2026-08-01,FRIENDS,YES,PUBLIC,NO,NOT_SURE,NOT_SURE,YES,NOT_SURE,NO,YES,NOT_SURE,NOT_SURE,NOT_SURE,SOMETIMES,NOT_SURE,NOT_SURE,OFTEN,SOMETIMES,FRIENDS,SOMETIMES,SOMETIMES,NOT_SURE,FRIENDS_OF_FRIENDS,SOMETIMES,OLD,NO,NOT_SURE,FRIENDS,YES,FRIENDS,NO,NONE,SOMETIMES,NO,NO,NEVER,NO,NO,NEVER,NOT_SURE,SOMETIMES,NOT_SURE,SOMETIMES,NOT_SURE,NOT_SURE,NO,NO,SOMETIMES,NEVER,NOT_SURE,YES,NO,OFTEN,55.5,58.7,63.2,51.7,60.3,61.4,92.2,72.4,50.3,95.0,65,HIGH
SYN-00365,Student,2025-10-27,PUBLIC,YES,PRIVATE,NOT_SURE,NO,NO,NOT_SURE,NO,NO,NOT_SURE,NO,NO,NOT_SURE,NEVER,NOT_SURE,OFTEN,SOMETIMES,SOMETIMES,PRIVATE,SOMETIMES,NEVER,NO,FRIENDS_OF_FRIENDS,NEVER,RECENT,SOMETIMES,NOT_SURE,FRIENDS,NO,NO_ONE,YES,APP_OR_KEY,SOMETIMES,YES,NO,OLD,NOT_SURE,SOMETIMES,OLD,YES,YES,NEVER,SOMETIMES,YES,SOMETIMES,NO,SOMETIMES,NEVER,OLD,OLD,NO,SOMETIMES,NEVER,62.0,16.0,50.4,16.7,18.7,35.0,39.3,19.4,29.7,35.0,33,MODERATE
SYN-00366,Student,2026-01-30,FRIENDS,NO,PRIVATE,NO,NO,NO,NO,NO,NO,NOT_SURE,NO,NOT_SURE,YES,NEVER,SOMETIMES,SOMETIMES,NEVER,NEVER,FRIENDS,SOMETIMES,SOMETIMES,NO,FRIENDS_OF_FRIENDS,SOMETIMES,OLD,NOT_SURE,NO,NO_ONE,NO,FRIENDS,YES,SMS,NEVER,NOT_SURE,YES,RECENT,NOT_SURE,NOT_SURE,NEVER,YES,YES,NEVER,SOMETIMES,YES,SOMETIMES,NOT_SURE,SOMETIMES,NEVER,OLD,RECENT,NOT_SURE,YES,NEVER,10.5,14.0,35.2,41.7,56.3,40.7,25.0,35.3,41.7,23.8,31,MODERATE
SYN-00367,Educator,2026-07-26,PRIVATE,NO,PRIVATE,NO,NO,NO,NO,NO,NO,NO,NO,NO,NO,NEVER,NEVER,NEVER,NOT_SURE,NEVER,PRIVATE,NOT_SURE,NEVER,NO,APPROVAL,NEVER,RECENT,YES,YES,FRIENDS,NOT_SURE,FRIENDS,YES,NOT_SURE,NOT_SURE,YES,YES,OLD,NOT_SURE,SOMETIMES,OLD,YES,SOMETIMES,NOT_SURE,NEVER,YES,NEVER,NO,YES,NOT_SURE,OLD,RECENT,NO,SOMETIMES,NEVER,0.0,0.0,8.0,13.9,0.0,25.7,34.0,40.0,5.2,21.2,13,LOW
SYN-00368,Educator,2026-08-28,FRIENDS,YES,FRIENDS,NO,NO,NOT_SURE,NOT_SURE,NO,NO,NOT_SURE,NOT_SURE,NOT_SURE,NOT_SURE,SOMETIMES,NOT_SURE,NEVER,SOMETIMES,NEVER,FRIENDS,SOMETIMES,NOT_SURE,NOT_SURE,APPROVAL,NOT_SURE,OLD,SOMETIMES,YES,FRIENDS,NOT_SURE,NO_ONE,YES,SMS,SOMETIMES,NOT_SURE,YES,OLD,YES,SOMETIMES,NOT_SURE,SOMETIMES,YES,NOT_SURE,NOT_SURE,NOT_SURE,NEVER,NO,YES,NOT_SURE,OLD,OLD,NOT_SURE,SOMETIMES,SOMETIMES,37.5,40.0,41.6,49.4,37.7,20.7,31.8,48.8,23.4,54.0,38,MODERATE
SYN-00369,Educator,2026-01-30,FRIENDS,YES,PUBLIC,YES,YES,YES,YES,YES,NOT_SURE,YES,YES,NOT_SURE,NOT_SURE,SOMETIMES,SOMETIMES,OFTEN,OFTEN,SOMETIMES,PUBLIC,OFTEN,SOMETIMES,YES,FRIENDS_OF_FRIENDS,OFTEN,NEVER,NOT_SURE,NO,ANYONE,NOT_SURE,FRIENDS,NOT_SURE,SMS,NOT_SURE,NO,NO,NEVER,NO,SOMETIMES,OLD,SOMETIMES,NO,OFTEN,SOMETIMES,SOMETIMES,SOMETIMES,NOT_SURE,SOMETIMES,OFTEN,NEVER,NEVER,NOT_SURE,SOMETIMES,SOMETIMES,80.5,88.0,72.8,91.1,81.3,80.0,73.9,72.4,59.0,76.5,78,CRITICAL
SYN-00370,Professional,2025-10-19,FRIENDS,NO,FRIENDS,NOT_SURE,NOT_SURE,NO,NOT_SURE,NOT_SURE,NO,NO,NO,NO,NO,NOT_SURE,NEVER,NEVER,SOMETIMES,SOMETIMES,FRIENDS,SOMETIMES,SOMETIMES,NO,FRIENDS_OF_FRIENDS,NEVER,OLD,SOMETIMES,NO,FRIENDS,NO,FRIENDS,YES,SMS,NOT_SURE,YES,YES,OLD,YES,YES,OLD,SOMETIMES,SOMETIMES,SOMETIMES,NOT_SURE,YES,NEVER,NO,SOMETIMES,SOMETIMES,OLD,RECENT,NO,SOMETIMES,SOMETIMES,34.5,16.0,28.8,41.7,29.7,50.7,19.9,53.5,21.7,30.2,29,MODERATE
SYN-00371,Job Seeker,2025-12-12,PRIVATE,NOT_SURE,FRIENDS,NO,NO,NO,NO,NO,NO,NO,NO,NO,NOT_SURE,NEVER,NEVER,NEVER,NOT_SURE,NEVER,PRIVATE,NEVER,NEVER,NOT_SURE,APPROVAL,NEVER,OLD,SOMETIMES,NOT_SURE,ANYONE,NO,FRIENDS,NOT_SURE,APP_OR_KEY,NEVER,YES,YES,RECENT,YES,YES,NOT_SURE,YES,SOMETIMES,SOMETIMES,SOMETIMES,SOMETIMES,NEVER,NO,YES,NEVER,OLD,RECENT,YES,SOMETIMES,NOT_SURE,19.0,0.0,17.6,10.0,17.7,58.6,15.6,50.6,17.2,48.8,19,LOW
SYN-00372,Professional,2025-12-01,FRIENDS,NO,FRIENDS,NO,NO,NO,NO,NOT_SURE,NO,NOT_SURE,NO,NO,NO,NEVER,NEVER,NEVER,NOT_SURE,NEVER,FRIENDS,NEVER,NOT_SURE,NOT_SURE,FRIENDS_OF_FRIENDS,NEVER,OLD,SOMETIMES,YES,FRIENDS,NO,NO_ONE,YES,APP_OR_KEY,NEVER,YES,NOT_SURE,OLD,YES,SOMETIMES,OLD,SOMETIMES,SOMETIMES,NEVER,NEVER,YES,NEVER,NO,SOMETIMES,NEVER,OLD,OLD,NO,YES,NEVER,17.5,16.0,8.0,32.8,29.7,10.0,16.5,42.9,6.9,27.5,19,LOW
SYN-00373,SMB Owner,2026-09-03,PRIVATE,NO,PRIVATE,NO,NO,NO,NO,NO,NO,NO,NO,NOT_SURE,NO,NEVER,SOMETIMES,NEVER,NEVER,NEVER,FRIENDS,NEVER,NEVER,NO,FRIENDS_OF_FRIENDS,NEVER,RECENT,YES,YES,NO_ONE,NO,FRIENDS,YES,APP_OR_KEY,SOMETIMES,YES,YES,OLD,YES,YES,RECENT,YES,YES,NEVER,NEVER,YES,NEVER,NO,YES,NEVER,RECENT,RECENT,NO,YES,NEVER,0.0,6.0,9.6,11.7,12.0,5.0,16.2,0.0,0.0,0.0,7,LOW
SYN-00374,Student,2026-07-10,FRIENDS,NOT_SURE,FRIENDS,NOT_SURE,NOT_SURE,NOT_SURE,NOT_SURE,NOT_SURE,NOT_SURE,NOT_SURE,NOT_SURE,NOT_SURE,NOT_SURE,OFTEN,SOMETIMES,NOT_SURE,SOMETIMES,SOMETIMES,FRIENDS,NOT_SURE,SOMETIMES,NOT_SURE,EVERYONE,SOMETIMES,OLD,SOMETIMES,NO,FRIENDS,NOT_SURE,ANYONE,YES,SMS,SOMETIMES,NOT_SURE,NOT_SURE,NOT_SURE,NOT_SURE,NOT_SURE,NOT_SURE,NOT_SURE,SOMETIMES,SOMETIMES,SOMETIMES,NO,SOMETIMES,NO,NOT_SURE,SOMETIMES,OLD,OLD,YES,NOT_SURE,SOMETIMES,46.5,60.0,68.0,48.9,68.3,70.7,51.1,67.1,52.4,67.0,59,HIGH
SYN-00375,Student,2026-02-15,PUBLIC,NOT_SURE,FRIENDS,NOT_SURE,NOT_SURE,NOT_SURE,YES,NO,NOT_SURE,NOT_SURE,NOT_SURE,YES,NOT_SURE,NOT_SURE,SOMETIMES,SOMETIMES,SOMETIMES,SOMETIMES,FRIENDS,SOMETIMES,SOMETIMES,NO,APPROVAL,OFTEN,OLD,YES,NO,FRIENDS,NOT_SURE,FRIENDS,YES,SMS,NOT_SURE,NOT_SURE,NO,OLD,YES,SOMETIMES,NEVER,SOMETIMES,NO,NOT_SURE,NOT_SURE,SOMETIMES,SOMETIMES,NOT_SURE,SOMETIMES,SOMETIMES,OLD,OLD,NOT_SURE,NOT_SURE,OFTEN,66.0,61.3,57.6,41.7,51.0,61.4,41.0,79.4,53.1,63.0,55,HIGH
SYN-00376,Job Seeker,2026-08-19,FRIENDS,NO,FRIENDS,NO,NO,NO,NO,NO,NO,NOT_SURE,NO,NO,NOT_SURE,SOMETIMES,SOMETIMES,NOT_SURE,SOMETIMES,NEVER,PRIVATE,SOMETIMES,SOMETIMES,NO,APPROVAL,NEVER,NOT_SURE,SOMETIMES,YES,FRIENDS,NOT_SURE,NO_ONE,YES,APP_OR_KEY,NEVER,YES,NOT_SURE,OLD,YES,SOMETIMES,OLD,SOMETIMES,SOMETIMES,SOMETIMES,NOT_SURE,YES,NOT_SURE,NO,SOMETIMES,SOMETIMES,OLD,OLD,YES,SOMETIMES,NOT_SURE,17.5,8.0,51.2,30.0,22.7,20.7,16.5,53.5,32.1,62.5,28,MODERATE
SYN-00377,Student,2026-05-22,FRIENDS,NOT_SURE,FRIENDS,YES,YES,NOT_SURE,NO,NOT_SURE,NO,NOT_SURE,NOT_SURE,NOT_SURE,NOT_SURE,OFTEN,SOMETIMES,SOMETIMES,SOMETIMES,SOMETIMES,FRIENDS,NOT_SURE,OFTEN,YES,FRIENDS_OF_FRIENDS,NOT_SURE,RECENT,NO,NOT_SURE,NO_ONE,YES,ANYONE,NOT_SURE,SMS,SOMETIMES,NO,NOT_SURE,NEVER,YES,NOT_SURE,NEVER,NO,YES,OFTEN,SOMETIMES,SOMETIMES,SOMETIMES,YES,SOMETIMES,SOMETIMES,OLD,OLD,YES,NOT_SURE,OFTEN,59.5,40.0,69.6,64.4,45.3,60.7,63.1,76.5,66.9,73.0,60,HIGH
SYN-00378,Educator,2025-12-27,PUBLIC,YES,FRIENDS,YES,YES,NOT_SURE,NO,YES,NOT_SURE,YES,YES,YES,YES,SOMETIMES,OFTEN,OFTEN,OFTEN,OFTEN,FRIENDS,SOMETIMES,SOMETIMES,NOT_SURE,FRIENDS_OF_FRIENDS,OFTEN,NOT_SURE,NO,NOT_SURE,FRIENDS,NOT_SURE,ANYONE,NOT_SURE,SMS,OFTEN,NOT_SURE,NO,NEVER,NOT_SURE,SOMETIMES,NEVER,SOMETIMES,SOMETIMES,OFTEN,SOMETIMES,SOMETIMES,SOMETIMES,NO,NO,SOMETIMES,NEVER,OLD,YES,NO,SOMETIMES,87.0,70.7,90.4,51.7,81.3,60.0,77.8,76.5,49.7,82.8,74,CRITICAL
SYN-00379,Educator,2026-04-06,FRIENDS,NO,PRIVATE,NO,NO,NO,NO,NO,NO,NO,NO,NO,NO,NEVER,NEVER,NEVER,NEVER,NEVER,PRIVATE,NEVER,NEVER,NO,APPROVAL,SOMETIMES,OLD,YES,YES,FRIENDS,NO,NO_ONE,YES,APP_OR_KEY,NOT_SURE,YES,NOT_SURE,RECENT,YES,YES,RECENT,YES,YES,NEVER,NEVER,YES,NEVER,NO,YES,NEVER,RECENT,RECENT,NO,YES,SOMETIMES,10.5,0.0,0.0,0.0,35.0,10.0,17.5,0.0,0.0,9.0,8,LOW
SYN-00380,Educator,2026-01-29,PRIVATE,NO,FRIENDS,NO,NO,NO,NO,NO,NO,NO,NO,NO,NO,NEVER,NOT_SURE,NEVER,SOMETIMES,NEVER,PRIVATE,NEVER,SOMETIMES,NOT_SURE,FRIENDS_OF_FRIENDS,NEVER,OLD,SOMETIMES,YES,FRIENDS,NOT_SURE,FRIENDS,NOT_SURE,APP_OR_KEY,NEVER,NOT_SURE,YES,RECENT,NOT_SURE,SOMETIMES,OLD,SOMETIMES,YES,SOMETIMES,NOT_SURE,YES,NEVER,NO,SOMETIMES,SOMETIMES,OLD,OLD,NO,SOMETIMES,NEVER,7.0,0.0,17.6,23.3,29.7,25.7,33.3,41.8,21.7,35.0,21,MODERATE
SYN-00381,Educator,2026-09-20,PUBLIC,NO,FRIENDS,NOT_SURE,NO,NOT_SURE,NOT_SURE,NOT_SURE,NO,NO,NO,NOT_SURE,NOT_SURE,NOT_SURE,SOMETIMES,NOT_SURE,NOT_SURE,SOMETIMES,PRIVATE,NEVER,SOMETIMES,NOT_SURE,FRIENDS_OF_FRIENDS,OFTEN,OLD,YES,NOT_SURE,FRIENDS,YES,FRIENDS,NOT_SURE,APP_OR_KEY,NEVER,YES,YES,OLD,NOT_SURE,SOMETIMES,OLD,SOMETIMES,YES,SOMETIMES,SOMETIMES,YES,NOT_SURE,NO,SOMETIMES,SOMETIMES,NOT_SURE,OLD,NOT_SURE,NOT_SURE,SOMETIMES,49.0,34.0,54.4,23.3,63.0,61.4,32.1,41.8,33.8,63.2,43,HIGH
SYN-00382,Professional,2026-07-14,FRIENDS,NO,PRIVATE,NO,NO,NO,NO,NO,NO,NO,NO,NO,NO,NEVER,NEVER,NEVER,NEVER,NEVER,FRIENDS,NEVER,NEVER,NOT_SURE,APPROVAL,NEVER,RECENT,YES,YES,NO_ONE,NOT_SURE,NO_ONE,YES,APP_OR_KEY,NEVER,YES,YES,RECENT,YES,YES,RECENT,SOMETIMES,YES,SOMETIMES,SOMETIMES,YES,NEVER,NO,NOT_SURE,NEVER,OLD,OLD,NOT_SURE,SOMETIMES,NEVER,10.5,0.0,0.0,21.7,0.0,10.7,0.0,22.4,20.0,45.0,9,LOW
SYN-00383,Educator,2026-05-01,FRIENDS,NOT_SURE,PUBLIC,NOT_SURE,NOT_SURE,NO,NOT_SURE,NOT_SURE,NO,NOT_SURE,YES,NOT_SURE,NOT_SURE,NOT_SURE,SOMETIMES,NOT_SURE,SOMETIMES,SOMETIMES,PUBLIC,NOT_SURE,SOMETIMES,NOT_SURE,EVERYONE,SOMETIMES,OLD,SOMETIMES,NOT_SURE,ANYONE,YES,FRIENDS,NO,NONE,SOMETIMES,NO,NOT_SURE,NEVER,NOT_SURE,SOMETIMES,OLD,NOT_SURE,NO,SOMETIMES,NOT_SURE,SOMETIMES,NOT_SURE,NOT_SURE,SOMETIMES,SOMETIMES,OLD,OLD,YES,NO,NOT_SURE,59.5,40.0,56.0,70.6,68.3,80.0,81.4,70.0,51.0,70.0,63,HIGH
SYN-00384,Student,2026-03-25,FRIENDS,NOT_SURE,FRIENDS,YES,NOT_SURE,NOT_SURE,NO,NOT_SURE,NOT_SURE,NOT_SURE,NO,NOT_SURE,NOT_SURE,SOMETIMES,OFTEN,SOMETIMES,SOMETIMES,SOMETIMES,FRIENDS,NOT_SURE,SOMETIMES,YES,EVERYONE,NOT_SURE,OLD,SOMETIMES,NOT_SURE,FRIENDS,NOT_SURE,FRIENDS,NOT_SURE,SMS,SOMETIMES,NOT_SURE,NO,NEVER,YES,SOMETIMES,NOT_SURE,SOMETIMES,YES,SOMETIMES,NOT_SURE,SOMETIMES,NOT_SURE,NOT_SURE,NOT_SURE,NOT_SURE,NOT_SURE,NEVER,YES,NOT_SURE,SOMETIMES,54.5,46.0,66.4,55.6,64.3,50.7,62.2,50.6,52.8,84.5,58,HIGH
SYN-00385,Student,2026-04-17,FRIENDS,NOT_SURE,FRIENDS,NO,NO,NO,NO,NOT_SURE,NO,YES,NO,NO,NOT_SURE,SOMETIMES,NOT_SURE,NEVER,NEVER,SOMETIMES,PRIVATE,NEVER,NEVER,NO,APPROVAL,SOMETIMES,RECENT,YES,YES,NO_ONE,NOT_SURE,NO_ONE,YES,APP_OR_KEY,NEVER,YES,NOT_SURE,OLD,YES,YES,OLD,SOMETIMES,SOMETIMES,SOMETIMES,NOT_SURE,YES,NEVER,NO,SOMETIMES,NEVER,OLD,OLD,NO,SOMETIMES,NEVER,29.5,21.3,39.2,0.0,24.0,10.7,12.4,53.5,15.5,35.0,23,MODERATE
SYN-00386,Student,2026-05-18,FRIENDS,NOT_SURE,FRIENDS,NO,NO,NO,NO,NO,NO,NO,NOT_SURE,NOT_SURE,NOT_SURE,NEVER,NEVER,SOMETIMES,NEVER,NEVER,FRIENDS,NEVER,NEVER,NO,FRIENDS_OF_FRIENDS,NOT_SURE,RECENT,YES,YES,FRIENDS,NOT_SURE,FRIENDS,YES,SMS,NEVER,NOT_SURE,YES,RECENT,YES,SOMETIMES,NOT_SURE,YES,YES,NEVER,NEVER,SOMETIMES,NEVER,NO,YES,NEVER,OLD,RECENT,NOT_SURE,NOT_SURE,NEVER,29.5,12.0,19.2,11.7,32.0,25.7,15.6,28.2,6.9,34.2,19,LOW
SYN-00387,SMB Owner,2026-09-11,FRIENDS,NOT_SURE,FRIENDS,NO,NO,NO,NO,NO,NO,NO,NO,NO,NOT_SURE,SOMETIMES,SOMETIMES,SOMETIMES,SOMETIMES,NEVER,FRIENDS,NEVER,NEVER,NOT_SURE,FRIENDS_OF_FRIENDS,SOMETIMES,OLD,SOMETIMES,NOT_SURE,FRIENDS,NOT_SURE,NO_ONE,YES,SMS,NOT_SURE,YES,NOT_SURE,RECENT,NOT_SURE,SOMETIMES,OLD,YES,SOMETIMES,NEVER,SOMETIMES,SOMETIMES,NEVER,NO,NOT_SURE,NOT_SURE,OLD,OLD,NO,SOMETIMES,SOMETIMES,29.5,0.0,52.8,21.7,53.7,45.7,35.0,31.2,32.1,44.0,33,MODERATE
SYN-00388,Student,2025-11-09,PRIVATE,NOT_SURE,FRIENDS,NO,NO,NO,NO,NOT_SURE,NO,NO,NO,NO,NO,NEVER,NEVER,NEVER,SOMETIMES,NEVER,FRIENDS,NEVER,NEVER,NO,FRIENDS_OF_FRIENDS,NEVER,OLD,YES,YES,NO_ONE,NOT_SURE,FRIENDS,YES,SMS,NEVER,NOT_SURE,NO,OLD,YES,YES,OLD,YES,YES,NEVER,NEVER,SOMETIMES,NEVER,NO,YES,NEVER,OLD,OLD,NO,SOMETIMES,NOT_SURE,19.0,8.0,9.6,11.7,23.0,15.7,27.1,19.4,6.9,42.5,17,LOW
SYN-00389,Job Seeker,2026-02-22,PUBLIC,NOT_SURE,PUBLIC,YES,NOT_SURE,NOT_SURE,NOT_SURE,YES,NOT_SURE,YES,NOT_SURE,YES,YES,SOMETIMES,SOMETIMES,SOMETIMES,SOMETIMES,SOMETIMES,FRIENDS,SOMETIMES,NOT_SURE,YES,FRIENDS_OF_FRIENDS,OFTEN,OLD,NO,NO,ANYONE,YES,ANYONE,NO,NONE,OFTEN,NOT_SURE,NO,NEVER,NO,NO,NOT_SURE,NO,SOMETIMES,OFTEN,OFTEN,SOMETIMES,SOMETIMES,NOT_SURE,SOMETIMES,OFTEN,OLD,OLD,YES,NOT_SURE,NOT_SURE,87.0,74.7,66.4,56.1,76.3,100.0,97.5,81.2,65.9,65.5,77,CRITICAL
SYN-00390,Job Seeker,2026-09-19,PRIVATE,NOT_SURE,PRIVATE,NOT_SURE,NOT_SURE,NO,YES,NO,NO,NO,NOT_SURE,NOT_SURE,NO,SOMETIMES,NOT_SURE,NEVER,SOMETIMES,SOMETIMES,PRIVATE,NEVER,NEVER,NO,FRIENDS_OF_FRIENDS,NOT_SURE,RECENT,SOMETIMES,YES,FRIENDS,NO,NO_ONE,YES,NOT_SURE,SOMETIMES,NOT_SURE,YES,OLD,YES,YES,NOT_SURE,YES,SOMETIMES,SOMETIMES,NEVER,YES,NOT_SURE,NO,YES,NEVER,OLD,OLD,NOT_SURE,SOMETIMES,NOT_SURE,29.0,25.3,39.2,0.0,38.7,10.0,29.9,50.6,10.3,52.5,28,MODERATE
SYN-00391,Job Seeker,2026-08-21,FRIENDS,NO,FRIENDS,NO,NO,NO,NO,NO,NO,NO,NOT_SURE,NO,NO,NEVER,NEVER,NEVER,NEVER,NEVER,FRIENDS,NEVER,NEVER,NO,FRIENDS_OF_FRIENDS,NOT_SURE,RECENT,YES,YES,FRIENDS,NO,FRIENDS,YES,APP_OR_KEY,NEVER,YES,YES,OLD,YES,YES,RECENT,YES,YES,NEVER,NOT_SURE,YES,NEVER,NO,YES,NEVER,OLD,RECENT,NO,SOMETIMES,NEVER,17.5,6.0,0.0,11.7,32.0,15.0,4.6,0.0,8.6,21.2,10,LOW
SYN-00392,Educator,2026-05-21,PRIVATE,NO,PRIVATE,NO,NO,NO,NO,NO,NO,NO,NO,NO,NO,NEVER,NEVER,NEVER,NEVER,NEVER,PRIVATE,NEVER,NEVER,NO,FRIENDS_OF_FRIENDS,NEVER,RECENT,YES,YES,FRIENDS,NO,NO_ONE,YES,SMS,NOT_SURE,YES,YES,RECENT,YES,YES,OLD,YES,YES,NEVER,NEVER,YES,NEVER,NO,YES,NEVER,OLD,RECENT,NO,YES,NEVER,0.0,0.0,0.0,0.0,12.0,10.0,15.3,19.4,0.0,13.8,6,LOW
SYN-00393,Professional,2026-09-30,FRIENDS,NO,FRIENDS,NOT_SURE,NO,NO,NO,NOT_SURE,NO,NOT_SURE,YES,NO,NOT_SURE,NEVER,NEVER,NEVER,NOT_SURE,NEVER,FRIENDS,SOMETIMES,NEVER,NO,FRIENDS_OF_FRIENDS,SOMETIMES,OLD,SOMETIMES,YES,FRIENDS,NOT_SURE,FRIENDS,YES,APP_OR_KEY,NOT_SURE,NO,YES,NOT_SURE,NOT_SURE,YES,RECENT,SOMETIMES,SOMETIMES,NOT_SURE,NOT_SURE,YES,NOT_SURE,NO,SOMETIMES,NOT_SURE,OLD,OLD,NOT_SURE,SOMETIMES,SOMETIMES,29.5,26.0,17.6,28.3,53.7,25.7,32.5,32.4,31.0,54.0,31,MODERATE
SYN-00394,Professional,2025-11-29,PRIVATE,NO,PRIVATE,NO,NOT_SURE,NO,NO,NO,NO,NOT_SURE,NO,NO,NO,NEVER,SOMETIMES,NEVER,NEVER,NEVER,PRIVATE,NEVER,NEVER,NO,APPROVAL,NEVER,RECENT,SOMETIMES,YES,FRIENDS,NO,FRIENDS,YES,APP_OR_KEY,NEVER,YES,YES,OLD,YES,SOMETIMES,RECENT,YES,YES,NEVER,NEVER,YES,SOMETIMES,NO,YES,NEVER,OLD,RECENT,NOT_SURE,YES,NOT_SURE,5.0,8.0,9.6,0.0,6.7,15.0,8.8,0.0,12.4,31.2,9,LOW
SYN-00395,Professional,2025-12-17,FRIENDS,NOT_SURE,PRIVATE,NOT_SURE,NOT_SURE,NO,NOT_SURE,NOT_SURE,NO,NOT_SURE,NOT_SURE,NOT_SURE,NOT_SURE,SOMETIMES,SOMETIMES,SOMETIMES,OFTEN,NOT_SURE,FRIENDS,NOT_SURE,NEVER,NOT_SURE,FRIENDS_OF_FRIENDS,NOT_SURE,OLD,SOMETIMES,NOT_SURE,FRIENDS,NOT_SURE,NO_ONE,NO,NONE,SOMETIMES,NOT_SURE,NOT_SURE,OLD,NOT_SURE,SOMETIMES,OLD,YES,YES,SOMETIMES,SOMETIMES,SOMETIMES,SOMETIMES,NO,NOT_SURE,SOMETIMES,OLD,OLD,NOT_SURE,SOMETIMES,SOMETIMES,39.5,36.0,65.2,35.6,49.7,45.7,75.1,30.0,45.5,54.0,50,HIGH
SYN-00396,Student,2026-04-16,PRIVATE,NOT_SURE,FRIENDS,NO,NO,NO,NO,NO,NO,NO,NOT_SURE,NO,NOT_SURE,SOMETIMES,NEVER,SOMETIMES,NEVER,NEVER,FRIENDS,SOMETIMES,OFTEN,NOT_SURE,FRIENDS_OF_FRIENDS,NOT_SURE,OLD,YES,NOT_SURE,FRIENDS,NOT_SURE,FRIENDS,YES,APP_OR_KEY,SOMETIMES,YES,YES,NOT_SURE,YES,SOMETIMES,OLD,YES,YES,NEVER,NEVER,YES,SOMETIMES,NO,SOMETIMES,SOMETIMES,RECENT,OLD,NOT_SURE,SOMETIMES,NEVER,19.0,6.0,33.6,60.6,43.0,50.7,22.5,19.4,25.5,31.2,29,MODERATE
SYN-00397,Student,2025-12-22,PUBLIC,YES,FRIENDS,NOT_SURE,NOT_SURE,NOT_SURE,YES,NOT_SURE,NOT_SURE,NOT_SURE,YES,YES,YES,NOT_SURE,SOMETIMES,OFTEN,SOMETIMES,NOT_SURE,PUBLIC,OFTEN,SOMETIMES,YES,EVERYONE,SOMETIMES,NOT_SURE,SOMETIMES,NO,FRIENDS,NO,ANYONE,NOT_SURE,SMS,SOMETIMES,NOT_SURE,NO,NEVER,NO,NOT_SURE,NEVER,SOMETIMES,NO,OFTEN,OFTEN,SOMETIMES,OFTEN,YES,NO,OFTEN,NEVER,NEVER,YES,SOMETIMES,SOMETIMES,74.0,73.3,69.2,91.1,73.3,60.0,75.0,88.2,93.1,86.5,78,CRITICAL
SYN-00398,Student,2026-07-22,PRIVATE,NO,FRIENDS,NO,NOT_SURE,NO,NOT_SURE,NOT_SURE,NO,NOT_SURE,NO,NO,NO,NEVER,SOMETIMES,NOT_SURE,NOT_SURE,NEVER,FRIENDS,NOT_SURE,NEVER,NOT_SURE,FRIENDS_OF_FRIENDS,SOMETIMES,OLD,NOT_SURE,NOT_SURE,FRIENDS,NO,FRIENDS,YES,SMS,SOMETIMES,NOT_SURE,NO,NOT_SURE,YES,SOMETIMES,OLD,SOMETIMES,YES,NEVER,NOT_SURE,YES,NOT_SURE,NO,YES,NEVER,OLD,RECENT,NOT_SURE,NO,SOMETIMES,12.0,24.0,25.6,35.6,56.3,40.0,45.0,31.2,19.0,47.8,32,MODERATE
SYN-00399,Professional,2025-11-29,FRIENDS,NO,FRIENDS,YES,YES,NOT_SURE,NO,NOT_SURE,NOT_SURE,YES,NO,YES,NOT_SURE,SOMETIMES,SOMETIMES,SOMETIMES,SOMETIMES,SOMETIMES,PUBLIC,OFTEN,SOMETIMES,YES,EVERYONE,SOMETIMES,OLD,SOMETIMES,NOT_SURE,FRIENDS,YES,ANYONE,NO,NONE,SOMETIMES,NOT_SURE,NOT_SURE,NEVER,NO,SOMETIMES,NOT_SURE,SOMETIMES,NOT_SURE,NEVER,SOMETIMES,SOMETIMES,NOT_SURE,NO,NO,SOMETIMES,OLD,OLD,NOT_SURE,SOMETIMES,NOT_SURE,47.5,55.3,60.0,91.1,68.3,70.7,82.2,56.5,47.6,52.5,64,HIGH
SYN-00400,Student,2025-11-26,PUBLIC,NO,FRIENDS,NO,NO,NO,NO,YES,NO,NO,NOT_SURE,NOT_SURE,NO,SOMETIMES,SOMETIMES,NEVER,NEVER,SOMETIMES,FRIENDS,SOMETIMES,NOT_SURE,NOT_SURE,FRIENDS_OF_FRIENDS,SOMETIMES,OLD,SOMETIMES,NO,FRIENDS,NO,FRIENDS,NOT_SURE,SMS,NOT_SURE,NOT_SURE,NOT_SURE,OLD,NOT_SURE,YES,OLD,SOMETIMES,YES,SOMETIMES,NEVER,SOMETIMES,SOMETIMES,NO,YES,NOT_SURE,OLD,OLD,NOT_SURE,SOMETIMES,SOMETIMES,37.0,25.3,31.2,49.4,53.7,50.7,56.8,41.8,24.5,54.0,41,HIGH
SYN-00401,Professional,2026-07-06,FRIENDS,NOT_SURE,PRIVATE,NOT_SURE,NOT_SURE,NO,NO,NOT_SURE,NO,NO,NO,NO,NO,NEVER,NOT_SURE,NOT_SURE,SOMETIMES,SOMETIMES,FRIENDS,NOT_SURE,NEVER,NO,APPROVAL,NOT_SURE,NOT_SURE,YES,NOT_SURE,FRIENDS,NO,FRIENDS,YES,SMS,NEVER,NOT_SURE,NOT_SURE,OLD,YES,SOMETIMES,RECENT,SOMETIMES,SOMETIMES,OFTEN,NEVER,NO,NEVER,NO,SOMETIMES,NEVER,RECENT,OLD,NO,SOMETIMES,SOMETIMES,39.5,8.0,32.8,25.6,36.0,40.0,27.9,41.2,20.7,30.2,28,MODERATE
SYN-00402,Professional,2026-05-20,FRIENDS,NOT_SURE,FRIENDS,NOT_SURE,NOT_SURE,NO,NO,NO,NO,NOT_SURE,NOT_SURE,NOT_SURE,NOT_SURE,NOT_SURE,SOMETIMES,SOMETIMES,SOMETIMES,NEVER,FRIENDS,NEVER,NEVER,NOT_SURE,APPROVAL,NOT_SURE,OLD,NOT_SURE,NOT_SURE,FRIENDS,NOT_SURE,NO_ONE,NOT_SURE,APP_OR_KEY,NOT_SURE,NOT_SURE,YES,OLD,NOT_SURE,SOMETIMES,OLD,YES,NOT_SURE,SOMETIMES,SOMETIMES,SOMETIMES,SOMETIMES,NO,SOMETIMES,NEVER,NOT_SURE,NEVER,NOT_SURE,YES,SOMETIMES,46.5,20.0,50.4,21.7,40.3,45.7,47.6,46.5,36.6,64.0,40,MODERATE
SYN-00403,SMB Owner,2026-02-27,PRIVATE,NOT_SURE,FRIENDS,NOT_SURE,NOT_SURE,NOT_SURE,NO,NO,NO,NOT_SURE,NOT_SURE,NOT_SURE,NOT_SURE,SOMETIMES,SOMETIMES,OFTEN,SOMETIMES,NEVER,FRIENDS,NEVER,NOT_SURE,NOT_SURE,FRIENDS_OF_FRIENDS,SOMETIMES,OLD,NOT_SURE,YES,FRIENDS,NO,FRIENDS,NO,NONE,NOT_SURE,YES,NOT_SURE,OLD,YES,NOT_SURE,NEVER,SOMETIMES,SOMETIMES,NOT_SURE,SOMETIMES,NOT_SURE,SOMETIMES,NO,SOMETIMES,SOMETIMES,NOT_SURE,OLD,NOT_SURE,SOMETIMES,OFTEN,36.0,32.0,59.2,32.8,56.3,15.0,61.2,67.6,45.5,66.2,47,HIGH
SYN-00404,Student,2025-12-19,FRIENDS,YES,FRIENDS,YES,YES,NOT_SURE,NOT_SURE,NOT_SURE,NO,NOT_SURE,YES,YES,YES,SOMETIMES,SOMETIMES,OFTEN,SOMETIMES,OFTEN,PUBLIC,SOMETIMES,SOMETIMES,YES,FRIENDS_OF_FRIENDS,OFTEN,OLD,NO,NO,ANYONE,YES,FRIENDS,NO,NONE,SOMETIMES,NOT_SURE,NO,NEVER,NO,SOMETIMES,NEVER,NOT_SURE,NO,OFTEN,NEVER,SOMETIMES,SOMETIMES,NO,NO,NOT_SURE,NEVER,OLD,NOT_SURE,NO,SOMETIMES,67.5,56.0,77.6,80.0,76.3,90.7,85.6,92.9,38.3,72.8,72,CRITICAL
SYN-00405,Job Seeker,2026-06-25,FRIENDS,YES,PUBLIC,NOT_SURE,NOT_SURE,NOT_SURE,NOT_SURE,YES,NO,NOT_SURE,NOT_SURE,NOT_SURE,NOT_SURE,OFTEN,OFTEN,NOT_SURE,SOMETIMES,SOMETIMES,PUBLIC,OFTEN,SOMETIMES,NOT_SURE,EVERYONE,SOMETIMES,NEVER,SOMETIMES,NO,ANYONE,YES,ANYONE,NO,NONE,OFTEN,NOT_SURE,NO,OLD,NOT_SURE,NO,NOT_SURE,NO,NO,SOMETIMES,SOMETIMES,NOT_SURE,NOT_SURE,NOT_SURE,NO,SOMETIMES,NEVER,OLD,NOT_SURE,NOT_SURE,SOMETIMES,67.5,53.3,74.4,84.4,77.3,100.0,90.4,85.9,62.4,68.2,75,CRITICAL
SYN-00406,Student,2026-07-06,FRIENDS,NO,FRIENDS,NO,NO,NO,NO,NOT_SURE,NO,NO,NO,NO,NO,NEVER,NEVER,SOMETIMES,NOT_SURE,NEVER,FRIENDS,SOMETIMES,NEVER,NO,FRIENDS_OF_FRIENDS,NEVER,RECENT,SOMETIMES,YES,FRIENDS,NO,FRIENDS,YES,APP_OR_KEY,NEVER,YES,NOT_SURE,OLD,NO,YES,NOT_SURE,SOMETIMES,NOT_SURE,NEVER,NEVER,SOMETIMES,NEVER,NO,YES,NEVER,OLD,OLD,NOT_SURE,SOMETIMES,SOMETIMES,17.5,8.0,17.6,28.3,18.7,15.0,23.5,56.5,6.9,54.0,21,MODERATE
SYN-00407,SMB Owner,2026-09-17,FRIENDS,NO,FRIENDS,NO,NO,NO,NO,NO,NO,NO,NO,NOT_SURE,NO,SOMETIMES,NEVER,NEVER,NEVER,NEVER,PRIVATE,NEVER,NEVER,NO,APPROVAL,NEVER,RECENT,YES,YES,NO_ONE,NO,FRIENDS,YES,APP_OR_KEY,NEVER,YES,YES,OLD,YES,YES,OLD,YES,YES,NEVER,NEVER,YES,SOMETIMES,NO,YES,NEVER,RECENT,RECENT,NOT_SURE,SOMETIMES,NEVER,17.5,6.0,14.4,0.0,0.0,5.0,4.6,19.4,12.4,17.5,9,LOW
SYN-00408,SMB Owner,2025-11-29,PUBLIC,NOT_SURE,FRIENDS,NOT_SURE,YES,NO,YES,YES,NO,YES,NOT_SURE,NOT_SURE,NOT_SURE,SOMETIMES,SOMETIMES,SOMETIMES,SOMETIMES,NOT_SURE,PUBLIC,SOMETIMES,OFTEN,NOT_SURE,FRIENDS_OF_FRIENDS,SOMETIMES,NOT_SURE,SOMETIMES,NO,FRIENDS,NOT_SURE,ANYONE,YES,SMS,NOT_SURE,NOT_SURE,NO,NOT_SURE,NOT_SURE,YES,OLD,SOMETIMES,SOMETIMES,SOMETIMES,NEVER,SOMETIMES,SOMETIMES,NO,SOMETIMES,SOMETIMES,OLD,NEVER,NOT_SURE,NOT_SURE,SOMETIMES,71.0,52.0,58.8,82.2,58.7,70.7,46.7,53.5,32.4,68.2,58,HIGH
SYN-00409,Professional,2025-10-13,FRIENDS,YES,FRIENDS,YES,NOT_SURE,NOT_SURE,YES,YES,NO,YES,NO,NOT_SURE,NO,SOMETIMES,NOT_SURE,NOT_SURE,SOMETIMES,SOMETIMES,PUBLIC,SOMETIMES,NOT_SURE,NOT_SURE,FRIENDS_OF_FRIENDS,NEVER,NOT_SURE,SOMETIMES,NOT_SURE,FRIENDS,YES,ANYONE,NOT_SURE,APP_OR_KEY,NEVER,NO,NO,NEVER,NOT_SURE,SOMETIMES,NOT_SURE,SOMETIMES,SOMETIMES,OFTEN,OFTEN,SOMETIMES,SOMETIMES,NO,SOMETIMES,NEVER,NEVER,NEVER,NOT_SURE,NO,SOMETIMES,62.5,58.0,47.2,71.1,34.7,70.7,55.3,69.4,43.4,84.0,56,HIGH
SYN-00410,Student,2026-04-30,PUBLIC,YES,PUBLIC,NOT_SURE,YES,YES,YES,YES,NOT_SURE,NOT_SURE,NOT_SURE,YES,NOT_SURE,OFTEN,OFTEN,OFTEN,SOMETIMES,OFTEN,PUBLIC,SOMETIMES,NOT_SURE,YES,FRIENDS_OF_FRIENDS,SOMETIMES,NEVER,NO,NOT_SURE,ANYONE,YES,ANYONE,NO,NONE,OFTEN,NO,NO,NEVER,NOT_SURE,SOMETIMES,NOT_SURE,NO,NOT_SURE,SOMETIMES,OFTEN,NO,OFTEN,NOT_SURE,NO,OFTEN,NEVER,NEVER,YES,NO,SOMETIMES,92.0,82.7,87.2,77.8,69.3,89.3,92.5,78.8,87.9,94.0,85,CRITICAL
SYN-00411,Professional,2025-10-23,PRIVATE,NOT_SURE,FRIENDS,YES,NOT_SURE,NOT_SURE,YES,NOT_SURE,NOT_SURE,NOT_SURE,NOT_SURE,NOT_SURE,NOT_SURE,SOMETIMES,NEVER,SOMETIMES,SOMETIMES,SOMETIMES,FRIENDS,NEVER,SOMETIMES,NOT_SURE,FRIENDS_OF_FRIENDS,SOMETIMES,OLD,NO,NOT_SURE,NO_ONE,NOT_SURE,ANYONE,NO,NONE,SOMETIMES,NOT_SURE,NO,NEVER,NO,SOMETIMES,NOT_SURE,NO,SOMETIMES,SOMETIMES,SOMETIMES,NOT_SURE,SOMETIMES,NO,NO,SOMETIMES,OLD,OLD,NOT_SURE,NO,OFTEN,44.0,65.3,50.4,35.0,60.3,50.0,85.6,74.1,52.4,67.5,59,HIGH
SYN-00412,Professional,2026-09-08,FRIENDS,NO,PRIVATE,NO,NO,NO,NO,NO,NO,NO,NO,NO,NOT_SURE,NEVER,NEVER,NEVER,NEVER,SOMETIMES,PRIVATE,NEVER,NEVER,NO,FRIENDS_OF_FRIENDS,NEVER,OLD,YES,YES,NO_ONE,NO,FRIENDS,YES,APP_OR_KEY,SOMETIMES,YES,YES,RECENT,YES,YES,OLD,YES,YES,NEVER,NOT_SURE,YES,NEVER,NO,SOMETIMES,NEVER,OLD,RECENT,NO,YES,NEVER,10.5,0.0,16.8,0.0,23.0,5.0,11.7,19.4,15.5,13.8,11,LOW
SYN-00413,Educator,2025-11-25,PUBLIC,NOT_SURE,FRIENDS,NOT_SURE,NOT_SURE,NOT_SURE,YES,NOT_SURE,NOT_SURE,NOT_SURE,YES,NOT_SURE,NOT_SURE,NOT_SURE,NOT_SURE,NOT_SURE,SOMETIMES,SOMETIMES,PUBLIC,NOT_SURE,OFTEN,NOT_SURE,FRIENDS_OF_FRIENDS,SOMETIMES,OLD,NO,NO,ANYONE,YES,FRIENDS,NOT_SURE,NOT_SURE,OFTEN,NO,NOT_SURE,OLD,NO,NO,NEVER,SOMETIMES,NO,SOMETIMES,SOMETIMES,NOT_SURE,OFTEN,NOT_SURE,NOT_SURE,NOT_SURE,NEVER,NOT_SURE,YES,SOMETIMES,SOMETIMES,66.0,69.3,54.4,79.4,60.3,90.7,82.9,81.2,67.6,81.5,71,CRITICAL
SYN-00414,Educator,2026-02-17,PUBLIC,NOT_SURE,FRIENDS,NO,NOT_SURE,YES,NOT_SURE,NOT_SURE,NOT_SURE,NO,NOT_SURE,YES,YES,OFTEN,OFTEN,SOMETIMES,SOMETIMES,NEVER,FRIENDS,NEVER,SOMETIMES,NOT_SURE,FRIENDS_OF_FRIENDS,SOMETIMES,NOT_SURE,NO,NO,FRIENDS,YES,ANYONE,NO,NONE,NOT_SURE,NO,NO,NOT_SURE,NOT_SURE,SOMETIMES,OLD,NO,NOT_SURE,SOMETIMES,NEVER,NOT_SURE,SOMETIMES,NOT_SURE,NOT_SURE,OFTEN,NOT_SURE,NEVER,NOT_SURE,SOMETIMES,OFTEN,54.0,64.0,75.2,35.0,65.3,81.4,81.1,70.0,54.1,77.5,65,HIGH
SYN-00415,SMB Owner,2026-07-28,PUBLIC,NOT_SURE,PUBLIC,YES,YES,NOT_SURE,NO,YES,NO,NOT_SURE,NO,NO,NOT_SURE,NOT_SURE,SOMETIMES,SOMETIMES,SOMETIMES,SOMETIMES,PUBLIC,SOMETIMES,NOT_SURE,NO,EVERYONE,SOMETIMES,OLD,SOMETIMES,NO,FRIENDS,NOT_SURE,FRIENDS,NOT_SURE,NOT_SURE,SOMETIMES,NO,NOT_SURE,NEVER,NOT_SURE,SOMETIMES,NOT_SURE,NOT_SURE,SOMETIMES,NOT_SURE,SOMETIMES,NO,NOT_SURE,NOT_SURE,SOMETIMES,NOT_SURE,OLD,OLD,YES,NOT_SURE,SOMETIMES,92.0,33.3,57.6,61.1,68.3,61.4,71.4,65.3,58.6,67.0,62,HIGH
SYN-00416,SMB Owner,2026-05-20,FRIENDS,NO,FRIENDS,NO,NO,NO,NO,NOT_SURE,NO,NO,NOT_SURE,NO,NOT_SURE,SOMETIMES,SOMETIMES,SOMETIMES,NEVER,NOT_SURE,FRIENDS,NEVER,NEVER,NOT_SURE,EVERYONE,NEVER,OLD,SOMETIMES,YES,FRIENDS,NOT_SURE,FRIENDS,YES,SMS,SOMETIMES,YES,NOT_SURE,OLD,YES,SOMETIMES,OLD,YES,SOMETIMES,NEVER,NEVER,SOMETIMES,NEVER,NO,SOMETIMES,SOMETIMES,OLD,RECENT,NOT_SURE,SOMETIMES,SOMETIMES,17.5,14.0,49.2,21.7,44.3,25.7,33.8,31.2,20.0,40.3,30,MODERATE
SYN-00417,Student,2026-07-21,PUBLIC,YES,PUBLIC,NOT_SURE,NOT_SURE,NOT_SURE,NOT_SURE,YES,NOT_SURE,NOT_SURE,NOT_SURE,YES,NOT_SURE,NOT_SURE,OFTEN,OFTEN,OFTEN,SOMETIMES,PUBLIC,SOMETIMES,SOMETIMES,YES,EVERYONE,SOMETIMES,NOT_SURE,NO,NOT_SURE,ANYONE,YES,ANYONE,NOT_SURE,SMS,SOMETIMES,NO,NOT_SURE,OLD,NO,NO,NEVER,NO,SOMETIMES,NOT_SURE,OFTEN,SOMETIMES,SOMETIMES,NOT_SURE,NO,OFTEN,NEVER,OLD,YES,NO,OFTEN,87.0,69.3,76.8,80.0,80.0,89.3,72.9,79.4,72.8,88.8,78,CRITICAL
SYN-00418,Educator,2026-04-30,FRIENDS,NOT_SURE,FRIENDS,NOT_SURE,NOT_SURE,NO,NOT_SURE,YES,NO,NOT_SURE,NOT_SURE,NOT_SURE,NO,NOT_SURE,NEVER,NEVER,NOT_SURE,SOMETIMES,FRIENDS,NEVER,SOMETIMES,NOT_SURE,APPROVAL,NOT_SURE,RECENT,SOMETIMES,NO,FRIENDS,NOT_SURE,ANYONE,YES,SMS,OFTEN,YES,YES,OLD,YES,SOMETIMES,NOT_SURE,SOMETIMES,NOT_SURE,SOMETIMES,NEVER,SOMETIMES,SOMETIMES,NO,SOMETIMES,NEVER,NEVER,NOT_SURE,NOT_SURE,NOT_SURE,SOMETIMES,46.5,41.3,27.2,35.0,26.7,70.7,33.8,67.1,26.2,74.5,39,MODERATE
SYN-00419,Job Seeker,2025-11-21,PUBLIC,NOT_SURE,FRIENDS,YES,YES,YES,NOT_SURE,NOT_SURE,NOT_SURE,YES,NOT_SURE,YES,NOT_SURE,SOMETIMES,SOMETIMES,OFTEN,NOT_SURE,SOMETIMES,FRIENDS,OFTEN,OFTEN,YES,FRIENDS_OF_FRIENDS,OFTEN,OLD,NO,NOT_SURE,ANYONE,YES,FRIENDS,NOT_SURE,SMS,SOMETIMES,NO,NO,NOT_SURE,NOT_SURE,SOMETIMES,NEVER,NO,SOMETIMES,SOMETIMES,SOMETIMES,SOMETIMES,OFTEN,NO,SOMETIMES,SOMETIMES,NEVER,NEVER,NOT_SURE,NO,OFTEN,79.0,77.3,64.8,78.3,76.3,80.0,70.8,81.2,51.0,90.0,73,CRITICAL
SYN-00420,SMB Owner,2025-11-01,PRIVATE,NOT_SURE,FRIENDS,NOT_SURE,NOT_SURE,NOT_SURE,NOT_SURE,NOT_SURE,NO,NO,NOT_SURE,NOT_SURE,NOT_SURE,SOMETIMES,NOT_SURE,SOMETIMES,NEVER,SOMETIMES,FRIENDS,SOMETIMES,SOMETIMES,NOT_SURE,FRIENDS_OF_FRIENDS,SOMETIMES,OLD,SOMETIMES,YES,FRIENDS,NOT_SURE,NO_ONE,NOT_SURE,SMS,SOMETIMES,NO,NOT_SURE,OLD,YES,SOMETIMES,NEVER,NOT_SURE,SOMETIMES,OFTEN,NOT_SURE,SOMETIMES,SOMETIMES,NO,NOT_SURE,OFTEN,NOT_SURE,OLD,YES,SOMETIMES,SOMETIMES,36.0,40.0,48.8,51.7,53.7,20.7,57.6,81.2,47.9,70.2,49,HIGH
SYN-00421,Professional,2025-11-19,FRIENDS,NOT_SURE,FRIENDS,NOT_SURE,NOT_SURE,NOT_SURE,NOT_SURE,NOT_SURE,NO,NOT_SURE,NO,NOT_SURE,YES,SOMETIMES,SOMETIMES,OFTEN,SOMETIMES,OFTEN,PUBLIC,OFTEN,SOMETIMES,NOT_SURE,FRIENDS_OF_FRIENDS,SOMETIMES,OLD,SOMETIMES,NO,ANYONE,YES,ANYONE,NO,NONE,SOMETIMES,NO,NO,OLD,NOT_SURE,SOMETIMES,NEVER,SOMETIMES,SOMETIMES,NOT_SURE,OFTEN,SOMETIMES,SOMETIMES,NOT_SURE,NO,SOMETIMES,NEVER,NEVER,YES,NOT_SURE,OFTEN,46.5,42.0,77.6,84.4,53.7,100.0,81.0,67.6,68.6,95.5,69,HIGH
SYN-00422,Job Seeker,2026-03-19,PUBLIC,NO,FRIENDS,NOT_SURE,NOT_SURE,NO,NOT_SURE,NO,NO,NOT_SURE,NOT_SURE,NOT_SURE,NOT_SURE,NEVER,OFTEN,SOMETIMES,SOMETIMES,NEVER,FRIENDS,NEVER,NEVER,NO,FRIENDS_OF_FRIENDS,NOT_SURE,RECENT,SOMETIMES,YES,FRIENDS,NO,FRIENDS,YES,SMS,NEVER,NOT_SURE,NO,OLD,YES,SOMETIMES,NOT_SURE,SOMETIMES,SOMETIMES,SOMETIMES,NEVER,SOMETIMES,NEVER,NO,SOMETIMES,SOMETIMES,OLD,RECENT,NO,SOMETIMES,SOMETIMES,54.0,28.0,44.8,11.7,38.7,15.0,31.2,62.4,20.0,30.2,33,MODERATE
SYN-00423,SMB Owner,2025-11-14,FRIENDS,YES,FRIENDS,NOT_SURE,NOT_SURE,NOT_SURE,NOT_SURE,NOT_SURE,NO,NO,NOT_SURE,NO,NOT_SURE,NOT_SURE,NEVER,SOMETIMES,NOT_SURE,NEVER,PUBLIC,SOMETIMES,NOT_SURE,NO,FRIENDS_OF_FRIENDS,OFTEN,OLD,SOMETIMES,NO,FRIENDS,NOT_SURE,ANYONE,NOT_SURE,SMS,SOMETIMES,YES,NOT_SURE,OLD,NOT_SURE,NOT_SURE,OLD,SOMETIMES,SOMETIMES,NEVER,NOT_SURE,SOMETIMES,SOMETIMES,NOT_SURE,YES,NOT_SURE,OLD,OLD,YES,SOMETIMES,OFTEN,54.5,34.0,39.2,61.1,69.7,70.7,58.8,42.9,45.2,70.0,52,HIGH
SYN-00424,Professional,2026-05-13,FRIENDS,NOT_SURE,FRIENDS,NOT_SURE,YES,NOT_SURE,NOT_SURE,NOT_SURE,NOT_SURE,NOT_SURE,YES,NOT_SURE,NOT_SURE,SOMETIMES,SOMETIMES,SOMETIMES,SOMETIMES,OFTEN,PUBLIC,SOMETIMES,NOT_SURE,YES,FRIENDS_OF_FRIENDS,SOMETIMES,OLD,NOT_SURE,NOT_SURE,ANYONE,NOT_SURE,FRIENDS,NOT_SURE,SMS,SOMETIMES,NOT_SURE,NOT_SURE,NOT_SURE,NOT_SURE,SOMETIMES,NOT_SURE,NO,NOT_SURE,OFTEN,NOT_SURE,SOMETIMES,OFTEN,NOT_SURE,NO,SOMETIMES,NOT_SURE,NEVER,YES,NO,SOMETIMES,51.5,64.0,64.8,77.8,56.3,69.3,65.0,85.9,68.3,89.0,67,HIGH
SYN-00425,Job Seeker,2026-08-26,FRIENDS,YES,FRIENDS,NOT_SURE,NO,NO,YES,NOT_SURE,NO,NOT_SURE,NOT_SURE,NO,YES,NOT_SURE,SOMETIMES,NOT_SURE,NOT_SURE,SOMETIMES,PUBLIC,OFTEN,SOMETIMES,NOT_SURE,FRIENDS_OF_FRIENDS,SOMETIMES,NOT_SURE,NOT_SURE,NOT_SURE,ANYONE,NO,FRIENDS,NOT_SURE,SMS,SOMETIMES,NO,NO,NEVER,NOT_SURE,NOT_SURE,NEVER,SOMETIMES,SOMETIMES,NOT_SURE,SOMETIMES,SOMETIMES,NEVER,NO,SOMETIMES,SOMETIMES,NOT_SURE,NEVER,NOT_SURE,NO,SOMETIMES,49.5,35.3,60.8,84.4,61.3,58.6,74.2,67.6,30.3,79.0,58,HIGH
SYN-00426,Professional,2026-02-13,PRIVATE,NO,FRIENDS,NO,NOT_SURE,NO,NO,NO,NO,NO,NO,NO,NO,NEVER,NEVER,NEVER,NEVER,NEVER,PRIVATE,NEVER,NEVER,NO,APPROVAL,NEVER,RECENT,SOMETIMES,YES,FRIENDS,NO,FRIENDS,YES,APP_OR_KEY,NEVER,YES,YES,OLD,YES,SOMETIMES,OLD,YES,YES,NEVER,OFTEN,YES,NOT_SURE,NO,YES,NEVER,RECENT,RECENT,NOT_SURE,SOMETIMES,NEVER,12.0,0.0,0.0,0.0,6.7,15.0,8.8,19.4,27.6,17.5,9,LOW
SYN-00427,Student,2026-09-05,PUBLIC,NOT_SURE,FRIENDS,NOT_SURE,NOT_SURE,NOT_SURE,NOT_SURE,YES,NOT_SURE,YES,NOT_SURE,YES,YES,NOT_SURE,OFTEN,OFTEN,OFTEN,OFTEN,FRIENDS,OFTEN,SOMETIMES,NOT_SURE,EVERYONE,OFTEN,OLD,NOT_SURE,NO,ANYONE,NOT_SURE,ANYONE,NOT_SURE,NOT_SURE,OFTEN,NO,NO,NEVER,NOT_SURE,NOT_SURE,NEVER,SOMETIMES,NO,SOMETIMES,SOMETIMES,NO,OFTEN,NOT_SURE,NO,NOT_SURE,NEVER,NEVER,YES,NO,SOMETIMES,66.0,74.7,88.0,62.8,87.0,89.3,84.2,81.2,75.9,94.0,79,CRITICAL
SYN-00428,Professional,2025-11-20,FRIENDS,NOT_SURE,FRIENDS,NO,NOT_SURE,NO,NO,NO,NO,NO,NO,NO,YES,NEVER,NEVER,SOMETIMES,NEVER,NOT_SURE,FRIENDS,SOMETIMES,SOMETIMES,NO,FRIENDS_OF_FRIENDS,NEVER,OLD,YES,NO,NO_ONE,NOT_SURE,NO_ONE,YES,SMS,SOMETIMES,YES,YES,OLD,YES,SOMETIMES,RECENT,SOMETIMES,SOMETIMES,SOMETIMES,NOT_SURE,YES,NEVER,NO,YES,NOT_SURE,OLD,OLD,YES,NOT_SURE,NEVER,34.5,0.0,31.6,41.7,23.0,46.4,26.0,34.1,13.8,58.0,27,MODERATE
SYN-00429,Student,2026-04-05,PUBLIC,NO,FRIENDS,NOT_SURE,NOT_SURE,NOT_SURE,NOT_SURE,NOT_SURE,NO,NO,NO,NOT_SURE,NOT_SURE,SOMETIMES,SOMETIMES,NEVER,SOMETIMES,SOMETIMES,FRIENDS,SOMETIMES,SOMETIMES,NO,EVERYONE,SOMETIMES,NEVER,YES,YES,FRIENDS,NOT_SURE,FRIENDS,YES,APP_OR_KEY,SOMETIMES,NOT_SURE,NO,OLD,NO,NOT_SURE,OLD,SOMETIMES,SOMETIMES,NOT_SURE,NEVER,SOMETIMES,NOT_SURE,NO,NO,OFTEN,NEVER,NOT_SURE,NOT_SURE,SOMETIMES,SOMETIMES,54.0,34.0,50.4,41.7,70.7,25.7,50.1,51.8,41.4,71.5,48,HIGH
SYN-00430,Student,2026-03-20,PRIVATE,NO,PRIVATE,NOT_SURE,NOT_SURE,NO,NO,NO,NO,NO,NOT_SURE,NO,NO,NEVER,NEVER,NEVER,NEVER,NEVER,PRIVATE,NEVER,NEVER,NOT_SURE,APPROVAL,SOMETIMES,RECENT,SOMETIMES,YES,FRIENDS,NO,FRIENDS,YES,APP_OR_KEY,NEVER,YES,NOT_SURE,RECENT,YES,SOMETIMES,RECENT,YES,SOMETIMES,NEVER,NEVER,YES,SOMETIMES,NO,SOMETIMES,NEVER,RECENT,RECENT,NO,YES,NEVER,17.0,6.0,0.0,10.0,30.7,15.0,11.9,11.8,19.3,0.0,12,LOW
SYN-00431,SMB Owner,2026-06-12,PUBLIC,YES,FRIENDS,NOT_SURE,NO,NOT_SURE,NOT_SURE,NOT_SURE,NO,NOT_SURE,NO,NOT_SURE,NO,SOMETIMES,SOMETIMES,SOMETIMES,OFTEN,SOMETIMES,FRIENDS,NOT_SURE,SOMETIMES,NOT_SURE,FRIENDS_OF_FRIENDS,SOMETIMES,OLD,NO,NOT_SURE,ANYONE,YES,FRIENDS,NO,NONE,NOT_SURE,NO,NOT_SURE,NEVER,NOT_SURE,NO,NOT_SURE,NO,NO,SOMETIMES,SOMETIMES,NO,SOMETIMES,NO,SOMETIMES,SOMETIMES,NEVER,OLD,YES,NO,SOMETIMES,69.0,42.0,56.8,48.9,60.3,80.0,83.6,85.9,49.7,82.8,63,HIGH
SYN-00432,SMB Owner,2025-12-19,FRIENDS,YES,PUBLIC,YES,YES,NOT_SURE,NOT_SURE,YES,NO,NOT_SURE,NOT_SURE,NOT_SURE,YES,OFTEN,OFTEN,OFTEN,SOMETIMES,NOT_SURE,PUBLIC,SOMETIMES,NOT_SURE,YES,FRIENDS_OF_FRIENDS,SOMETIMES,NOT_SURE,SOMETIMES,NO,ANYONE,YES,ANYONE,NO,NONE,SOMETIMES,NO,NOT_SURE,NOT_SURE,NO,NO,OLD,SOMETIMES,SOMETIMES,SOMETIMES,NOT_SURE,NO,OFTEN,NO,SOMETIMES,OFTEN,NEVER,NEVER,YES,NO,OFTEN,80.5,53.3,87.6,77.8,58.7,100.0,87.2,53.5,60.3,100.0,75,CRITICAL
SYN-00433,SMB Owner,2026-01-08,PUBLIC,NOT_SURE,PUBLIC,NOT_SURE,YES,YES,YES,NOT_SURE,YES,YES,YES,YES,NOT_SURE,SOMETIMES,OFTEN,SOMETIMES,OFTEN,SOMETIMES,PUBLIC,OFTEN,SOMETIMES,YES,FRIENDS_OF_FRIENDS,SOMETIMES,OLD,NOT_SURE,NOT_SURE,FRIENDS,YES,FRIENDS,NOT_SURE,SMS,SOMETIMES,NO,NO,NEVER,NO,SOMETIMES,NOT_SURE,SOMETIMES,NOT_SURE,NEVER,SOMETIMES,NOT_SURE,OFTEN,NO,SOMETIMES,SOMETIMES,NEVER,OLD,YES,NO,OFTEN,84.0,94.7,72.8,91.1,56.3,61.4,75.8,56.5,53.8,88.8,75,CRITICAL
SYN-00434,Professional,2026-03-26,PUBLIC,NOT_SURE,PUBLIC,NOT_SURE,NOT_SURE,NO,NOT_SURE,NOT_SURE,NOT_SURE,YES,YES,YES,YES,OFTEN,NOT_SURE,SOMETIMES,SOMETIMES,NOT_SURE,PUBLIC,NOT_SURE,SOMETIMES,NOT_SURE,FRIENDS_OF_FRIENDS,OFTEN,RECENT,NO,NO,ANYONE,YES,ANYONE,NO,NONE,NOT_SURE,NO,NOT_SURE,NOT_SURE,NOT_SURE,SOMETIMES,NOT_SURE,SOMETIMES,NO,SOMETIMES,OFTEN,NO,SOMETIMES,NOT_SURE,SOMETIMES,SOMETIMES,NEVER,OLD,YES,NO,NOT_SURE,79.0,61.3,73.2,70.6,65.3,100.0,77.8,74.1,68.6,81.2,73,CRITICAL
SYN-00435,Student,2026-05-02,FRIENDS,NOT_SURE,FRIENDS,NOT_SURE,NOT_SURE,NO,NOT_SURE,NOT_SURE,NOT_SURE,YES,NOT_SURE,YES,NOT_SURE,OFTEN,NOT_SURE,SOMETIMES,OFTEN,SOMETIMES,PUBLIC,SOMETIMES,OFTEN,NOT_SURE,FRIENDS_OF_FRIENDS,SOMETIMES,NOT_SURE,NO,NO,FRIENDS,NOT_SURE,ANYONE,NOT_SURE,NOT_SURE,SOMETIMES,NOT_SURE,NO,NOT_SURE,NOT_SURE,NOT_SURE,OLD,NOT_SURE,SOMETIMES,OFTEN,SOMETIMES,NOT_SURE,SOMETIMES,NOT_SURE,SOMETIMES,NOT_SURE,NEVER,NEVER,NOT_SURE,NOT_SURE,NOT_SURE,46.5,57.3,74.4,82.2,65.3,70.7,72.2,65.3,56.6,78.0,66,HIGH
SYN-00436,Student,2026-08-26,FRIENDS,NO,FRIENDS,NOT_SURE,NOT_SURE,NO,NO,NOT_SURE,NO,NOT_SURE,NOT_SURE,NO,NOT_SURE,NEVER,SOMETIMES,SOMETIMES,SOMETIMES,SOMETIMES,PUBLIC,NOT_SURE,SOMETIMES,NO,FRIENDS_OF_FRIENDS,OFTEN,NEVER,SOMETIMES,YES,NO_ONE,NOT_SURE,NO_ONE,YES,SMS,SOMETIMES,NOT_SURE,NOT_SURE,NOT_SURE,YES,SOMETIMES,OLD,SOMETIMES,SOMETIMES,SOMETIMES,NOT_SURE,NOT_SURE,SOMETIMES,NO,NOT_SURE,NEVER,OLD,OLD,YES,SOMETIMES,NEVER,34.5,22.0,45.6,60.6,78.7,10.7,41.7,53.5,40.3,55.0,44,HIGH
SYN-00437,Job Seeker,2026-02-21,FRIENDS,NOT_SURE,FRIENDS,NOT_SURE,NOT_SURE,YES,NOT_SURE,NOT_SURE,NO,NOT_SURE,NOT_SURE,NO,NO,SOMETIMES,SOMETIMES,NEVER,SOMETIMES,NOT_SURE,FRIENDS,SOMETIMES,SOMETIMES,NOT_SURE,FRIENDS_OF_FRIENDS,SOMETIMES,OLD,NOT_SURE,YES,FRIENDS,NOT_SURE,FRIENDS,NOT_SURE,SMS,NEVER,YES,NO,OLD,NOT_SURE,NOT_SURE,NOT_SURE,NOT_SURE,SOMETIMES,NOT_SURE,NOT_SURE,SOMETIMES,SOMETIMES,NO,SOMETIMES,SOMETIMES,NEVER,OLD,YES,SOMETIMES,NOT_SURE,46.5,50.0,39.6,51.7,56.3,25.7,50.4,65.3,41.0,73.8,49,HIGH
SYN-00438,Job Seeker,2025-11-21,PRIVATE,NOT_SURE,FRIENDS,NOT_SURE,NOT_SURE,NO,NO,NOT_SURE,NOT_SURE,NOT_SURE,NOT_SURE,NOT_SURE,NOT_SURE,SOMETIMES,SOMETIMES,SOMETIMES,SOMETIMES,SOMETIMES,PRIVATE,NOT_SURE,NOT_SURE,NOT_SURE,EVERYONE,OFTEN,RECENT,SOMETIMES,NOT_SURE,FRIENDS,NO,NO_ONE,NOT_SURE,APP_OR_KEY,NOT_SURE,NO,NOT_SURE,OLD,NOT_SURE,YES,OLD,YES,SOMETIMES,OFTEN,SOMETIMES,SOMETIMES,SOMETIMES,NOT_SURE,SOMETIMES,NEVER,OLD,OLD,YES,NO,SOMETIMES,36.0,40.0,60.0,35.0,73.3,35.0,53.7,48.8,48.6,71.5,50,HIGH
SYN-00439,Student,2026-08-18,FRIENDS,NO,FRIENDS,NO,NOT_SURE,NO,NO,NOT_SURE,NO,NOT_SURE,NOT_SURE,NO,YES,NOT_SURE,SOMETIMES,NOT_SURE,NEVER,NOT_SURE,FRIENDS,SOMETIMES,SOMETIMES,NO,FRIENDS_OF_FRIENDS,SOMETIMES,RECENT,YES,NOT_SURE,FRIENDS,NO,FRIENDS,YES,APP_OR_KEY,NEVER,NOT_SURE,NOT_SURE,OLD,NOT_SURE,SOMETIMES,OLD,YES,SOMETIMES,NEVER,SOMETIMES,YES,NEVER,NO,YES,NEVER,OLD,OLD,YES,SOMETIMES,SOMETIMES,22.5,22.0,51.6,41.7,36.0,40.0,30.1,31.2,10.3,64.0,33,MODERATE
SYN-00440,Student,2026-08-18,FRIENDS,NOT_SURE,PRIVATE,NOT_SURE,NO,NO,NO,NOT_SURE,NO,NOT_SURE,NO,NOT_SURE,NO,NEVER,NEVER,NOT_SURE,NOT_SURE,NOT_SURE,FRIENDS,SOMETIMES,SOMETIMES,NOT_SURE,FRIENDS_OF_FRIENDS,SOMETIMES,OLD,YES,NO,NO_ONE,NOT_SURE,FRIENDS,YES,APP_OR_KEY,SOMETIMES,NOT_SURE,YES,OLD,YES,YES,RECENT,SOMETIMES,SOMETIMES,NEVER,NEVER,SOMETIMES,SOMETIMES,NO,SOMETIMES,SOMETIMES,NOT_SURE,OLD,NO,SOMETIMES,SOMETIMES,34.5,22.0,22.0,51.7,47.0,51.4,22.1,23.5,32.4,50.3,33,MODERATE
SYN-00441,Student,2026-07-21,FRIENDS,NO,PRIVATE,NOT_SURE,NO,NO,NO,NO,NO,NOT_SURE,NOT_SURE,NO,NO,NEVER,SOMETIMES,SOMETIMES,NEVER,NEVER,FRIENDS,NEVER,SOMETIMES,NO,FRIENDS_OF_FRIENDS,SOMETIMES,RECENT,YES,NOT_SURE,ANYONE,NO,FRIENDS,YES,APP_OR_KEY,SOMETIMES,NO,YES,OLD,YES,NOT_SURE,RECENT,SOMETIMES,YES,NOT_SURE,NOT_SURE,YES,NEVER,NO,SOMETIMES,NEVER,OLD,OLD,NOT_SURE,SOMETIMES,NEVER,22.5,14.0,19.2,25.0,36.0,58.6,30.4,20.6,15.5,45.0,26,MODERATE
SYN-00442,SMB Owner,2026-03-05,PRIVATE,NO,FRIENDS,NO,NO,NO,NO,NO,NO,NO,NO,NO,NO,SOMETIMES,NEVER,NEVER,NEVER,NEVER,FRIENDS,NEVER,NEVER,NO,FRIENDS_OF_FRIENDS,NEVER,RECENT,YES,YES,FRIENDS,NO,FRIENDS,YES,APP_OR_KEY,NEVER,YES,YES,RECENT,NOT_SURE,SOMETIMES,OLD,SOMETIMES,YES,NEVER,NEVER,YES,NEVER,NO,YES,SOMETIMES,OLD,OLD,NO,SOMETIMES,NEVER,7.0,0.0,14.4,11.7,12.0,15.0,11.9,31.2,6.2,35.0,12,LOW
SYN-00443,Student,2025-12-06,FRIENDS,NO,FRIENDS,NOT_SURE,NOT_SURE,NO,NOT_SURE,YES,NO,NOT_SURE,NOT_SURE,NOT_SURE,NOT_SURE,NOT_SURE,NEVER,NOT_SURE,NEVER,SOMETIMES,FRIENDS,SOMETIMES,SOMETIMES,NO,FRIENDS_OF_FRIENDS,SOMETIMES,OLD,SOMETIMES,NO,FRIENDS,NOT_SURE,FRIENDS,YES,SMS,NOT_SURE,NOT_SURE,NOT_SURE,NOT_SURE,YES,SOMETIMES,OLD,NO,NOT_SURE,NOT_SURE,NEVER,SOMETIMES,SOMETIMES,NO,YES,NEVER,OLD,OLD,YES,NO,SOMETIMES,34.5,41.3,36.8,41.7,53.7,61.4,39.7,68.2,19.3,71.5,43,HIGH
SYN-00444,Professional,2026-07-03,FRIENDS,NO,PRIVATE,NO,NO,NO,NO,NO,NO,NO,NO,NO,NO,NEVER,NEVER,NEVER,SOMETIMES,NEVER,PRIVATE,NEVER,NEVER,NO,APPROVAL,NEVER,RECENT,YES,YES,FRIENDS,NO,NO_ONE,NOT_SURE,APP_OR_KEY,SOMETIMES,YES,YES,RECENT,NOT_SURE,YES,OLD,YES,YES,NEVER,NEVER,YES,NEVER,NO,YES,NEVER,OLD,RECENT,NOT_SURE,SOMETIMES,NEVER,10.5,0.0,9.6,0.0,0.0,10.0,35.0,19.4,0.0,31.2,11,LOW
SYN-00445,Professional,2025-10-25,FRIENDS,NOT_SURE,PUBLIC,NOT_SURE,NOT_SURE,NOT_SURE,NO,NOT_SURE,NO,NOT_SURE,NO,NOT_SURE,NOT_SURE,SOMETIMES,SOMETIMES,SOMETIMES,SOMETIMES,SOMETIMES,FRIENDS,SOMETIMES,NOT_SURE,NOT_SURE,FRIENDS_OF_FRIENDS,SOMETIMES,OLD,SOMETIMES,NO,ANYONE,YES,FRIENDS,NOT_SURE,SMS,SOMETIMES,NOT_SURE,NO,NEVER,NOT_SURE,YES,NOT_SURE,SOMETIMES,SOMETIMES,SOMETIMES,NOT_SURE,YES,OFTEN,NOT_SURE,SOMETIMES,OFTEN,NEVER,OLD,YES,NO,SOMETIMES,59.5,34.0,60.0,49.4,53.7,90.7,65.8,62.4,58.6,82.8,58,HIGH
SYN-00446,SMB Owner,2025-10-19,PRIVATE,NO,PRIVATE,NO,NO,NO,NOT_SURE,NO,NO,NO,NOT_SURE,NO,NO,NEVER,NOT_SURE,SOMETIMES,NEVER,NEVER,PRIVATE,NOT_SURE,NEVER,NO,FRIENDS_OF_FRIENDS,NEVER,RECENT,YES,YES,NO_ONE,NOT_SURE,FRIENDS,NOT_SURE,APP_OR_KEY,NEVER,YES,NOT_SURE,OLD,NO,YES,RECENT,YES,YES,NEVER,NEVER,YES,NEVER,NO,YES,NEVER,OLD,RECENT,NO,YES,NEVER,0.0,14.0,17.6,13.9,12.0,15.7,39.0,0.0,0.0,13.8,15,LOW
SYN-00447,Student,2026-08-30,PRIVATE,NO,PRIVATE,NO,NOT_SURE,NO,NO,NO,NO,NO,NO,NO,NO,NEVER,NEVER,NEVER,NEVER,SOMETIMES,FRIENDS,SOMETIMES,NEVER,NO,APPROVAL,NEVER,OLD,YES,YES,FRIENDS,NO,FRIENDS,YES,APP_OR_KEY,NEVER,YES,YES,OLD,YES,YES,NEVER,YES,YES,NEVER,NEVER,SOMETIMES,NEVER,NO,YES,SOMETIMES,OLD,OLD,YES,SOMETIMES,NEVER,5.0,0.0,7.2,28.3,11.0,15.0,4.6,35.3,13.1,55.0,13,LOW
SYN-00448,Job Seeker,2026-07-31,PUBLIC,NOT_SURE,PUBLIC,NOT_SURE,NOT_SURE,YES,YES,NOT_SURE,NOT_SURE,YES,NOT_SURE,NOT_SURE,YES,SOMETIMES,SOMETIMES,OFTEN,OFTEN,NOT_SURE,FRIENDS,SOMETIMES,OFTEN,YES,EVERYONE,SOMETIMES,OLD,SOMETIMES,NO,ANYONE,YES,ANYONE,NO,NONE,NOT_SURE,NOT_SURE,NO,NEVER,NOT_SURE,SOMETIMES,NEVER,NOT_SURE,NO,SOMETIMES,SOMETIMES,SOMETIMES,NEVER,NO,SOMETIMES,NOT_SURE,NEVER,OLD,YES,SOMETIMES,OFTEN,79.0,78.7,78.0,67.2,68.3,100.0,80.3,85.9,29.3,81.2,73,CRITICAL
SYN-00449,Professional,2026-09-09,FRIENDS,NO,FRIENDS,NOT_SURE,NOT_SURE,NO,NOT_SURE,NO,NO,NOT_SURE,YES,NO,NO,NOT_SURE,NOT_SURE,SOMETIMES,NOT_SURE,SOMETIMES,FRIENDS,NEVER,NEVER,NOT_SURE,EVERYONE,SOMETIMES,OLD,NOT_SURE,YES,FRIENDS,NO,ANYONE,YES,SMS,NOT_SURE,NO,YES,NOT_SURE,NO,SOMETIMES,NEVER,SOMETIMES,SOMETIMES,SOMETIMES,SOMETIMES,NOT_SURE,SOMETIMES,NO,YES,SOMETIMES,OLD,OLD,YES,SOMETIMES,NOT_SURE,34.5,26.0,44.8,21.7,71.0,24.3,45.6,69.4,38.6,62.5,42,HIGH
SYN-00450,Job Seeker,2026-09-09,FRIENDS,NO,PUBLIC,NOT_SURE,NOT_SURE,NO,NO,YES,NOT_SURE,NOT_SURE,YES,NOT_SURE,YES,SOMETIMES,OFTEN,NOT_SURE,SOMETIMES,SOMETIMES,FRIENDS,SOMETIMES,SOMETIMES,NOT_SURE,FRIENDS_OF_FRIENDS,SOMETIMES,NOT_SURE,NOT_SURE,NO,FRIENDS,NOT_SURE,FRIENDS,NOT_SURE,NOT_SURE,SOMETIMES,NO,NO,NEVER,NO,SOMETIMES,OLD,NO,SOMETIMES,NOT_SURE,OFTEN,SOMETIMES,SOMETIMES,NOT_SURE,SOMETIMES,NOT_SURE,OLD,OLD,NOT_SURE,NOT_SURE,SOMETIMES,47.5,49.3,71.2,51.7,61.3,61.4,78.1,63.5,60.7,57.0,61,HIGH
SYN-00451,Job Seeker,2026-06-10,PRIVATE,NO,PRIVATE,NOT_SURE,NO,NO,NO,NO,NO,NOT_SURE,NOT_SURE,NO,NOT_SURE,NEVER,NEVER,NEVER,NEVER,NEVER,FRIENDS,NEVER,NEVER,NOT_SURE,APPROVAL,NEVER,RECENT,SOMETIMES,YES,NO_ONE,NO,FRIENDS,NOT_SURE,APP_OR_KEY,NEVER,YES,NO,OLD,YES,YES,RECENT,YES,SOMETIMES,NEVER,NEVER,YES,NEVER,NO,YES,SOMETIMES,RECENT,RECENT,NO,YES,SOMETIMES,12.0,14.0,9.6,21.7,6.7,5.0,31.2,11.8,6.2,9.0,14,LOW
SYN-00452,Professional,2026-05-27,PRIVATE,NO,FRIENDS,NO,NO,NO,NO,NO,NO,NO,NO,NO,NO,NEVER,NOT_SURE,SOMETIMES,NEVER,NEVER,FRIENDS,NEVER,NEVER,NO,FRIENDS_OF_FRIENDS,NEVER,OLD,SOMETIMES,YES,NO_ONE,NO,FRIENDS,YES,SMS,NEVER,YES,YES,RECENT,YES,YES,OLD,YES,SOMETIMES,NOT_SURE,SOMETIMES,YES,NOT_SURE,NO,SOMETIMES,NEVER,OLD,OLD,NO,YES,SOMETIMES,7.0,0.0,17.6,11.7,29.7,5.0,5.6,40.0,27.6,36.5,15,LOW
SYN-00453,Student,2026-05-28,PRIVATE,NOT_SURE,FRIENDS,YES,NO,NOT_SURE,NOT_SURE,NOT_SURE,NOT_SURE,NOT_SURE,NOT_SURE,NO,NO,SOMETIMES,SOMETIMES,SOMETIMES,NEVER,NEVER,FRIENDS,NEVER,SOMETIMES,NOT_SURE,FRIENDS_OF_FRIENDS,NOT_SURE,OLD,SOMETIMES,YES,FRIENDS,NOT_SURE,FRIENDS,YES,SMS,SOMETIMES,YES,NO,NOT_SURE,YES,YES,OLD,YES,SOMETIMES,NEVER,SOMETIMES,SOMETIMES,SOMETIMES,NO,SOMETIMES,NOT_SURE,NEVER,OLD,NOT_SURE,NOT_SURE,SOMETIMES,39.0,54.0,33.6,35.0,49.7,25.7,35.0,31.2,41.7,68.2,41,HIGH
SYN-00454,Professional,2025-11-03,FRIENDS,NO,FRIENDS,NOT_SURE,NO,NO,NO,NO,NO,NO,NO,NO,NO,SOMETIMES,SOMETIMES,NEVER,NEVER,SOMETIMES,FRIENDS,NEVER,SOMETIMES,NO,FRIENDS_OF_FRIENDS,SOMETIMES,RECENT,SOMETIMES,YES,FRIENDS,NOT_SURE,NO_ONE,YES,APP_OR_KEY,NOT_SURE,NOT_SURE,NOT_SURE,OLD,NOT_SURE,YES,NEVER,SOMETIMES,SOMETIMES,SOMETIMES,SOMETIMES,SOMETIMES,SOMETIMES,NOT_SURE,SOMETIMES,SOMETIMES,OLD,OLD,NO,SOMETIMES,NEVER,29.5,0.0,31.2,25.0,42.7,20.7,35.7,69.4,54.8,35.0,31,MODERATE
SYN-00455,Educator,2026-06-14,PUBLIC,NOT_SURE,FRIENDS,YES,NOT_SURE,NO,NOT_SURE,NOT_SURE,NO,YES,NOT_SURE,NOT_SURE,YES,OFTEN,SOMETIMES,OFTEN,SOMETIMES,NOT_SURE,FRIENDS,NOT_SURE,SOMETIMES,YES,EVERYONE,SOMETIMES,NEVER,NO,NO,ANYONE,YES,FRIENDS,NO,NONE,NOT_SURE,NO,NO,NEVER,NOT_SURE,SOMETIMES,NEVER,SOMETIMES,NOT_SURE,SOMETIMES,SOMETIMES,SOMETIMES,NOT_SURE,NO,NO,NOT_SURE,NEVER,NEVER,YES,SOMETIMES,SOMETIMES,74.0,41.3,81.2,55.6,84.0,90.7,82.8,74.1,46.6,86.5,69,HIGH
SYN-00456,Job Seeker,2025-12-27,FRIENDS,NO,FRIENDS,NO,NO,NO,NO,NO,NO,NO,NO,NO,NO,NEVER,NEVER,NEVER,NEVER,NEVER,PRIVATE,SOMETIMES,NEVER,NO,APPROVAL,NEVER,OLD,YES,YES,FRIENDS,NO,NO_ONE,YES,APP_OR_KEY,NEVER,YES,YES,RECENT,YES,SOMETIMES,OLD,YES,YES,NEVER,NEVER,YES,NEVER,NO,YES,SOMETIMES,OLD,OLD,NOT_SURE,SOMETIMES,NOT_SURE,17.5,0.0,0.0,16.7,11.0,10.0,4.2,19.4,6.2,52.5,10,LOW
SYN-00457,Professional,2026-01-11,FRIENDS,NOT_SURE,FRIENDS,NOT_SURE,NO,NO,NO,NOT_SURE,NO,NO,NOT_SURE,NO,NOT_SURE,SOMETIMES,NEVER,NOT_SURE,SOMETIMES,NOT_SURE,PRIVATE,NEVER,NOT_SURE,NO,EVERYONE,SOMETIMES,OLD,YES,YES,ANYONE,NOT_SURE,FRIENDS,YES,SMS,SOMETIMES,NOT_SURE,YES,OLD,NO,SOMETIMES,NOT_SURE,YES,NOT_SURE,NOT_SURE,SOMETIMES,NOT_SURE,NOT_SURE,NO,NO,SOMETIMES,OLD,NOT_SURE,NOT_SURE,SOMETIMES,NOT_SURE,41.5,14.0,47.6,11.1,61.7,44.3,42.9,53.5,50.3,58.8,40,MODERATE
SYN-00458,Student,2026-04-19,PUBLIC,NOT_SURE,FRIENDS,NOT_SURE,YES,NOT_SURE,YES,NOT_SURE,NO,NOT_SURE,NOT_SURE,NOT_SURE,NO,NEVER,SOMETIMES,SOMETIMES,NOT_SURE,NOT_SURE,PUBLIC,NOT_SURE,NOT_SURE,NOT_SURE,FRIENDS_OF_FRIENDS,SOMETIMES,OLD,NOT_SURE,NO,FRIENDS,NOT_SURE,FRIENDS,NOT_SURE,SMS,NOT_SURE,NOT_SURE,NOT_SURE,NEVER,YES,NOT_SURE,OLD,SOMETIMES,SOMETIMES,SOMETIMES,SOMETIMES,SOMETIMES,NOT_SURE,NO,SOMETIMES,SOMETIMES,OLD,NEVER,NOT_SURE,NO,SOMETIMES,71.0,53.3,33.2,68.3,56.3,61.4,58.6,53.5,40.7,72.8,55,HIGH
SYN-00459,Educator,2026-05-11,FRIENDS,NOT_SURE,FRIENDS,NO,NOT_SURE,NOT_SURE,NO,YES,NO,NOT_SURE,NOT_SURE,YES,NOT_SURE,NOT_SURE,NEVER,OFTEN,NEVER,NOT_SURE,PUBLIC,SOMETIMES,SOMETIMES,NOT_SURE,FRIENDS_OF_FRIENDS,NOT_SURE,OLD,NO,NOT_SURE,FRIENDS,NOT_SURE,FRIENDS,NO,NONE,OFTEN,NOT_SURE,NOT_SURE,OLD,YES,NOT_SURE,OLD,YES,SOMETIMES,SOMETIMES,NOT_SURE,SOMETIMES,SOMETIMES,NO,NOT_SURE,SOMETIMES,OLD,OLD,NOT_SURE,NO,SOMETIMES,34.5,49.3,43.6,73.3,56.3,50.7,76.8,41.8,43.8,61.5,54,HIGH
SYN-00460,SMB Owner,2026-02-27,PUBLIC,YES,FRIENDS,NOT_SURE,YES,NO,YES,NOT_SURE,NO,YES,NOT_SURE,NOT_SURE,YES,SOMETIMES,SOMETIMES,SOMETIMES,OFTEN,SOMETIMES,FRIENDS,NEVER,NOT_SURE,NOT_SURE,EVERYONE,SOMETIMES,OLD,NO,NO,FRIENDS,YES,ANYONE,NOT_SURE,NOT_SURE,NOT_SURE,NOT_SURE,NO,NOT_SURE,NO,SOMETIMES,NOT_SURE,NOT_SURE,NO,NOT_SURE,OFTEN,NO,SOMETIMES,NOT_SURE,NO,OFTEN,NEVER,NEVER,NOT_SURE,NOT_SURE,NOT_SURE,79.0,46.7,72.8,32.8,75.0,81.4,71.9,77.1,79.7,78.0,67,HIGH
SYN-00461,Student,2026-05-06,FRIENDS,NO,FRIENDS,NO,NO,NO,NO,NO,NO,NO,NO,NO,NO,NOT_SURE,SOMETIMES,SOMETIMES,NEVER,NEVER,FRIENDS,SOMETIMES,NOT_SURE,NO,APPROVAL,SOMETIMES,RECENT,YES,YES,FRIENDS,NOT_SURE,NO_ONE,NOT_SURE,APP_OR_KEY,NEVER,NOT_SURE,NO,NEVER,YES,NOT_SURE,NEVER,NOT_SURE,SOMETIMES,NOT_SURE,NEVER,SOMETIMES,SOMETIMES,NO,SOMETIMES,SOMETIMES,NEVER,OLD,NOT_SURE,SOMETIMES,NOT_SURE,17.5,0.0,31.2,39.4,24.0,20.7,46.7,72.4,32.4,63.8,31,MODERATE
SYN-00462,Professional,2026-08-02,FRIENDS,NO,PRIVATE,NO,NOT_SURE,NO,NO,NO,NO,NO,NO,NO,NOT_SURE,NEVER,NOT_SURE,SOMETIMES,NEVER,NEVER,PRIVATE,NEVER,NOT_SURE,NO,APPROVAL,SOMETIMES,OLD,YES,NOT_SURE,FRIENDS,NO,NO_ONE,NOT_SURE,APP_OR_KEY,NEVER,YES,YES,OLD,YES,YES,OLD,YES,YES,NEVER,NEVER,YES,NEVER,NO,YES,NEVER,RECENT,RECENT,NOT_SURE,SOMETIMES,NOT_SURE,15.5,0.0,27.2,11.1,35.0,35.0,20.1,19.4,0.0,25.0,17,LOW
SYN-00463,Educator,2026-04-12,FRIENDS,NOT_SURE,FRIENDS,NO,NO,NO,NOT_SURE,NO,NO,NO,NOT_SURE,NOT_SURE,NOT_SURE,SOMETIMES,NEVER,NEVER,OFTEN,SOMETIMES,PRIVATE,SOMETIMES,SOMETIMES,YES,FRIENDS_OF_FRIENDS,SOMETIMES,RECENT,SOMETIMES,NO,FRIENDS,NO,FRIENDS,NO,NONE,NEVER,NOT_SURE,NO,OLD,NOT_SURE,SOMETIMES,OLD,SOMETIMES,SOMETIMES,NOT_SURE,SOMETIMES,SOMETIMES,SOMETIMES,NO,YES,SOMETIMES,NOT_SURE,OLD,NOT_SURE,SOMETIMES,OFTEN,29.5,20.0,47.2,46.7,42.7,50.7,66.8,51.8,35.9,66.2,44,HIGH
SYN-00464,Job Seeker,2026-03-06,PUBLIC,YES,PUBLIC,NOT_SURE,YES,NO,NOT_SURE,YES,NOT_SURE,YES,NOT_SURE,YES,YES,OFTEN,NOT_SURE,SOMETIMES,OFTEN,OFTEN,PUBLIC,OFTEN,OFTEN,YES,EVERYONE,SOMETIMES,NEVER,NO,NO,ANYONE,YES,ANYONE,NO,NONE,SOMETIMES,NO,NOT_SURE,NEVER,NO,NO,NEVER,NO,NOT_SURE,SOMETIMES,SOMETIMES,SOMETIMES,OFTEN,NOT_SURE,NOT_SURE,SOMETIMES,NEVER,NEVER,NOT_SURE,NOT_SURE,OFTEN,92.0,62.7,85.6,100.0,84.0,100.0,88.9,85.9,65.9,85.5,83,CRITICAL
SYN-00465,SMB Owner,2026-06-03,FRIENDS,NOT_SURE,FRIENDS,NO,NO,NO,NO,NOT_SURE,NO,NO,NOT_SURE,NOT_SURE,NOT_SURE,NEVER,NEVER,SOMETIMES,NEVER,SOMETIMES,FRIENDS,NEVER,NEVER,NO,FRIENDS_OF_FRIENDS,NEVER,OLD,SOMETIMES,NOT_SURE,FRIENDS,NOT_SURE,FRIENDS,YES,NOT_SURE,NEVER,NOT_SURE,NOT_SURE,RECENT,YES,SOMETIMES,NOT_SURE,YES,YES,NOT_SURE,NEVER,YES,NEVER,NO,YES,SOMETIMES,OLD,OLD,NOT_SURE,YES,NEVER,29.5,20.0,26.4,11.7,29.7,50.7,25.6,37.1,6.2,37.5,25,MODERATE
SYN-00466,Student,2025-11-08,FRIENDS,NOT_SURE,FRIENDS,NO,NOT_SURE,NO,NO,NO,NO,NOT_SURE,NOT_SURE,NO,NO,SOMETIMES,NEVER,SOMETIMES,NOT_SURE,NOT_SURE,FRIENDS,SOMETIMES,SOMETIMES,NO,FRIENDS_OF_FRIENDS,SOMETIMES,OLD,YES,YES,FRIENDS,NOT_SURE,FRIENDS,NO,NONE,NEVER,NOT_SURE,NO,OLD,YES,SOMETIMES,OLD,SOMETIMES,NO,OFTEN,SOMETIMES,SOMETIMES,SOMETIMES,NOT_SURE,SOMETIMES,SOMETIMES,NOT_SURE,OLD,YES,SOMETIMES,OFTEN,34.5,14.0,38.0,41.7,47.0,25.7,59.0,72.4,54.8,76.2,43,HIGH
SYN-00467,SMB Owner,2026-08-06,PRIVATE,NO,FRIENDS,NOT_SURE,NO,NO,NO,NO,NO,NO,NO,NO,NO,NEVER,SOMETIMES,SOMETIMES,NEVER,NEVER,FRIENDS,NEVER,SOMETIMES,NOT_SURE,FRIENDS_OF_FRIENDS,SOMETIMES,OLD,NOT_SURE,YES,NO_ONE,NO,FRIENDS,YES,APP_OR_KEY,NEVER,YES,YES,OLD,YES,YES,OLD,SOMETIMES,SOMETIMES,NEVER,NEVER,YES,NEVER,NO,YES,NEVER,RECENT,OLD,NO,NOT_SURE,NEVER,19.0,0.0,19.2,35.0,56.3,5.0,4.6,42.9,0.0,24.2,18,LOW
SYN-00468,Student,2026-06-11,FRIENDS,YES,FRIENDS,NOT_SURE,NOT_SURE,NOT_SURE,NOT_SURE,YES,NOT_SURE,NOT_SURE,NOT_SURE,NOT_SURE,NOT_SURE,SOMETIMES,NOT_SURE,SOMETIMES,OFTEN,OFTEN,FRIENDS,SOMETIMES,NOT_SURE,YES,FRIENDS_OF_FRIENDS,SOMETIMES,NOT_SURE,NOT_SURE,NO,FRIENDS,NOT_SURE,ANYONE,NOT_SURE,SMS,SOMETIMES,NO,NO,NEVER,NOT_SURE,SOMETIMES,OLD,SOMETIMES,SOMETIMES,OFTEN,SOMETIMES,SOMETIMES,SOMETIMES,NOT_SURE,YES,SOMETIMES,OLD,OLD,YES,NOT_SURE,SOMETIMES,54.5,65.3,69.6,56.1,61.3,70.7,72.5,60.6,47.9,67.0,63,HIGH
SYN-00469,Professional,2026-07-23,FRIENDS,NO,PRIVATE,NO,NO,NO,NO,NO,NO,NO,NO,NO,NO,NEVER,NEVER,NOT_SURE,NEVER,NEVER,PRIVATE,SOMETIMES,NEVER,NO,APPROVAL,NEVER,RECENT,YES,YES,FRIENDS,NOT_SURE,NO_ONE,YES,APP_OR_KEY,NEVER,YES,YES,RECENT,YES,YES,RECENT,YES,YES,NEVER,NEVER,SOMETIMES,NOT_SURE,NO,YES,NEVER,RECENT,RECENT,NOT_SURE,SOMETIMES,NEVER,10.5,0.0,8.0,16.7,0.0,20.7,0.0,0.0,17.2,17.5,8,LOW
SYN-00470,Educator,2026-01-24,PRIVATE,NO,PRIVATE,NO,NO,NO,NO,NO,NO,NOT_SURE,NOT_SURE,NO,NOT_SURE,NEVER,NEVER,NEVER,NEVER,NEVER,PRIVATE,NEVER,NEVER,NO,APPROVAL,NEVER,OLD,YES,YES,FRIENDS,NO,NO_ONE,YES,APP_OR_KEY,NEVER,YES,YES,OLD,YES,SOMETIMES,RECENT,YES,YES,NOT_SURE,NEVER,YES,NOT_SURE,NO,SOMETIMES,NEVER,RECENT,OLD,NO,YES,NEVER,0.0,14.0,9.6,0.0,11.0,10.0,8.8,8.8,17.2,13.8,9,LOW
SYN-00471,Student,2026-02-01,PUBLIC,NOT_SURE,PUBLIC,NOT_SURE,NOT_SURE,NO,YES,NO,NO,NOT_SURE,NO,YES,YES,SOMETIMES,SOMETIMES,SOMETIMES,SOMETIMES,OFTEN,FRIENDS,OFTEN,SOMETIMES,NO,EVERYONE,OFTEN,NOT_SURE,SOMETIMES,YES,FRIENDS,NO,FRIENDS,YES,SMS,OFTEN,NO,NO,OLD,NOT_SURE,SOMETIMES,OLD,NO,SOMETIMES,NOT_SURE,SOMETIMES,SOMETIMES,NOT_SURE,NO,SOMETIMES,NOT_SURE,OLD,OLD,NOT_SURE,SOMETIMES,NOT_SURE,79.0,31.3,71.2,52.8,89.3,15.0,61.0,63.5,39.7,52.5,57,HIGH
SYN-00472,Student,2026-02-06,FRIENDS,NOT_SURE,FRIENDS,NOT_SURE,NO,NOT_SURE,NOT_SURE,NO,NO,NOT_SURE,YES,YES,NOT_SURE,SOMETIMES,SOMETIMES,NEVER,SOMETIMES,SOMETIMES,PUBLIC,NEVER,SOMETIMES,NOT_SURE,FRIENDS_OF_FRIENDS,SOMETIMES,NOT_SURE,NOT_SURE,NO,FRIENDS,NOT_SURE,FRIENDS,NOT_SURE,SMS,SOMETIMES,NO,NO,NEVER,YES,SOMETIMES,OLD,SOMETIMES,NOT_SURE,NOT_SURE,NOT_SURE,SOMETIMES,NOT_SURE,NO,SOMETIMES,SOMETIMES,OLD,NOT_SURE,NOT_SURE,SOMETIMES,OFTEN,41.5,48.0,50.4,56.7,61.3,61.4,64.7,56.5,39.0,66.2,54,HIGH
SYN-00473,Student,2026-02-18,PRIVATE,NO,FRIENDS,NO,NOT_SURE,NO,NO,NO,NO,NOT_SURE,NO,NO,NOT_SURE,SOMETIMES,NEVER,NOT_SURE,SOMETIMES,NEVER,FRIENDS,NEVER,SOMETIMES,NO,FRIENDS_OF_FRIENDS,NEVER,RECENT,SOMETIMES,NOT_SURE,NO_ONE,NOT_SURE,FRIENDS,NOT_SURE,SMS,SOMETIMES,YES,YES,OLD,NO,YES,OLD,YES,SOMETIMES,SOMETIMES,SOMETIMES,SOMETIMES,NEVER,NO,SOMETIMES,SOMETIMES,OLD,OLD,NO,NO,NEVER,12.0,8.0,41.6,25.0,18.7,40.7,48.5,41.8,30.3,42.5,30,MODERATE
SYN-00474,Student,2026-05-26,PRIVATE,NOT_SURE,FRIENDS,YES,NO,NO,NOT_SURE,YES,NO,NO,NOT_SURE,NOT_SURE,NO,NOT_SURE,NOT_SURE,NEVER,NOT_SURE,NEVER,FRIENDS,SOMETIMES,NEVER,NO,APPROVAL,NOT_SURE,RECENT,SOMETIMES,NOT_SURE,FRIENDS,NOT_SURE,FRIENDS,YES,SMS,SOMETIMES,YES,NOT_SURE,RECENT,YES,SOMETIMES,OLD,YES,SOMETIMES,NEVER,NOT_SURE,SOMETIMES,SOMETIMES,NO,SOMETIMES,NEVER,OLD,OLD,NO,SOMETIMES,SOMETIMES,39.0,33.3,28.0,28.3,26.7,50.7,29.2,31.2,34.8,44.0,33,MODERATE
SYN-00475,Professional,2025-10-10,FRIENDS,NOT_SURE,FRIENDS,YES,NOT_SURE,NO,NOT_SURE,NOT_SURE,NO,NO,NO,NO,NO,NEVER,SOMETIMES,NOT_SURE,SOMETIMES,SOMETIMES,PRIVATE,NOT_SURE,SOMETIMES,NOT_SURE,FRIENDS_OF_FRIENDS,OFTEN,NEVER,SOMETIMES,NO,FRIENDS,NOT_SURE,ANYONE,NOT_SURE,SMS,SOMETIMES,NO,NO,OLD,NOT_SURE,NO,NOT_SURE,SOMETIMES,YES,NEVER,SOMETIMES,SOMETIMES,SOMETIMES,NO,SOMETIMES,SOMETIMES,OLD,OLD,NO,SOMETIMES,NOT_SURE,54.5,16.0,34.4,37.2,78.7,70.7,72.9,40.0,42.8,42.5,47,HIGH
SYN-00476,Professional,2026-06-26,FRIENDS,NOT_SURE,FRIENDS,YES,NOT_SURE,NOT_SURE,NOT_SURE,NO,NO,NOT_SURE,NOT_SURE,NOT_SURE,YES,SOMETIMES,SOMETIMES,OFTEN,SOMETIMES,SOMETIMES,FRIENDS,OFTEN,SOMETIMES,NOT_SURE,FRIENDS_OF_FRIENDS,SOMETIMES,OLD,NO,NO,ANYONE,NOT_SURE,FRIENDS,NOT_SURE,SMS,SOMETIMES,NOT_SURE,NOT_SURE,NEVER,NOT_SURE,SOMETIMES,NEVER,SOMETIMES,SOMETIMES,NOT_SURE,SOMETIMES,NO,SOMETIMES,NOT_SURE,SOMETIMES,SOMETIMES,OLD,OLD,YES,SOMETIMES,NEVER,54.5,40.0,72.8,62.8,60.3,80.0,66.7,67.6,61.7,55.0,61,HIGH
SYN-00477,Student,2026-05-13,PUBLIC,NOT_SURE,PUBLIC,NO,YES,NOT_SURE,NOT_SURE,YES,NO,NOT_SURE,NOT_SURE,NOT_SURE,NOT_SURE,NOT_SURE,SOMETIMES,SOMETIMES,SOMETIMES,NEVER,FRIENDS,NEVER,SOMETIMES,NOT_SURE,FRIENDS_OF_FRIENDS,SOMETIMES,OLD,SOMETIMES,NOT_SURE,ANYONE,NOT_SURE,FRIENDS,NOT_SURE,SMS,SOMETIMES,NO,NOT_SURE,OLD,NO,NO,NOT_SURE,NO,SOMETIMES,SOMETIMES,SOMETIMES,SOMETIMES,OFTEN,NO,SOMETIMES,OFTEN,NOT_SURE,OLD,NOT_SURE,SOMETIMES,NOT_SURE,72.0,53.3,50.4,35.0,53.7,69.3,72.9,74.1,55.2,58.8,58,HIGH
SYN-00478,Job Seeker,2026-09-25,FRIENDS,NOT_SURE,FRIENDS,YES,NOT_SURE,NO,NOT_SURE,YES,NO,NOT_SURE,YES,YES,NOT_SURE,SOMETIMES,NOT_SURE,OFTEN,SOMETIMES,OFTEN,FRIENDS,SOMETIMES,NOT_SURE,NO,EVERYONE,NEVER,OLD,SOMETIMES,NOT_SURE,FRIENDS,NOT_SURE,FRIENDS,NO,NONE,OFTEN,NO,NOT_SURE,NOT_SURE,NOT_SURE,NOT_SURE,NEVER,SOMETIMES,SOMETIMES,SOMETIMES,SOMETIMES,SOMETIMES,NOT_SURE,NOT_SURE,SOMETIMES,NOT_SURE,OLD,NEVER,YES,NO,SOMETIMES,54.5,49.3,69.6,39.4,44.3,50.7,89.2,69.4,51.7,82.8,60,HIGH
SYN-00479,Student,2026-07-02,FRIENDS,YES,FRIENDS,YES,YES,YES,YES,YES,NOT_SURE,YES,NOT_SURE,NOT_SURE,YES,OFTEN,SOMETIMES,SOMETIMES,SOMETIMES,OFTEN,FRIENDS,OFTEN,SOMETIMES,YES,FRIENDS_OF_FRIENDS,NOT_SURE,NOT_SURE,NOT_SURE,NO,ANYONE,NOT_SURE,ANYONE,NO,NONE,SOMETIMES,NO,NO,NOT_SURE,NO,SOMETIMES,NEVER,NO,SOMETIMES,OFTEN,SOMETIMES,SOMETIMES,OFTEN,NO,SOMETIMES,SOMETIMES,NOT_SURE,NOT_SURE,YES,NO,SOMETIMES,67.5,84.0,80.8,69.4,57.3,89.3,86.4,88.2,51.0,84.0,75,CRITICAL
SYN-00480,Professional,2026-06-26,FRIENDS,NOT_SURE,FRIENDS,NO,NO,NO,NOT_SURE,NOT_SURE,NO,NOT_SURE,NOT_SURE,NOT_SURE,NOT_SURE,NEVER,NOT_SURE,SOMETIMES,SOMETIMES,NEVER,FRIENDS,SOMETIMES,NEVER,YES,APPROVAL,SOMETIMES,OLD,YES,NOT_SURE,ANYONE,NOT_SURE,NO_ONE,YES,APP_OR_KEY,SOMETIMES,NOT_SURE,NOT_SURE,OLD,NOT_SURE,SOMETIMES,OLD,YES,SOMETIMES,NEVER,SOMETIMES,YES,NOT_SURE,NO,SOMETIMES,SOMETIMES,NEVER,RECENT,NOT_SURE,SOMETIMES,NEVER,29.5,36.0,36.8,45.0,35.0,64.3,41.8,31.2,33.8,42.5,38,MODERATE
SYN-00481,SMB Owner,2026-08-10,PRIVATE,NO,FRIENDS,NO,NO,NO,NO,NOT_SURE,NO,NO,NO,NO,NO,NEVER,NEVER,NOT_SURE,SOMETIMES,SOMETIMES,FRIENDS,NEVER,NEVER,NOT_SURE,APPROVAL,NEVER,RECENT,SOMETIMES,YES,NO_ONE,NO,NO_ONE,YES,APP_OR_KEY,NOT_SURE,NOT_SURE,YES,OLD,YES,YES,RECENT,YES,YES,NEVER,NEVER,YES,NEVER,NO,YES,NEVER,OLD,RECENT,NO,SOMETIMES,NEVER,7.0,8.0,24.8,21.7,6.7,0.0,20.1,0.0,0.0,21.2,13,LOW
SYN-00482,Professional,2025-12-08,FRIENDS,NO,FRIENDS,NOT_SURE,NOT_SURE,NO,NOT_SURE,YES,NO,NOT_SURE,NOT_SURE,YES,NOT_SURE,NOT_SURE,SOMETIMES,SOMETIMES,SOMETIMES,NOT_SURE,FRIENDS,NOT_SURE,NOT_SURE,YES,FRIENDS_OF_FRIENDS,OFTEN,NEVER,NOT_SURE,NO,ANYONE,NOT_SURE,FRIENDS,NOT_SURE,SMS,SOMETIMES,YES,NO,OLD,NOT_SURE,SOMETIMES,OLD,SOMETIMES,SOMETIMES,SOMETIMES,OFTEN,YES,NOT_SURE,NOT_SURE,NOT_SURE,SOMETIMES,NOT_SURE,OLD,NOT_SURE,NO,SOMETIMES,34.5,45.3,56.4,53.3,81.3,80.0,60.4,53.5,55.5,67.8,57,HIGH
SYN-00483,Professional,2026-09-26,FRIENDS,NOT_SURE,FRIENDS,NO,NO,NO,NO,NO,NO,NO,NO,NO,NO,NEVER,NEVER,NOT_SURE,NEVER,NEVER,PRIVATE,NEVER,NEVER,NO,APPROVAL,NOT_SURE,RECENT,YES,YES,FRIENDS,NOT_SURE,NO_ONE,YES,APP_OR_KEY,NOT_SURE,YES,NOT_SURE,OLD,YES,SOMETIMES,OLD,SOMETIMES,YES,SOMETIMES,NEVER,YES,NEVER,NO,YES,SOMETIMES,OLD,NEVER,NOT_SURE,SOMETIMES,NEVER,29.5,0.0,8.0,0.0,20.0,20.7,26.2,41.8,6.2,56.2,17,LOW
SYN-00484,Job Seeker,2026-02-27,FRIENDS,NOT_SURE,FRIENDS,NOT_SURE,NOT_SURE,YES,YES,NOT_SURE,NO,NO,NO,YES,NOT_SURE,SOMETIMES,OFTEN,SOMETIMES,SOMETIMES,SOMETIMES,FRIENDS,NOT_SURE,SOMETIMES,YES,FRIENDS_OF_FRIENDS,NOT_SURE,OLD,SOMETIMES,NO,FRIENDS,YES,FRIENDS,NOT_SURE,APP_OR_KEY,SOMETIMES,NOT_SURE,NO,NEVER,NOT_SURE,NOT_SURE,NOT_SURE,NOT_SURE,SOMETIMES,OFTEN,SOMETIMES,NOT_SURE,SOMETIMES,NO,SOMETIMES,SOMETIMES,OLD,OLD,NOT_SURE,NO,SOMETIMES,46.5,51.3,66.4,55.6,49.7,72.1,66.1,74.1,45.5,61.5,58,HIGH
SYN-00485,Educator,2026-07-28,FRIENDS,NOT_SURE,FRIENDS,NOT_SURE,NOT_SURE,YES,NO,NOT_SURE,NO,NOT_SURE,NOT_SURE,NOT_SURE,NOT_SURE,SOMETIMES,SOMETIMES,OFTEN,NOT_SURE,SOMETIMES,PUBLIC,SOMETIMES,SOMETIMES,NO,FRIENDS_OF_FRIENDS,NOT_SURE,OLD,SOMETIMES,NOT_SURE,FRIENDS,NOT_SURE,NO_ONE,YES,SMS,NOT_SURE,NOT_SURE,NOT_SURE,OLD,NO,NOT_SURE,OLD,SOMETIMES,SOMETIMES,NEVER,SOMETIMES,SOMETIMES,SOMETIMES,NOT_SURE,SOMETIMES,NOT_SURE,OLD,OLD,NOT_SURE,SOMETIMES,SOMETIMES,46.5,48.0,64.8,63.3,49.7,45.7,50.4,42.9,53.8,54.0,53,HIGH
SYN-00486,SMB Owner,2026-06-11,PUBLIC,NO,FRIENDS,NOT_SURE,NO,NO,NO,NO,NO,NO,NO,NOT_SURE,NOT_SURE,NOT_SURE,NOT_SURE,NEVER,SOMETIMES,OFTEN,PRIVATE,NEVER,SOMETIMES,NOT_SURE,APPROVAL,NOT_SURE,OLD,YES,YES,FRIENDS,NOT_SURE,NO_ONE,YES,APP_OR_KEY,SOMETIMES,NOT_SURE,NOT_SURE,RECENT,YES,SOMETIMES,OLD,SOMETIMES,SOMETIMES,NEVER,SOMETIMES,SOMETIMES,NEVER,NO,YES,SOMETIMES,OLD,NOT_SURE,NOT_SURE,SOMETIMES,NEVER,49.0,6.0,51.2,23.3,31.0,20.7,29.4,42.9,23.4,51.2,31,MODERATE
SYN-00487,Job Seeker,2025-10-03,FRIENDS,NOT_SURE,FRIENDS,YES,YES,NOT_SURE,YES,NO,NOT_SURE,NOT_SURE,NOT_SURE,YES,NO,SOMETIMES,SOMETIMES,SOMETIMES,SOMETIMES,NEVER,FRIENDS,SOMETIMES,OFTEN,NO,EVERYONE,SOMETIMES,OLD,SOMETIMES,NO,FRIENDS,NOT_SURE,FRIENDS,NOT_SURE,SMS,SOMETIMES,NOT_SURE,NOT_SURE,OLD,NO,SOMETIMES,NEVER,SOMETIMES,SOMETIMES,NOT_SURE,SOMETIMES,NOT_SURE,SOMETIMES,NO,SOMETIMES,OFTEN,NOT_SURE,NOT_SURE,YES,NOT_SURE,SOMETIMES,59.5,61.3,43.2,50.6,68.3,61.4,66.2,67.6,49.7,79.5,59,HIGH
SYN-00488,Student,2026-03-13,PUBLIC,YES,PUBLIC,YES,YES,YES,YES,YES,NOT_SURE,YES,YES,YES,YES,OFTEN,OFTEN,OFTEN,OFTEN,OFTEN,PUBLIC,SOMETIMES,OFTEN,YES,EVERYONE,SOMETIMES,OLD,SOMETIMES,NO,FRIENDS,YES,ANYONE,NOT_SURE,NOT_SURE,OFTEN,NO,NO,NEVER,NOT_SURE,SOMETIMES,NOT_SURE,NO,NO,OFTEN,SOMETIMES,NOT_SURE,OFTEN,NOT_SURE,NO,SOMETIMES,NEVER,NEVER,YES,NO,SOMETIMES,100.0,92.0,100.0,88.9,68.3,81.4,82.5,92.9,72.8,94.0,88,CRITICAL
SYN-00489,Student,2026-02-23,PUBLIC,NOT_SURE,PUBLIC,NOT_SURE,NOT_SURE,NOT_SURE,NOT_SURE,YES,NO,NOT_SURE,NOT_SURE,NOT_SURE,YES,SOMETIMES,OFTEN,NOT_SURE,SOMETIMES,OFTEN,PUBLIC,SOMETIMES,OFTEN,YES,FRIENDS_OF_FRIENDS,NEVER,OLD,SOMETIMES,NO,ANYONE,NOT_SURE,ANYONE,NOT_SURE,SMS,NOT_SURE,NOT_SURE,NO,NOT_SURE,NOT_SURE,NOT_SURE,NOT_SURE,NOT_SURE,SOMETIMES,SOMETIMES,SOMETIMES,NO,SOMETIMES,NO,NO,SOMETIMES,OLD,NEVER,NOT_SURE,NOT_SURE,SOMETIMES,79.0,53.3,76.0,88.9,29.7,89.3,68.1,67.1,56.6,68.2,66,HIGH
SYN-00490,Job Seeker,2026-07-01,PRIVATE,NOT_SURE,FRIENDS,YES,YES,NOT_SURE,NOT_SURE,YES,NO,NO,YES,NOT_SURE,NO,NEVER,SOMETIMES,SOMETIMES,SOMETIMES,SOMETIMES,PUBLIC,NEVER,OFTEN,YES,EVERYONE,SOMETIMES,OLD,SOMETIMES,NO,ANYONE,NOT_SURE,FRIENDS,NO,NONE,NOT_SURE,NOT_SURE,NOT_SURE,NEVER,YES,YES,NEVER,NO,NOT_SURE,NOT_SURE,SOMETIMES,SOMETIMES,SOMETIMES,NOT_SURE,SOMETIMES,SOMETIMES,OLD,NOT_SURE,YES,NOT_SURE,SOMETIMES,49.0,49.3,36.0,72.2,68.3,80.0,65.0,84.1,54.8,73.2,59,HIGH
SYN-00491,Professional,2026-09-28,PRIVATE,NO,PRIVATE,NO,NO,NO,NO,NO,NO,NO,NO,NO,NO,NEVER,NOT_SURE,NEVER,NEVER,NOT_SURE,PRIVATE,NEVER,NEVER,NOT_SURE,APPROVAL,NEVER,RECENT,YES,YES,FRIENDS,NO,FRIENDS,NOT_SURE,APP_OR_KEY,NEVER,YES,YES,OLD,YES,YES,OLD,YES,YES,NEVER,NEVER,SOMETIMES,NOT_SURE,NO,YES,SOMETIMES,OLD,OLD,NO,SOMETIMES,NEVER,0.0,0.0,14.0,10.0,0.0,15.0,20.1,19.4,23.4,35.0,12,LOW
SYN-00492,Professional,2026-08-10,FRIENDS,NOT_SURE,FRIENDS,NO,YES,NO,NOT_SURE,NO,NO,NO,NOT_SURE,NOT_SURE,NOT_SURE,SOMETIMES,SOMETIMES,SOMETIMES,NOT_SURE,SOMETIMES,PUBLIC,SOMETIMES,SOMETIMES,NOT_SURE,FRIENDS_OF_FRIENDS,NEVER,OLD,NOT_SURE,NOT_SURE,FRIENDS,NOT_SURE,FRIENDS,NO,NONE,SOMETIMES,NOT_SURE,NO,NOT_SURE,YES,YES,NEVER,SOMETIMES,SOMETIMES,SOMETIMES,NOT_SURE,SOMETIMES,NOT_SURE,NO,SOMETIMES,NOT_SURE,OLD,OLD,NOT_SURE,NOT_SURE,SOMETIMES,39.5,20.0,58.4,73.3,32.3,50.7,68.6,69.4,37.9,57.0,49,HIGH
SYN-00493,Student,2025-10-24,FRIENDS,NO,FRIENDS,NOT_SURE,YES,NO,NOT_SURE,NOT_SURE,NOT_SURE,YES,NOT_SURE,NOT_SURE,NOT_SURE,SOMETIMES,NOT_SURE,SOMETIMES,SOMETIMES,SOMETIMES,FRIENDS,OFTEN,OFTEN,NOT_SURE,FRIENDS_OF_FRIENDS,SOMETIMES,OLD,SOMETIMES,NO,ANYONE,NOT_SURE,FRIENDS,NO,NONE,NOT_SURE,NOT_SURE,NO,NEVER,NO,SOMETIMES,OLD,NOT_SURE,SOMETIMES,SOMETIMES,SOMETIMES,NOT_SURE,SOMETIMES,NOT_SURE,NOT_SURE,SOMETIMES,NEVER,OLD,YES,NO,OFTEN,39.5,53.3,58.4,71.7,53.7,80.0,83.6,58.2,60.3,88.8,63,HIGH
SYN-00494,Job Seeker,2025-10-15,PUBLIC,NOT_SURE,FRIENDS,NO,YES,NOT_SURE,NOT_SURE,YES,NO,YES,NOT_SURE,YES,NO,SOMETIMES,SOMETIMES,SOMETIMES,SOMETIMES,SOMETIMES,FRIENDS,NOT_SURE,NOT_SURE,NOT_SURE,FRIENDS_OF_FRIENDS,SOMETIMES,OLD,SOMETIMES,NO,NO_ONE,NO,FRIENDS,NOT_SURE,SMS,NOT_SURE,NO,YES,NEVER,NO,SOMETIMES,NEVER,SOMETIMES,SOMETIMES,SOMETIMES,SOMETIMES,NO,OFTEN,NOT_SURE,SOMETIMES,OFTEN,NEVER,OLD,NOT_SURE,SOMETIMES,NOT_SURE,59.0,62.7,50.4,46.7,53.7,40.7,62.8,69.4,74.1,63.8,58,HIGH
SYN-00495,Student,2026-06-19,FRIENDS,NOT_SURE,FRIENDS,NOT_SURE,NO,NO,NO,NO,NO,NO,NO,NO,NO,NOT_SURE,NEVER,NEVER,OFTEN,NEVER,FRIENDS,NEVER,NEVER,NOT_SURE,FRIENDS_OF_FRIENDS,NOT_SURE,OLD,SOMETIMES,NOT_SURE,NO_ONE,NOT_SURE,FRIENDS,NOT_SURE,SMS,SOMETIMES,YES,YES,OLD,YES,YES,OLD,SOMETIMES,SOMETIMES,SOMETIMES,SOMETIMES,SOMETIMES,NEVER,NO,NO,NEVER,OLD,OLD,NOT_SURE,SOMETIMES,SOMETIMES,41.5,0.0,28.0,21.7,49.7,40.7,37.4,53.5,31.0,54.0,32,MODERATE
SYN-00496,Professional,2025-10-13,FRIENDS,NO,FRIENDS,NO,NO,NO,NO,NO,NO,NO,NO,NO,NOT_SURE,NOT_SURE,NEVER,NOT_SURE,NEVER,SOMETIMES,FRIENDS,NEVER,NEVER,YES,APPROVAL,SOMETIMES,RECENT,SOMETIMES,NOT_SURE,FRIENDS,NOT_SURE,FRIENDS,YES,APP_OR_KEY,NOT_SURE,YES,YES,RECENT,NOT_SURE,SOMETIMES,OLD,YES,SOMETIMES,NEVER,SOMETIMES,YES,SOMETIMES,NO,SOMETIMES,NEVER,OLD,OLD,NO,SOMETIMES,SOMETIMES,17.5,0.0,36.8,28.3,30.7,50.7,21.7,31.2,29.7,44.0,26,MODERATE
SYN-00497,Student,2026-03-22,PUBLIC,NOT_SURE,PUBLIC,YES,YES,NOT_SURE,NOT_SURE,YES,NOT_SURE,YES,NOT_SURE,NOT_SURE,NOT_SURE,SOMETIMES,SOMETIMES,SOMETIMES,OFTEN,SOMETIMES,FRIENDS,OFTEN,SOMETIMES,YES,FRIENDS_OF_FRIENDS,SOMETIMES,NOT_SURE,SOMETIMES,NO,ANYONE,YES,ANYONE,NO,NONE,SOMETIMES,NO,NOT_SURE,OLD,NO,NO,NOT_SURE,SOMETIMES,NO,OFTEN,SOMETIMES,NO,NOT_SURE,NOT_SURE,NOT_SURE,SOMETIMES,NOT_SURE,NEVER,YES,NO,SOMETIMES,92.0,70.7,66.4,69.4,58.7,100.0,85.1,81.2,62.4,89.0,75,CRITICAL
SYN-00498,Student,2026-09-06,PUBLIC,NOT_SURE,FRIENDS,NO,NOT_SURE,NO,NO,NOT_SURE,NO,NOT_SURE,NOT_SURE,NOT_SURE,NOT_SURE,OFTEN,SOMETIMES,NEVER,NEVER,SOMETIMES,FRIENDS,NEVER,SOMETIMES,NOT_SURE,APPROVAL,SOMETIMES,RECENT,SOMETIMES,NOT_SURE,FRIENDS,NOT_SURE,FRIENDS,YES,SMS,SOMETIMES,NOT_SURE,NOT_SURE,NOT_SURE,YES,SOMETIMES,NOT_SURE,SOMETIMES,NOT_SURE,NEVER,SOMETIMES,YES,NOT_SURE,NO,SOMETIMES,SOMETIMES,NEVER,OLD,NOT_SURE,SOMETIMES,SOMETIMES,54.0,28.0,50.4,35.0,30.7,50.7,41.7,56.5,33.8,65.2,42,HIGH
SYN-00499,Professional,2026-07-24,FRIENDS,NOT_SURE,PUBLIC,NO,NOT_SURE,NOT_SURE,NOT_SURE,NOT_SURE,NO,NOT_SURE,NO,NO,NO,OFTEN,NOT_SURE,NEVER,SOMETIMES,SOMETIMES,FRIENDS,SOMETIMES,OFTEN,NOT_SURE,EVERYONE,OFTEN,RECENT,NOT_SURE,NOT_SURE,FRIENDS,NO,FRIENDS,YES,SMS,NEVER,NO,NO,NOT_SURE,NO,NO,NEVER,SOMETIMES,NO,NOT_SURE,SOMETIMES,SOMETIMES,SOMETIMES,NO,SOMETIMES,SOMETIMES,OLD,NEVER,YES,SOMETIMES,SOMETIMES,47.5,36.0,48.8,60.6,76.0,40.0,51.1,79.4,42.8,75.2,53,HIGH
SYN-00500,Student,2026-01-22,FRIENDS,YES,FRIENDS,NOT_SURE,NO,NO,NOT_SURE,YES,NO,NOT_SURE,NOT_SURE,NOT_SURE,NO,OFTEN,NEVER,SOMETIMES,SOMETIMES,SOMETIMES,FRIENDS,SOMETIMES,SOMETIMES,NOT_SURE,FRIENDS_OF_FRIENDS,NOT_SURE,NOT_SURE,NOT_SURE,NOT_SURE,FRIENDS,NOT_SURE,FRIENDS,NOT_SURE,SMS,SOMETIMES,NOT_SURE,YES,NEVER,NOT_SURE,NOT_SURE,OLD,NOT_SURE,SOMETIMES,SOMETIMES,SOMETIMES,SOMETIMES,SOMETIMES,NO,NOT_SURE,SOMETIMES,OLD,OLD,NOT_SURE,SOMETIMES,SOMETIMES,49.5,41.3,50.4,51.7,57.3,50.7,60.6,58.2,45.5,54.0,51,HIGH
SYN-00501,Job Seeker,2026-07-09,FRIENDS,NO,PRIVATE,NO,NO,NO,NO,NO,NO,NO,NOT_SURE,NO,NO,NEVER,NEVER,NEVER,NEVER,NEVER,PRIVATE,SOMETIMES,SOMETIMES,NO,FRIENDS_OF_FRIENDS,NEVER,RECENT,YES,NOT_SURE,NO_ONE,NO,FRIENDS,YES,APP_OR_KEY,NEVER,YES,YES,NOT_SURE,YES,YES,NOT_SURE,YES,YES,NEVER,NEVER,SOMETIMES,NEVER,NO,SOMETIMES,NOT_SURE,OLD,RECENT,NOT_SURE,NOT_SURE,SOMETIMES,10.5,6.0,0.0,30.0,12.0,30.0,6.7,28.2,19.0,43.2,14,LOW
SYN-00502,Student,2025-12-05,PUBLIC,NOT_SURE,FRIENDS,NOT_SURE,YES,NOT_SURE,NOT_SURE,NOT_SURE,NO,NOT_SURE,NOT_SURE,NOT_SURE,NOT_SURE,SOMETIMES,NOT_SURE,SOMETIMES,SOMETIMES,SOMETIMES,FRIENDS,NOT_SURE,SOMETIMES,NOT_SURE,FRIENDS_OF_FRIENDS,NOT_SURE,NOT_SURE,SOMETIMES,NOT_SURE,FRIENDS,YES,ANYONE,NOT_SURE,SMS,NOT_SURE,NOT_SURE,NOT_SURE,OLD,YES,SOMETIMES,OLD,SOMETIMES,SOMETIMES,SOMETIMES,SOMETIMES,SOMETIMES,SOMETIMES,NOT_SURE,SOMETIMES,SOMETIMES,OLD,NEVER,NO,NO,SOMETIMES,71.0,48.0,58.4,48.9,54.7,70.7,53.2,53.5,54.8,62.8,56,HIGH
SYN-00503,SMB Owner,2026-05-23,FRIENDS,NO,PRIVATE,NO,NO,NO,NOT_SURE,NO,NO,NO,NO,NO,NO,NEVER,NEVER,SOMETIMES,NEVER,NEVER,PRIVATE,NEVER,NEVER,NO,APPROVAL,NEVER,RECENT,YES,YES,NO_ONE,NO,NO_ONE,YES,APP_OR_KEY,SOMETIMES,YES,YES,OLD,YES,YES,RECENT,YES,YES,NEVER,NEVER,YES,NEVER,NO,YES,NEVER,RECENT,OLD,NO,YES,SOMETIMES,10.5,8.0,9.6,0.0,0.0,0.0,16.2,0.0,0.0,22.8,7,LOW
SYN-00504,Educator,2026-01-07,PRIVATE,NO,PRIVATE,NOT_SURE,NO,NO,NO,NO,NO,NO,NOT_SURE,NO,NOT_SURE,SOMETIMES,SOMETIMES,NEVER,NEVER,NEVER,FRIENDS,SOMETIMES,NEVER,NO,FRIENDS_OF_FRIENDS,SOMETIMES,RECENT,YES,YES,FRIENDS,NO,NO_ONE,YES,SMS,NEVER,NOT_SURE,NOT_SURE,OLD,YES,YES,OLD,YES,YES,SOMETIMES,NEVER,SOMETIMES,SOMETIMES,NO,SOMETIMES,NEVER,RECENT,OLD,NOT_SURE,SOMETIMES,NEVER,12.0,6.0,33.6,28.3,36.0,10.0,23.7,30.0,26.2,31.2,23,MODERATE
SYN-00505,Student,2026-02-21,FRIENDS,NO,FRIENDS,NOT_SURE,NO,NO,NO,NO,NO,NO,NOT_SURE,NOT_SURE,NO,SOMETIMES,SOMETIMES,NEVER,NEVER,SOMETIMES,FRIENDS,NOT_SURE,NOT_SURE,NO,FRIENDS_OF_FRIENDS,NOT_SURE,OLD,YES,YES,FRIENDS,NOT_SURE,NO_ONE,YES,APP_OR_KEY,NEVER,NOT_SURE,NOT_SURE,OLD,YES,YES,NOT_SURE,SOMETIMES,SOMETIMES,SOMETIMES,NEVER,YES,SOMETIMES,NO,SOMETIMES,SOMETIMES,RECENT,OLD,NOT_SURE,SOMETIMES,SOMETIMES,29.5,12.0,31.2,36.7,43.0,20.7,18.2,62.4,25.5,40.3,29,MODERATE
SYN-00506,Educator,2026-02-12,FRIENDS,NO,FRIENDS,NOT_SURE,NOT_SURE,NO,NO,NOT_SURE,NO,NO,NO,NO,NO,SOMETIMES,NOT_SURE,SOMETIMES,SOMETIMES,SOMETIMES,FRIENDS,NEVER,NEVER,NOT_SURE,FRIENDS_OF_FRIENDS,SOMETIMES,OLD,SOMETIMES,YES,FRIENDS,NOT_SURE,FRIENDS,NOT_SURE,SMS,NOT_SURE,YES,NO,OLD,YES,YES,OLD,SOMETIMES,SOMETIMES,NOT_SURE,SOMETIMES,SOMETIMES,NEVER,NO,SOMETIMES,NEVER,OLD,OLD,NOT_SURE,SOMETIMES,NOT_SURE,34.5,8.0,48.8,21.7,53.7,25.7,46.5,51.8,24.1,52.5,35,MODERATE
SYN-00507,Professional,2026-07-10,PRIVATE,NO,FRIENDS,NO,NO,NO,NO,NO,NO,NOT_SURE,NO,NO,NO,NEVER,NEVER,SOMETIMES,NEVER,NEVER,PRIVATE,NEVER,NEVER,NO,APPROVAL,NEVER,RECENT,YES,YES,NO_ONE,NO,NO_ONE,YES,SMS,NEVER,YES,YES,RECENT,YES,YES,RECENT,YES,YES,NEVER,NOT_SURE,YES,NEVER,NO,YES,NOT_SURE,RECENT,RECENT,NOT_SURE,SOMETIMES,NEVER,7.0,8.0,9.6,0.0,0.0,0.0,5.6,0.0,13.8,17.5,6,LOW
SYN-00508,Professional,2026-04-23,PRIVATE,YES,PUBLIC,YES,NOT_SURE,NOT_SURE,NOT_SURE,YES,NOT_SURE,YES,YES,NOT_SURE,NOT_SURE,SOMETIMES,OFTEN,SOMETIMES,NOT_SURE,SOMETIMES,FRIENDS,OFTEN,SOMETIMES,YES,EVERYONE,NOT_SURE,NEVER,NO,NO,ANYONE,YES,FRIENDS,NO,NONE,NOT_SURE,NOT_SURE,NOT_SURE,NEVER,NOT_SURE,NO,NOT_SURE,NO,SOMETIMES,SOMETIMES,OFTEN,SOMETIMES,SOMETIMES,NO,NO,SOMETIMES,NEVER,NEVER,NOT_SURE,NO,SOMETIMES,65.0,74.7,64.8,69.4,80.0,90.7,81.1,74.1,56.6,84.0,73,CRITICAL
SYN-00509,Student,2025-10-29,PRIVATE,NOT_SURE,PUBLIC,NOT_SURE,YES,NO,NOT_SURE,YES,NOT_SURE,NOT_SURE,NO,NOT_SURE,NO,SOMETIMES,SOMETIMES,OFTEN,NOT_SURE,NOT_SURE,PUBLIC,NOT_SURE,SOMETIMES,NOT_SURE,FRIENDS_OF_FRIENDS,NEVER,OLD,NOT_SURE,NOT_SURE,FRIENDS,YES,FRIENDS,NOT_SURE,SMS,NOT_SURE,NO,YES,OLD,NOT_SURE,SOMETIMES,OLD,SOMETIMES,NO,NEVER,SOMETIMES,NOT_SURE,NOT_SURE,NO,NOT_SURE,SOMETIMES,OLD,NEVER,YES,SOMETIMES,OFTEN,54.0,47.3,54.0,70.6,32.3,61.4,55.7,54.7,46.2,81.2,54,HIGH
SYN-00510,Student,2026-08-14,PUBLIC,YES,FRIENDS,NOT_SURE,YES,NOT_SURE,YES,NOT_SURE,NOT_SURE,NOT_SURE,NOT_SURE,NOT_SURE,NOT_SURE,SOMETIMES,SOMETIMES,NOT_SURE,SOMETIMES,NOT_SURE,FRIENDS,OFTEN,OFTEN,YES,FRIENDS_OF_FRIENDS,SOMETIMES,OLD,SOMETIMES,NOT_SURE,FRIENDS,YES,FRIENDS,NO,NONE,OFTEN,NOT_SURE,NOT_SURE,NEVER,NOT_SURE,SOMETIMES,OLD,SOMETIMES,NO,NOT_SURE,SOMETIMES,SOMETIMES,SOMETIMES,NO,SOMETIMES,SOMETIMES,OLD,OLD,YES,NO,NEVER,79.0,65.3,57.2,78.3,53.7,61.4,86.7,63.5,42.8,62.5,66,HIGH
SYN-00511,Student,2026-09-03,FRIENDS,NOT_SURE,FRIENDS,NOT_SURE,NOT_SURE,NO,NO,NOT_SURE,NO,NO,NOT_SURE,NO,NOT_SURE,NEVER,NEVER,NOT_SURE,NOT_SURE,SOMETIMES,FRIENDS,NOT_SURE,NOT_SURE,NOT_SURE,FRIENDS_OF_FRIENDS,SOMETIMES,RECENT,NO,NOT_SURE,FRIENDS,NOT_SURE,FRIENDS,NOT_SURE,SMS,NEVER,YES,NOT_SURE,NOT_SURE,YES,YES,OLD,YES,YES,SOMETIMES,NOT_SURE,SOMETIMES,NEVER,NO,SOMETIMES,SOMETIMES,OLD,OLD,NOT_SURE,SOMETIMES,SOMETIMES,46.5,14.0,32.8,46.7,49.3,50.7,35.6,30.0,28.6,54.0,36,MODERATE
SYN-00512,Job Seeker,2026-07-01,FRIENDS,NOT_SURE,PUBLIC,YES,NOT_SURE,NOT_SURE,NOT_SURE,YES,NOT_SURE,NOT_SURE,NO,YES,NOT_SURE,NOT_SURE,NOT_SURE,SOMETIMES,NOT_SURE,SOMETIMES,PUBLIC,SOMETIMES,NOT_SURE,NOT_SURE,FRIENDS_OF_FRIENDS,SOMETIMES,NOT_SURE,NO,NOT_SURE,ANYONE,YES,FRIENDS,NOT_SURE,SMS,SOMETIMES,NOT_SURE,NO,OLD,NOT_SURE,NO,NOT_SURE,NO,NOT_SURE,SOMETIMES,SOMETIMES,NO,SOMETIMES,NOT_SURE,SOMETIMES,SOMETIMES,NEVER,NEVER,NOT_SURE,NO,SOMETIMES,67.5,63.3,54.4,71.1,65.3,80.0,70.4,78.8,61.7,84.0,67,HIGH
SYN-00513,Student,2026-09-22,PRIVATE,YES,FRIENDS,NOT_SURE,NO,NO,NO,NOT_SURE,NO,NOT_SURE,NOT_SURE,NO,YES,NEVER,NEVER,NOT_SURE,NEVER,SOMETIMES,PRIVATE,SOMETIMES,NEVER,NOT_SURE,EVERYONE,SOMETIMES,RECENT,YES,NO,FRIENDS,NO,FRIENDS,NOT_SURE,SMS,NOT_SURE,NOT_SURE,NO,RECENT,NOT_SURE,SOMETIMES,OLD,SOMETIMES,SOMETIMES,SOMETIMES,SOMETIMES,SOMETIMES,NEVER,NO,SOMETIMES,NOT_SURE,OLD,NOT_SURE,YES,NO,NEVER,39.0,22.0,31.2,26.7,50.7,50.7,59.7,53.5,29.3,68.8,40,MODERATE
SYN-00514,Student,2026-07-13,FRIENDS,YES,FRIENDS,YES,YES,NOT_SURE,NOT_SURE,NOT_SURE,NOT_SURE,NOT_SURE,YES,NOT_SURE,NOT_SURE,SOMETIMES,NOT_SURE,SOMETIMES,OFTEN,SOMETIMES,PUBLIC,NEVER,OFTEN,YES,EVERYONE,OFTEN,NOT_SURE,NO,NO,ANYONE,NOT_SURE,ANYONE,NOT_SURE,SMS,SOMETIMES,NO,NO,NEVER,NOT_SURE,NOT_SURE,NEVER,NO,NO,SOMETIMES,SOMETIMES,SOMETIMES,SOMETIMES,NO,NO,OFTEN,OLD,NOT_SURE,NOT_SURE,NO,NOT_SURE,67.5,64.0,64.8,72.2,96.0,89.3,74.2,92.9,53.8,66.2,72,CRITICAL
SYN-00515,Student,2026-09-01,FRIENDS,YES,FRIENDS,NO,YES,NOT_SURE,YES,NOT_SURE,NOT_SURE,YES,YES,NOT_SURE,NOT_SURE,NEVER,SOMETIMES,OFTEN,OFTEN,SOMETIMES,PUBLIC,NOT_SURE,NEVER,YES,FRIENDS_OF_FRIENDS,SOMETIMES,OLD,NO,NOT_SURE,ANYONE,NOT_SURE,ANYONE,NO,NONE,OFTEN,NO,NO,OLD,NOT_SURE,SOMETIMES,OLD,SOMETIMES,SOMETIMES,NOT_SURE,NOT_SURE,NOT_SURE,SOMETIMES,NOT_SURE,SOMETIMES,NOT_SURE,NEVER,NEVER,NOT_SURE,NO,OFTEN,47.5,74.7,58.4,63.9,60.3,78.6,88.8,51.8,54.8,90.0,67,HIGH
SYN-00516,Job Seeker,2025-12-02,PUBLIC,YES,FRIENDS,YES,YES,NOT_SURE,NOT_SURE,YES,NOT_SURE,YES,NOT_SURE,NOT_SURE,YES,OFTEN,NOT_SURE,OFTEN,OFTEN,SOMETIMES,PUBLIC,SOMETIMES,OFTEN,YES,EVERYONE,OFTEN,NEVER,NO,NO,ANYONE,YES,ANYONE,YES,SMS,SOMETIMES,NO,NO,NEVER,NO,SOMETIMES,NEVER,NO,NO,OFTEN,OFTEN,NOT_SURE,NOT_SURE,NOT_SURE,NO,SOMETIMES,NOT_SURE,NOT_SURE,YES,NO,OFTEN,87.0,70.7,87.2,88.9,100.0,100.0,60.3,100.0,69.3,90.0,82,CRITICAL
SYN-00517,Job Seeker,2026-08-22,PRIVATE,NO,PRIVATE,NO,NO,NO,NO,NO,NO,NO,NO,NO,NO,NEVER,NEVER,NEVER,NEVER,NEVER,PRIVATE,NEVER,NEVER,NO,APPROVAL,NEVER,RECENT,YES,YES,NO_ONE,NO,NO_ONE,YES,APP_OR_KEY,NEVER,YES,YES,OLD,YES,YES,OLD,SOMETIMES,YES,NEVER,NEVER,YES,NEVER,NO,YES,NEVER,RECENT,RECENT,NO,YES,NEVER,0.0,0.0,0.0,0.0,0.0,0.0,4.6,31.2,0.0,0.0,2,LOW
SYN-00518,Student,2026-04-17,FRIENDS,NOT_SURE,PRIVATE,NOT_SURE,NOT_SURE,NO,NO,NOT_SURE,NO,NO,NO,NO,YES,NEVER,NOT_SURE,NEVER,SOMETIMES,NEVER,PRIVATE,SOMETIMES,SOMETIMES,NO,FRIENDS_OF_FRIENDS,SOMETIMES,OLD,YES,YES,FRIENDS,YES,FRIENDS,YES,APP_OR_KEY,NOT_SURE,NOT_SURE,YES,OLD,NOT_SURE,SOMETIMES,NOT_SURE,SOMETIMES,SOMETIMES,NOT_SURE,NEVER,SOMETIMES,NEVER,NO,NOT_SURE,SOMETIMES,OLD,NOT_SURE,NOT_SURE,SOMETIMES,SOMETIMES,39.5,8.0,33.6,30.0,47.0,36.4,32.1,60.6,22.8,60.2,33,MODERATE
SYN-00519,Professional,2026-06-05,FRIENDS,NO,FRIENDS,NO,YES,NOT_SURE,NOT_SURE,NOT_SURE,NO,NOT_SURE,NOT_SURE,NO,NOT_SURE,NOT_SURE,SOMETIMES,SOMETIMES,SOMETIMES,SOMETIMES,FRIENDS,SOMETIMES,NEVER,NO,FRIENDS_OF_FRIENDS,OFTEN,OLD,SOMETIMES,YES,FRIENDS,NO,FRIENDS,NOT_SURE,SMS,NOT_SURE,NOT_SURE,NOT_SURE,NOT_SURE,YES,SOMETIMES,OLD,SOMETIMES,YES,NEVER,NEVER,SOMETIMES,SOMETIMES,NO,NO,OFTEN,NOT_SURE,OLD,NO,SOMETIMES,NOT_SURE,27.5,42.0,57.6,28.3,69.7,15.0,55.3,31.2,43.4,48.8,45,HIGH
SYN-00520,Student,2025-11-05,PUBLIC,YES,PUBLIC,YES,YES,NOT_SURE,YES,YES,NOT_SURE,NOT_SURE,YES,YES,YES,SOMETIMES,SOMETIMES,OFTEN,SOMETIMES,OFTEN,PUBLIC,SOMETIMES,OFTEN,YES,EVERYONE,NOT_SURE,NEVER,NOT_SURE,NO,ANYONE,YES,ANYONE,NO,NONE,OFTEN,NOT_SURE,NO,NEVER,NO,SOMETIMES,NEVER,NO,NO,SOMETIMES,SOMETIMES,NO,SOMETIMES,NOT_SURE,SOMETIMES,SOMETIMES,NOT_SURE,NOT_SURE,YES,NO,SOMETIMES,100.0,78.7,77.6,88.9,76.0,100.0,93.3,92.9,61.7,84.0,84,CRITICAL
SYN-00521,Job Seeker,2026-09-25,FRIENDS,NOT_SURE,PUBLIC,NO,NO,NO,NO,NO,NO,NOT_SURE,NO,NO,NO,NOT_SURE,SOMETIMES,SOMETIMES,SOMETIMES,NOT_SURE,FRIENDS,SOMETIMES,NEVER,NOT_SURE,FRIENDS_OF_FRIENDS,SOMETIMES,NOT_SURE,NOT_SURE,NOT_SURE,FRIENDS,NO,FRIENDS,YES,APP_OR_KEY,NEVER,NOT_SURE,NOT_SURE,NEVER,NOT_SURE,SOMETIMES,OLD,SOMETIMES,SOMETIMES,SOMETIMES,SOMETIMES,NOT_SURE,NEVER,NO,SOMETIMES,NOT_SURE,OLD,RECENT,NOT_SURE,SOMETIMES,NOT_SURE,42.5,8.0,46.8,38.3,61.3,40.0,33.9,53.5,32.1,38.8,37,MODERATE
SYN-00522,SMB Owner,2025-10-01,FRIENDS,NOT_SURE,FRIENDS,NOT_SURE,NOT_SURE,NOT_SURE,NOT_SURE,NO,NOT_SURE,NOT_SURE,NO,NOT_SURE,NOT_SURE,SOMETIMES,NOT_SURE,SOMETIMES,SOMETIMES,NEVER,FRIENDS,NOT_SURE,SOMETIMES,NO,FRIENDS_OF_FRIENDS,SOMETIMES,OLD,SOMETIMES,NOT_SURE,FRIENDS,YES,FRIENDS,YES,SMS,SOMETIMES,NOT_SURE,NOT_SURE,NEVER,NO,SOMETIMES,OLD,SOMETIMES,SOMETIMES,SOMETIMES,NEVER,SOMETIMES,OFTEN,NOT_SURE,SOMETIMES,SOMETIMES,NOT_SURE,OLD,NOT_SURE,NOT_SURE,NEVER,46.5,46.0,51.2,38.9,53.7,61.4,54.4,53.5,52.8,54.2,50,HIGH
SYN-00523,Student,2026-01-05,FRIENDS,NO,PRIVATE,NO,NO,NO,NO,NO,NO,NO,NO,NO,NO,NEVER,NEVER,NOT_SURE,NEVER,NOT_SURE,FRIENDS,NOT_SURE,NEVER,NO,APPROVAL,NEVER,RECENT,SOMETIMES,NOT_SURE,FRIENDS,NO,NO_ONE,YES,APP_OR_KEY,NEVER,YES,NOT_SURE,OLD,YES,SOMETIMES,NOT_SURE,YES,YES,NEVER,NEVER,YES,NEVER,NO,YES,SOMETIMES,RECENT,OLD,NO,YES,SOMETIMES,10.5,0.0,14.0,25.6,6.7,35.0,16.5,28.2,6.2,22.8,14,LOW
SYN-00524,Educator,2026-02-17,FRIENDS,NO,PRIVATE,NO,NO,NO,NO,NO,NO,NO,NO,YES,NOT_SURE,SOMETIMES,NEVER,NOT_SURE,NEVER,NEVER,PRIVATE,NOT_SURE,NEVER,NO,APPROVAL,SOMETIMES,OLD,SOMETIMES,NOT_SURE,FRIENDS,NO,FRIENDS,YES,APP_OR_KEY,NEVER,YES,NOT_SURE,OLD,YES,YES,OLD,YES,YES,NEVER,NEVER,SOMETIMES,NOT_SURE,NO,SOMETIMES,NEVER,OLD,OLD,NO,YES,SOMETIMES,10.5,10.0,32.0,13.9,41.7,40.0,12.4,19.4,24.1,36.5,22,MODERATE
SYN-00525,Professional,2026-07-08,FRIENDS,NO,FRIENDS,NOT_SURE,NO,NO,NO,NO,NOT_SURE,NO,NO,NO,NO,SOMETIMES,NOT_SURE,NEVER,SOMETIMES,NEVER,FRIENDS,NOT_SURE,NEVER,NO,EVERYONE,SOMETIMES,OLD,SOMETIMES,NOT_SURE,FRIENDS,NO,NO_ONE,YES,APP_OR_KEY,NEVER,YES,NOT_SURE,OLD,NOT_SURE,YES,NOT_SURE,NOT_SURE,YES,NEVER,NOT_SURE,SOMETIMES,SOMETIMES,NO,YES,SOMETIMES,NEVER,RECENT,NOT_SURE,YES,NEVER,29.5,12.0,32.0,25.6,68.3,35.0,20.1,44.7,34.1,35.0,31,MODERATE
SYN-00526,Student,2026-02-24,FRIENDS,NOT_SURE,FRIENDS,NO,YES,NOT_SURE,NO,NO,NO,YES,NOT_SURE,NOT_SURE,YES,SOMETIMES,SOMETIMES,SOMETIMES,SOMETIMES,NOT_SURE,FRIENDS,NOT_SURE,NOT_SURE,NO,FRIENDS_OF_FRIENDS,SOMETIMES,RECENT,NOT_SURE,NOT_SURE,FRIENDS,NOT_SURE,ANYONE,NOT_SURE,APP_OR_KEY,NEVER,NO,NOT_SURE,OLD,NOT_SURE,SOMETIMES,NOT_SURE,YES,SOMETIMES,NOT_SURE,SOMETIMES,NOT_SURE,NEVER,NO,YES,NOT_SURE,OLD,OLD,YES,SOMETIMES,NOT_SURE,39.5,37.3,65.2,36.7,45.3,60.0,48.2,48.8,25.2,62.5,46,HIGH
SYN-00527,Student,2025-10-21,FRIENDS,NO,FRIENDS,NOT_SURE,YES,NOT_SURE,NOT_SURE,NOT_SURE,NOT_SURE,YES,NOT_SURE,NOT_SURE,NOT_SURE,NOT_SURE,SOMETIMES,OFTEN,SOMETIMES,OFTEN,PUBLIC,SOMETIMES,NOT_SURE,NOT_SURE,FRIENDS_OF_FRIENDS,NOT_SURE,NEVER,SOMETIMES,NO,ANYONE,YES,NO_ONE,NOT_SURE,SMS,NEVER,NOT_SURE,NO,OLD,NOT_SURE,NO,NEVER,SOMETIMES,SOMETIMES,SOMETIMES,NOT_SURE,SOMETIMES,NOT_SURE,NOT_SURE,SOMETIMES,SOMETIMES,NEVER,OLD,YES,SOMETIMES,OFTEN,39.5,65.3,68.8,71.1,58.7,85.7,58.8,69.4,51.0,81.2,63,HIGH
SYN-00528,Student,2026-06-23,FRIENDS,NOT_SURE,PRIVATE,NO,NO,NOT_SURE,NOT_SURE,NOT_SURE,NO,NOT_SURE,NO,NOT_SURE,NO,NOT_SURE,NEVER,NEVER,NEVER,NEVER,FRIENDS,NEVER,SOMETIMES,NO,FRIENDS_OF_FRIENDS,SOMETIMES,OLD,SOMETIMES,NOT_SURE,FRIENDS,NOT_SURE,FRIENDS,YES,SMS,NEVER,YES,YES,OLD,YES,YES,OLD,YES,YES,NEVER,NOT_SURE,SOMETIMES,NEVER,NO,YES,NEVER,RECENT,RECENT,NO,SOMETIMES,SOMETIMES,22.5,42.0,12.0,25.0,53.7,50.7,10.1,19.4,15.5,16.5,26,MODERATE
SYN-00529,Student,2026-08-06,FRIENDS,NOT_SURE,FRIENDS,NOT_SURE,NOT_SURE,NO,NO,NOT_SURE,NO,NOT_SURE,NO,NOT_SURE,NOT_SURE,SOMETIMES,NOT_SURE,NEVER,NEVER,SOMETIMES,FRIENDS,SOMETIMES,NEVER,NOT_SURE,FRIENDS_OF_FRIENDS,SOMETIMES,RECENT,SOMETIMES,NOT_SURE,FRIENDS,NO,NO_ONE,NOT_SURE,SMS,NEVER,NOT_SURE,NO,NEVER,NOT_SURE,SOMETIMES,OLD,SOMETIMES,SOMETIMES,NEVER,SOMETIMES,SOMETIMES,NOT_SURE,NO,SOMETIMES,NEVER,OLD,OLD,NOT_SURE,SOMETIMES,SOMETIMES,46.5,22.0,39.2,38.3,42.7,35.0,58.3,42.9,34.5,54.0,41,HIGH
SYN-00530,Student,2026-01-28,PUBLIC,NOT_SURE,PUBLIC,YES,NOT_SURE,YES,NOT_SURE,NOT_SURE,NOT_SURE,NOT_SURE,NOT_SURE,YES,YES,OFTEN,OFTEN,OFTEN,OFTEN,SOMETIMES,PUBLIC,OFTEN,SOMETIMES,YES,EVERYONE,NOT_SURE,NEVER,NO,NOT_SURE,ANYONE,YES,FRIENDS,NOT_SURE,SMS,OFTEN,NO,NOT_SURE,NEVER,NO,SOMETIMES,NEVER,SOMETIMES,NO,OFTEN,OFTEN,NO,OFTEN,YES,SOMETIMES,OFTEN,OLD,NEVER,YES,NO,OFTEN,87.0,72.0,95.2,91.1,80.0,80.0,80.3,88.2,93.1,88.8,85,CRITICAL
SYN-00531,Student,2026-06-23,PRIVATE,NOT_SURE,PUBLIC,YES,YES,NOT_SURE,YES,YES,NO,NOT_SURE,NOT_SURE,YES,YES,SOMETIMES,SOMETIMES,NOT_SURE,SOMETIMES,SOMETIMES,FRIENDS,SOMETIMES,NOT_SURE,NOT_SURE,FRIENDS_OF_FRIENDS,SOMETIMES,OLD,SOMETIMES,NOT_SURE,ANYONE,NO,FRIENDS,NOT_SURE,SMS,OFTEN,NOT_SURE,NO,NEVER,NOT_SURE,SOMETIMES,NEVER,NO,NOT_SURE,SOMETIMES,OFTEN,NO,SOMETIMES,NO,SOMETIMES,NOT_SURE,NOT_SURE,NEVER,YES,NOT_SURE,OFTEN,62.0,62.7,64.8,49.4,53.7,58.6,77.8,85.9,55.5,90.5,65,HIGH
SYN-00532,Educator,2026-02-12,FRIENDS,NO,FRIENDS,NOT_SURE,NOT_SURE,NOT_SURE,NO,NOT_SURE,NO,NOT_SURE,YES,NOT_SURE,NO,SOMETIMES,SOMETIMES,NOT_SURE,NOT_SURE,SOMETIMES,FRIENDS,SOMETIMES,SOMETIMES,NO,FRIENDS_OF_FRIENDS,NOT_SURE,OLD,SOMETIMES,NOT_SURE,FRIENDS,NOT_SURE,FRIENDS,NO,NONE,NOT_SURE,NO,NOT_SURE,OLD,NOT_SURE,SOMETIMES,NEVER,SOMETIMES,SOMETIMES,NEVER,SOMETIMES,SOMETIMES,SOMETIMES,NO,SOMETIMES,SOMETIMES,OLD,NEVER,NOT_SURE,SOMETIMES,NEVER,34.5,44.0,47.2,41.7,49.7,50.7,75.7,58.8,42.8,56.2,50,HIGH
SYN-00533,Professional,2026-07-21,FRIENDS,NO,PRIVATE,NOT_SURE,NO,NO,NO,NO,NO,NO,NOT_SURE,NO,NO,NEVER,SOMETIMES,NOT_SURE,SOMETIMES,NEVER,FRIENDS,NEVER,NOT_SURE,NO,APPROVAL,NEVER,RECENT,SOMETIMES,YES,FRIENDS,NOT_SURE,FRIENDS,NO,NONE,SOMETIMES,NOT_SURE,NO,RECENT,YES,YES,RECENT,NOT_SURE,YES,SOMETIMES,NOT_SURE,SOMETIMES,NEVER,NO,YES,NEVER,OLD,RECENT,NOT_SURE,NOT_SURE,NEVER,22.5,6.0,27.2,22.8,6.7,25.7,61.9,27.1,15.5,34.2,25,MODERATE
SYN-00534,Educator,2026-03-09,FRIENDS,NO,FRIENDS,NO,NOT_SURE,NO,NO,NO,NO,NO,NOT_SURE,NO,NO,NEVER,NOT_SURE,NOT_SURE,SOMETIMES,SOMETIMES,FRIENDS,NEVER,SOMETIMES,NO,FRIENDS_OF_FRIENDS,NEVER,RECENT,YES,YES,FRIENDS,NO,FRIENDS,NOT_SURE,NOT_SURE,NEVER,YES,NOT_SURE,OLD,YES,YES,OLD,YES,SOMETIMES,SOMETIMES,NEVER,NO,NEVER,NO,SOMETIMES,SOMETIMES,OLD,OLD,YES,SOMETIMES,NOT_SURE,22.5,6.0,32.8,25.0,12.0,15.0,35.7,41.8,26.9,62.5,26,MODERATE
SYN-00535,Job Seeker,2025-10-11,FRIENDS,YES,FRIENDS,NO,NOT_SURE,NO,NO,NO,NO,NOT_SURE,NO,NO,NO,NEVER,NEVER,SOMETIMES,NOT_SURE,SOMETIMES,FRIENDS,SOMETIMES,NEVER,NO,APPROVAL,SOMETIMES,RECENT,YES,NOT_SURE,FRIENDS,NO,FRIENDS,YES,SMS,NEVER,NOT_SURE,NO,OLD,YES,YES,RECENT,YES,YES,SOMETIMES,NOT_SURE,SOMETIMES,SOMETIMES,NO,SOMETIMES,NEVER,OLD,NEVER,NOT_SURE,SOMETIMES,NOT_SURE,42.5,8.0,24.8,28.3,24.0,40.0,27.1,10.6,34.8,63.8,28,MODERATE
SYN-00536,Student,2026-02-07,PUBLIC,YES,FRIENDS,YES,YES,YES,NOT_SURE,NOT_SURE,NOT_SURE,YES,YES,YES,YES,OFTEN,OFTEN,OFTEN,OFTEN,OFTEN,PUBLIC,NOT_SURE,OFTEN,NOT_SURE,FRIENDS_OF_FRIENDS,SOMETIMES,NEVER,NO,NO,ANYONE,NOT_SURE,ANYONE,NO,NONE,OFTEN,NO,NOT_SURE,OLD,NOT_SURE,NOT_SURE,NEVER,NO,NO,SOMETIMES,OFTEN,NO,OFTEN,NOT_SURE,SOMETIMES,OFTEN,NEVER,NOT_SURE,YES,NO,OFTEN,87.0,81.3,100.0,79.4,69.3,89.3,87.1,92.9,81.0,95.0,86,CRITICAL
SYN-00537,Professional,2026-04-18,PUBLIC,NOT_SURE,PUBLIC,NO,YES,NOT_SURE,NOT_SURE,NO,NOT_SURE,NOT_SURE,NOT_SURE,NOT_SURE,NOT_SURE,SOMETIMES,OFTEN,SOMETIMES,SOMETIMES,SOMETIMES,FRIENDS,NOT_SURE,SOMETIMES,YES,FRIENDS_OF_FRIENDS,SOMETIMES,OLD,SOMETIMES,NOT_SURE,ANYONE,NOT_SURE,FRIENDS,NO,NONE,SOMETIMES,NO,NO,NEVER,NOT_SURE,NOT_SURE,OLD,NO,SOMETIMES,SOMETIMES,SOMETIMES,SOMETIMES,SOMETIMES,NOT_SURE,SOMETIMES,SOMETIMES,NOT_SURE,NEVER,NOT_SURE,NO,SOMETIMES,72.0,52.0,66.4,55.6,53.7,69.3,86.4,65.3,54.8,79.0,65,HIGH
SYN-00538,Student,2026-02-25,PRIVATE,NO,PRIVATE,NO,NO,NO,NO,NO,NO,NO,NO,NO,NOT_SURE,NEVER,NEVER,NOT_SURE,NEVER,NEVER,FRIENDS,NOT_SURE,NEVER,NO,APPROVAL,NOT_SURE,RECENT,YES,YES,FRIENDS,NO,NO_ONE,YES,APP_OR_KEY,NEVER,YES,NOT_SURE,RECENT,YES,YES,OLD,YES,YES,NEVER,NEVER,SOMETIMES,NEVER,NO,SOMETIMES,NOT_SURE,RECENT,OLD,NO,SOMETIMES,NEVER,0.0,0.0,17.6,25.6,20.0,10.0,7.8,19.4,19.0,21.2,13,LOW
SYN-00539,Student,2025-12-22,FRIENDS,NO,FRIENDS,NOT_SURE,NO,NO,NO,NOT_SURE,NO,NO,NOT_SURE,NOT_SURE,NOT_SURE,NEVER,OFTEN,SOMETIMES,SOMETIMES,SOMETIMES,FRIENDS,NOT_SURE,NOT_SURE,NOT_SURE,APPROVAL,SOMETIMES,RECENT,SOMETIMES,NOT_SURE,FRIENDS,NOT_SURE,NO_ONE,YES,SMS,NEVER,NO,NOT_SURE,OLD,YES,SOMETIMES,OLD,SOMETIMES,SOMETIMES,NEVER,NOT_SURE,SOMETIMES,NEVER,NO,YES,NEVER,OLD,NOT_SURE,NOT_SURE,SOMETIMES,NOT_SURE,29.5,20.0,52.0,46.7,30.7,45.7,30.4,42.9,15.5,58.8,35,MODERATE
SYN-00540,Professional,2025-11-19,FRIENDS,NO,FRIENDS,NOT_SURE,NO,NOT_SURE,NOT_SURE,NOT_SURE,NO,NOT_SURE,NOT_SURE,NOT_SURE,NOT_SURE,OFTEN,SOMETIMES,SOMETIMES,SOMETIMES,SOMETIMES,FRIENDS,NEVER,SOMETIMES,NOT_SURE,FRIENDS_OF_FRIENDS,SOMETIMES,NEVER,SOMETIMES,NO,NO_ONE,YES,FRIENDS,NO,NONE,SOMETIMES,NOT_SURE,NO,NEVER,NOT_SURE,SOMETIMES,NEVER,SOMETIMES,NOT_SURE,SOMETIMES,NOT_SURE,NOT_SURE,NOT_SURE,NO,SOMETIMES,NOT_SURE,NOT_SURE,OLD,YES,SOMETIMES,SOMETIMES,29.5,48.0,69.6,35.0,62.7,62.1,82.2,74.1,40.7,70.2,57,HIGH
SYN-00541,SMB Owner,2025-12-20,FRIENDS,NOT_SURE,PUBLIC,NOT_SURE,NOT_SURE,NOT_SURE,NO,NOT_SURE,NO,NOT_SURE,NOT_SURE,NOT_SURE,YES,NOT_SURE,SOMETIMES,NOT_SURE,OFTEN,NEVER,PUBLIC,SOMETIMES,SOMETIMES,NOT_SURE,EVERYONE,NOT_SURE,OLD,SOMETIMES,NO,FRIENDS,YES,FRIENDS,NOT_SURE,NOT_SURE,NEVER,NO,NO,NEVER,NOT_SURE,SOMETIMES,OLD,SOMETIMES,NO,SOMETIMES,SOMETIMES,NO,SOMETIMES,NO,SOMETIMES,SOMETIMES,OLD,NEVER,YES,NO,NOT_SURE,59.5,40.0,61.6,73.3,64.3,72.1,63.1,65.3,49.7,81.2,60,HIGH
SYN-00542,Student,2026-01-05,FRIENDS,NO,FRIENDS,NO,NO,NO,NO,NO,NO,NO,NOT_SURE,NO,NO,SOMETIMES,NEVER,NOT_SURE,SOMETIMES,NEVER,PRIVATE,SOMETIMES,NOT_SURE,NO,APPROVAL,NEVER,OLD,SOMETIMES,YES,FRIENDS,NOT_SURE,FRIENDS,NOT_SURE,APP_OR_KEY,SOMETIMES,YES,NO,OLD,NOT_SURE,SOMETIMES,OLD,YES,YES,SOMETIMES,NEVER,YES,SOMETIMES,NO,YES,NOT_SURE,OLD,NOT_SURE,NOT_SURE,YES,SOMETIMES,17.5,6.0,32.0,27.8,17.7,25.7,54.9,30.0,17.6,52.8,27,MODERATE
SYN-00543,Student,2026-01-21,PUBLIC,YES,PUBLIC,YES,YES,NOT_SURE,YES,YES,NOT_SURE,NOT_SURE,YES,YES,NOT_SURE,OFTEN,NOT_SURE,NOT_SURE,OFTEN,NOT_SURE,PUBLIC,NOT_SURE,OFTEN,NOT_SURE,FRIENDS_OF_FRIENDS,OFTEN,NEVER,NO,NO,ANYONE,NOT_SURE,ANYONE,NOT_SURE,SMS,OFTEN,NO,NO,NEVER,NO,NO,NOT_SURE,NOT_SURE,NOT_SURE,SOMETIMES,OFTEN,NO,OFTEN,NOT_SURE,NO,OFTEN,NEVER,NEVER,YES,NOT_SURE,OFTEN,100.0,78.7,71.6,79.4,85.3,89.3,87.8,71.8,87.9,95.5,84,CRITICAL
SYN-00544,Student,2026-07-01,PUBLIC,YES,PUBLIC,NOT_SURE,YES,YES,NOT_SURE,YES,NOT_SURE,YES,NOT_SURE,YES,NOT_SURE,OFTEN,OFTEN,OFTEN,NOT_SURE,SOMETIMES,PUBLIC,OFTEN,OFTEN,YES,EVERYONE,OFTEN,NEVER,NOT_SURE,NO,FRIENDS,YES,ANYONE,NO,NONE,OFTEN,NO,NO,NEVER,NO,NO,NEVER,NO,NO,OFTEN,SOMETIMES,NOT_SURE,OFTEN,YES,SOMETIMES,OFTEN,NOT_SURE,NOT_SURE,YES,NO,NOT_SURE,92.0,82.7,80.8,100.0,96.0,81.4,100.0,100.0,82.1,82.5,90,CRITICAL
SYN-00545,Student,2026-02-03,FRIENDS,YES,PUBLIC,YES,YES,YES,YES,NOT_SURE,YES,YES,YES,YES,YES,NOT_SURE,SOMETIMES,SOMETIMES,OFTEN,OFTEN,PUBLIC,OFTEN,OFTEN,YES,EVERYONE,SOMETIMES,NOT_SURE,NOT_SURE,NO,ANYONE,YES,ANYONE,NOT_SURE,SMS,NOT_SURE,NO,NO,NOT_SURE,NO,SOMETIMES,NEVER,NOT_SURE,NO,OFTEN,SOMETIMES,NO,SOMETIMES,NOT_SURE,NOT_SURE,SOMETIMES,NEVER,NEVER,YES,NO,NOT_SURE,80.5,94.7,75.2,100.0,76.0,100.0,72.2,92.9,64.5,92.5,83,CRITICAL
SYN-00546,Student,2025-12-02,PUBLIC,YES,FRIENDS,NOT_SURE,NOT_SURE,NOT_SURE,NOT_SURE,NOT_SURE,NO,NOT_SURE,YES,NO,YES,NOT_SURE,SOMETIMES,OFTEN,SOMETIMES,NOT_SURE,PUBLIC,SOMETIMES,NOT_SURE,NOT_SURE,FRIENDS_OF_FRIENDS,SOMETIMES,OLD,SOMETIMES,NOT_SURE,ANYONE,NOT_SURE,ANYONE,NO,NONE,OFTEN,NO,NOT_SURE,OLD,NOT_SURE,NO,NEVER,SOMETIMES,SOMETIMES,SOMETIMES,OFTEN,NO,SOMETIMES,NOT_SURE,NO,NOT_SURE,NEVER,NEVER,YES,NO,SOMETIMES,74.0,46.0,69.2,71.1,53.7,78.6,89.6,69.4,74.5,94.0,70,HIGH
SYN-00547,Professional,2026-07-10,FRIENDS,NOT_SURE,FRIENDS,NOT_SURE,YES,NO,NO,NOT_SURE,NO,NOT_SURE,NOT_SURE,NOT_SURE,NOT_SURE,NOT_SURE,NOT_SURE,NOT_SURE,SOMETIMES,NOT_SURE,FRIENDS,SOMETIMES,NOT_SURE,NO,FRIENDS_OF_FRIENDS,SOMETIMES,RECENT,YES,NO,FRIENDS,NOT_SURE,FRIENDS,YES,SMS,SOMETIMES,NO,NO,OLD,NOT_SURE,NO,NEVER,SOMETIMES,YES,SOMETIMES,NEVER,SOMETIMES,SOMETIMES,NO,SOMETIMES,SOMETIMES,OLD,OLD,NOT_SURE,NOT_SURE,NOT_SURE,51.5,28.0,53.2,39.4,36.0,61.4,57.4,57.6,32.4,55.5,45,HIGH
SYN-00548,SMB Owner,2026-05-17,FRIENDS,NO,FRIENDS,NOT_SURE,NOT_SURE,NO,NO,NO,NO,NO,NO,NO,NO,NEVER,SOMETIMES,NEVER,SOMETIMES,NEVER,PRIVATE,NEVER,NEVER,NO,FRIENDS_OF_FRIENDS,SOMETIMES,OLD,SOMETIMES,YES,FRIENDS,NOT_SURE,FRIENDS,NOT_SURE,SMS,NEVER,NOT_SURE,YES,OLD,YES,YES,OLD,YES,SOMETIMES,NEVER,SOMETIMES,SOMETIMES,SOMETIMES,NO,YES,NEVER,RECENT,RECENT,NOT_SURE,SOMETIMES,NOT_SURE,34.5,0.0,19.2,0.0,53.7,25.7,31.5,31.2,29.7,25.0,23,MODERATE
SYN-00549,SMB Owner,2025-10-06,PRIVATE,NOT_SURE,FRIENDS,NOT_SURE,NOT_SURE,NOT_SURE,NO,NO,NO,NO,NO,NOT_SURE,NOT_SURE,NEVER,SOMETIMES,NOT_SURE,SOMETIMES,NEVER,FRIENDS,NEVER,NOT_SURE,NOT_SURE,APPROVAL,SOMETIMES,RECENT,SOMETIMES,NOT_SURE,FRIENDS,NOT_SURE,FRIENDS,NO,NONE,NEVER,NOT_SURE,YES,OLD,YES,SOMETIMES,OLD,YES,YES,NEVER,NEVER,YES,NEVER,NO,YES,NEVER,RECENT,RECENT,NO,SOMETIMES,SOMETIMES,36.0,18.0,36.8,32.8,30.7,50.7,47.9,19.4,0.0,16.5,30,MODERATE
SYN-00550,Job Seeker,2026-06-13,PRIVATE,NO,FRIENDS,NO,NO,NO,NO,NO,NOT_SURE,NO,NO,NOT_SURE,NO,NEVER,SOMETIMES,SOMETIMES,NOT_SURE,NOT_SURE,PRIVATE,NEVER,SOMETIMES,NOT_SURE,FRIENDS_OF_FRIENDS,SOMETIMES,OLD,SOMETIMES,YES,FRIENDS,NO,FRIENDS,NOT_SURE,SMS,NEVER,YES,NO,RECENT,NOT_SURE,SOMETIMES,OLD,SOMETIMES,YES,NEVER,SOMETIMES,SOMETIMES,NEVER,NO,SOMETIMES,NOT_SURE,NOT_SURE,RECENT,NOT_SURE,SOMETIMES,NEVER,7.0,18.0,33.2,23.3,53.7,15.0,44.2,31.2,29.3,37.5,30,MODERATE
SYN-00551,SMB Owner,2025-10-09,FRIENDS,NOT_SURE,PUBLIC,NOT_SURE,NOT_SURE,NOT_SURE,NOT_SURE,YES,YES,YES,YES,YES,YES,OFTEN,OFTEN,OFTEN,OFTEN,SOMETIMES,PUBLIC,NOT_SURE,SOMETIMES,YES,EVERYONE,OFTEN,NEVER,NO,NO,FRIENDS,NOT_SURE,ANYONE,NO,NONE,OFTEN,NO,NO,NOT_SURE,NO,NO,NEVER,NO,NO,OFTEN,OFTEN,SOMETIMES,OFTEN,YES,NO,OFTEN,NEVER,OLD,YES,SOMETIMES,SOMETIMES,59.5,86.7,95.2,77.2,100.0,70.7,98.3,100.0,93.1,75.2,87,CRITICAL
SYN-00552,Professional,2026-07-03,FRIENDS,NOT_SURE,FRIENDS,NO,NOT_SURE,NO,NO,NOT_SURE,NOT_SURE,NOT_SURE,NOT_SURE,NO,NO,NEVER,NEVER,NOT_SURE,NEVER,NOT_SURE,FRIENDS,SOMETIMES,NOT_SURE,NOT_SURE,FRIENDS_OF_FRIENDS,SOMETIMES,OLD,SOMETIMES,YES,NO_ONE,NOT_SURE,FRIENDS,YES,APP_OR_KEY,NOT_SURE,YES,NO,NOT_SURE,YES,SOMETIMES,OLD,SOMETIMES,YES,OFTEN,SOMETIMES,YES,SOMETIMES,NO,SOMETIMES,NEVER,RECENT,OLD,NOT_SURE,SOMETIMES,NEVER,34.5,34.0,14.0,49.4,53.7,15.7,31.7,48.8,29.7,31.2,33,MODERATE
SYN-00553,Professional,2026-06-09,PUBLIC,NOT_SURE,PUBLIC,YES,YES,NOT_SURE,NOT_SURE,NOT_SURE,NO,NOT_SURE,NOT_SURE,NOT_SURE,YES,SOMETIMES,SOMETIMES,SOMETIMES,SOMETIMES,OFTEN,FRIENDS,SOMETIMES,SOMETIMES,YES,EVERYONE,OFTEN,OLD,SOMETIMES,NO,ANYONE,YES,ANYONE,NOT_SURE,SMS,OFTEN,NOT_SURE,NOT_SURE,OLD,NOT_SURE,NOT_SURE,NOT_SURE,NOT_SURE,NO,NOT_SURE,SOMETIMES,SOMETIMES,OFTEN,NOT_SURE,NOT_SURE,NOT_SURE,NOT_SURE,NEVER,NOT_SURE,NO,OFTEN,92.0,48.0,71.2,58.3,84.3,100.0,72.4,77.1,64.8,85.0,72,CRITICAL
SYN-00554,SMB Owner,2026-01-11,PRIVATE,NO,PRIVATE,NOT_SURE,NO,NO,NO,NO,NO,NO,NO,NO,NO,NEVER,NEVER,NEVER,NEVER,NEVER,PRIVATE,NEVER,NEVER,NO,APPROVAL,SOMETIMES,OLD,YES,YES,FRIENDS,NO,FRIENDS,YES,APP_OR_KEY,NEVER,YES,YES,RECENT,NOT_SURE,YES,RECENT,YES,YES,NEVER,NOT_SURE,YES,NOT_SURE,NO,YES,NEVER,RECENT,RECENT,NO,YES,NEVER,12.0,0.0,0.0,0.0,35.0,15.0,7.8,0.0,19.0,0.0,9,LOW
SYN-00555,Professional,2026-01-12,PUBLIC,NO,PUBLIC,YES,NOT_SURE,NO,NOT_SURE,NOT_SURE,NOT_SURE,NOT_SURE,NOT_SURE,YES,YES,SOMETIMES,OFTEN,SOMETIMES,OFTEN,SOMETIMES,PUBLIC,SOMETIMES,OFTEN,YES,EVERYONE,SOMETIMES,OLD,NO,NO,ANYONE,YES,FRIENDS,NOT_SURE,SMS,OFTEN,NO,NO,NOT_SURE,NO,SOMETIMES,NEVER,SOMETIMES,NOT_SURE,SOMETIMES,OFTEN,NO,SOMETIMES,NOT_SURE,NO,OFTEN,NEVER,NEVER,YES,NO,OFTEN,75.0,52.0,79.2,88.9,75.0,90.7,81.9,74.1,79.7,100.0,77,CRITICAL
SYN-00556,Job Seeker,2026-09-28,FRIENDS,NO,PRIVATE,NO,NO,NO,NO,NOT_SURE,NO,NO,NO,NO,NO,NEVER,NEVER,NEVER,NEVER,NEVER,PRIVATE,SOMETIMES,NEVER,NOT_SURE,APPROVAL,OFTEN,RECENT,YES,YES,FRIENDS,NOT_SURE,FRIENDS,YES,APP_OR_KEY,SOMETIMES,YES,NO,OLD,YES,YES,OLD,YES,SOMETIMES,NEVER,NEVER,YES,SOMETIMES,NO,SOMETIMES,NEVER,OLD,RECENT,NO,SOMETIMES,NEVER,10.5,8.0,0.0,26.7,40.0,25.7,27.4,31.2,19.3,21.2,19,LOW
SYN-00557,SMB Owner,2026-03-13,PUBLIC,YES,PUBLIC,YES,YES,NOT_SURE,YES,NOT_SURE,NOT_SURE,NOT_SURE,NOT_SURE,NOT_SURE,YES,OFTEN,OFTEN,OFTEN,OFTEN,OFTEN,PUBLIC,SOMETIMES,SOMETIMES,NOT_SURE,EVERYONE,NOT_SURE,NEVER,SOMETIMES,NO,ANYONE,NOT_SURE,ANYONE,NOT_SURE,SMS,SOMETIMES,NOT_SURE,NOT_SURE,NEVER,NO,SOMETIMES,NEVER,SOMETIMES,NOT_SURE,SOMETIMES,SOMETIMES,NO,SOMETIMES,NOT_SURE,NOT_SURE,OFTEN,NEVER,NEVER,YES,NO,OFTEN,100.0,65.3,100.0,73.3,73.3,89.3,70.0,74.1,68.6,100.0,80,CRITICAL
SYN-00558,Job Seeker,2026-07-24,PRIVATE,NO,PRIVATE,NO,NOT_SURE,NO,NO,NO,NO,NOT_SURE,NOT_SURE,NOT_SURE,NO,NEVER,SOMETIMES,NOT_SURE,SOMETIMES,NOT_SURE,FRIENDS,NEVER,SOMETIMES,NOT_SURE,FRIENDS_OF_FRIENDS,NOT_SURE,RECENT,SOMETIMES,NO,NO_ONE,NO,FRIENDS,YES,SMS,SOMETIMES,NOT_SURE,NOT_SURE,NOT_SURE,NOT_SURE,YES,OLD,YES,YES,SOMETIMES,NOT_SURE,YES,NOT_SURE,NO,SOMETIMES,NOT_SURE,OLD,NEVER,NO,SOMETIMES,SOMETIMES,5.0,20.0,33.2,35.0,38.7,40.7,45.3,30.0,31.0,55.2,32,MODERATE
SYN-00559,Professional,2025-12-15,FRIENDS,NOT_SURE,PUBLIC,NOT_SURE,YES,NOT_SURE,NOT_SURE,NOT_SURE,NO,NOT_SURE,YES,NO,YES,SOMETIMES,NOT_SURE,NOT_SURE,SOMETIMES,OFTEN,FRIENDS,SOMETIMES,OFTEN,NOT_SURE,EVERYONE,SOMETIMES,OLD,SOMETIMES,NOT_SURE,FRIENDS,NOT_SURE,FRIENDS,NOT_SURE,SMS,SOMETIMES,NO,NO,OLD,YES,NO,NEVER,SOMETIMES,SOMETIMES,SOMETIMES,SOMETIMES,YES,OFTEN,NO,SOMETIMES,SOMETIMES,NEVER,NEVER,YES,NOT_SURE,SOMETIMES,64.5,46.0,68.0,60.6,68.3,50.7,65.1,69.4,44.1,89.5,61,HIGH
SYN-00560,Student,2026-05-12,FRIENDS,NO,FRIENDS,NO,NO,NO,NO,NO,NO,NO,NO,NO,NO,NEVER,NEVER,NEVER,NOT_SURE,NEVER,PRIVATE,NOT_SURE,NEVER,NO,APPROVAL,NEVER,OLD,SOMETIMES,NOT_SURE,NO_ONE,NO,NO_ONE,YES,SMS,NEVER,NOT_SURE,YES,OLD,YES,YES,OLD,YES,YES,NEVER,NEVER,YES,NOT_SURE,NO,SOMETIMES,SOMETIMES,RECENT,OLD,NO,SOMETIMES,NOT_SURE,17.5,0.0,8.0,13.9,17.7,25.0,16.0,19.4,23.4,28.8,15,LOW
SYN-00561,Student,2026-07-30,FRIENDS,NOT_SURE,PUBLIC,YES,NOT_SURE,NO,NOT_SURE,YES,NOT_SURE,NOT_SURE,NOT_SURE,NOT_SURE,YES,SOMETIMES,OFTEN,NOT_SURE,SOMETIMES,OFTEN,FRIENDS,SOMETIMES,OFTEN,NOT_SURE,FRIENDS_OF_FRIENDS,SOMETIMES,NOT_SURE,NO,NO,NO_ONE,NO,ANYONE,NOT_SURE,SMS,SOMETIMES,NOT_SURE,NO,OLD,NOT_SURE,NOT_SURE,NEVER,NOT_SURE,NO,OFTEN,NOT_SURE,NOT_SURE,SOMETIMES,NOT_SURE,SOMETIMES,NOT_SURE,NEVER,OLD,NOT_SURE,SOMETIMES,NOT_SURE,67.5,53.3,76.0,60.6,65.3,50.0,67.9,92.9,54.8,63.8,65,HIGH
SYN-00562,Professional,2026-04-20,FRIENDS,NO,FRIENDS,NO,NO,NO,NO,NO,NO,NO,NO,NOT_SURE,NO,NOT_SURE,NEVER,SOMETIMES,NEVER,NEVER,PRIVATE,NEVER,NEVER,NOT_SURE,APPROVAL,NEVER,RECENT,YES,YES,FRIENDS,NO,FRIENDS,NOT_SURE,APP_OR_KEY,NEVER,YES,NOT_SURE,OLD,YES,YES,NEVER,SOMETIMES,YES,NEVER,NEVER,YES,NEVER,NO,YES,NEVER,OLD,RECENT,NO,SOMETIMES,NEVER,17.5,6.0,21.6,10.0,0.0,15.0,27.9,47.1,0.0,21.2,15,LOW
SYN-00563,Professional,2026-01-04,PRIVATE,YES,FRIENDS,NOT_SURE,NOT_SURE,NOT_SURE,NOT_SURE,NOT_SURE,NO,NOT_SURE,NOT_SURE,NOT_SURE,NOT_SURE,SOMETIMES,SOMETIMES,OFTEN,NOT_SURE,SOMETIMES,FRIENDS,SOMETIMES,NOT_SURE,NO,FRIENDS_OF_FRIENDS,SOMETIMES,OLD,NO,NOT_SURE,ANYONE,YES,FRIENDS,NOT_SURE,SMS,NOT_SURE,NO,NO,NOT_SURE,NO,NO,NEVER,SOMETIMES,SOMETIMES,NOT_SURE,SOMETIMES,SOMETIMES,OFTEN,NO,NO,SOMETIMES,NOT_SURE,OLD,YES,SOMETIMES,SOMETIMES,44.0,48.0,64.8,39.4,60.3,80.0,76.4,67.6,57.9,70.2,59,HIGH
SYN-00564,Professional,2025-11-11,PRIVATE,NO,FRIENDS,NOT_SURE,NOT_SURE,NO,NOT_SURE,NO,NO,NO,NO,NOT_SURE,NO,SOMETIMES,SOMETIMES,NEVER,SOMETIMES,SOMETIMES,FRIENDS,NOT_SURE,SOMETIMES,NO,APPROVAL,NEVER,OLD,SOMETIMES,YES,FRIENDS,NOT_SURE,FRIENDS,YES,APP_OR_KEY,NOT_SURE,YES,NO,RECENT,NOT_SURE,YES,OLD,SOMETIMES,NO,SOMETIMES,NEVER,SOMETIMES,NEVER,NO,YES,NEVER,OLD,OLD,NO,YES,NEVER,24.0,14.0,40.8,38.9,17.7,25.7,28.6,65.3,6.9,27.5,27,MODERATE
SYN-00565,Job Seeker,2026-05-13,FRIENDS,YES,FRIENDS,NOT_SURE,YES,NOT_SURE,NOT_SURE,NOT_SURE,NO,YES,NOT_SURE,YES,NOT_SURE,SOMETIMES,SOMETIMES,NOT_SURE,NOT_SURE,OFTEN,FRIENDS,NOT_SURE,OFTEN,NOT_SURE,FRIENDS_OF_FRIENDS,NOT_SURE,OLD,NOT_SURE,NO,FRIENDS,YES,FRIENDS,NO,NONE,NOT_SURE,NOT_SURE,NO,OLD,NOT_SURE,SOMETIMES,NOT_SURE,SOMETIMES,NO,SOMETIMES,SOMETIMES,SOMETIMES,SOMETIMES,NO,SOMETIMES,NOT_SURE,NOT_SURE,OLD,YES,NO,NEVER,59.5,57.3,61.6,57.8,52.3,72.1,76.5,74.1,41.7,68.8,61,HIGH
SYN-00566,Job Seeker,2026-07-03,FRIENDS,NOT_SURE,FRIENDS,NOT_SURE,YES,NOT_SURE,NOT_SURE,NOT_SURE,NO,NOT_SURE,NO,NOT_SURE,NOT_SURE,SOMETIMES,OFTEN,SOMETIMES,SOMETIMES,OFTEN,PUBLIC,SOMETIMES,SOMETIMES,NOT_SURE,EVERYONE,OFTEN,RECENT,NOT_SURE,NOT_SURE,ANYONE,NOT_SURE,ANYONE,NO,NONE,SOMETIMES,NO,NO,NOT_SURE,NO,NO,NEVER,NO,SOMETIMES,SOMETIMES,SOMETIMES,SOMETIMES,SOMETIMES,NO,SOMETIMES,SOMETIMES,NOT_SURE,NOT_SURE,YES,NO,SOMETIMES,51.5,42.0,71.2,73.3,76.0,78.6,90.6,81.2,42.8,84.0,67,HIGH
SYN-00567,Professional,2025-12-20,PUBLIC,YES,FRIENDS,NOT_SURE,NOT_SURE,YES,YES,NOT_SURE,NOT_SURE,YES,YES,YES,NOT_SURE,SOMETIMES,SOMETIMES,NOT_SURE,SOMETIMES,SOMETIMES,FRIENDS,SOMETIMES,SOMETIMES,YES,EVERYONE,SOMETIMES,NEVER,NOT_SURE,NO,ANYONE,NOT_SURE,ANYONE,YES,SMS,NOT_SURE,NO,NO,NEVER,NOT_SURE,NO,NOT_SURE,NOT_SURE,SOMETIMES,OFTEN,SOMETIMES,SOMETIMES,OFTEN,NOT_SURE,NO,OFTEN,NEVER,OLD,YES,NO,NOT_SURE,74.0,86.7,58.4,58.3,80.0,89.3,59.2,74.1,74.1,81.2,72,CRITICAL
SYN-00568,SMB Owner,2026-02-28,FRIENDS,YES,FRIENDS,NOT_SURE,NOT_SURE,YES,NOT_SURE,NOT_SURE,NOT_SURE,NOT_SURE,YES,NOT_SURE,NOT_SURE,SOMETIMES,SOMETIMES,SOMETIMES,OFTEN,SOMETIMES,FRIENDS,SOMETIMES,SOMETIMES,YES,EVERYONE,SOMETIMES,OLD,NOT_SURE,NO,FRIENDS,NOT_SURE,FRIENDS,NOT_SURE,SMS,SOMETIMES,NO,NO,NEVER,NO,SOMETIMES,OLD,SOMETIMES,SOMETIMES,NOT_SURE,SOMETIMES,SOMETIMES,NOT_SURE,NO,SOMETIMES,SOMETIMES,OLD,OLD,NOT_SURE,SOMETIMES,SOMETIMES,54.5,72.0,66.4,58.3,71.0,61.4,75.8,51.8,40.7,54.0,63,HIGH
SYN-00569,Professional,2026-03-01,PRIVATE,NOT_SURE,FRIENDS,NO,NOT_SURE,NOT_SURE,NO,NO,NO,NOT_SURE,NOT_SURE,YES,NO,SOMETIMES,NEVER,SOMETIMES,SOMETIMES,SOMETIMES,FRIENDS,SOMETIMES,SOMETIMES,NOT_SURE,FRIENDS_OF_FRIENDS,NEVER,OLD,YES,NO,NO_ONE,NOT_SURE,NO_ONE,NOT_SURE,SMS,SOMETIMES,NO,NO,OLD,NOT_SURE,YES,OLD,SOMETIMES,YES,NEVER,NEVER,YES,NOT_SURE,NO,YES,NEVER,OLD,RECENT,NOT_SURE,SOMETIMES,NOT_SURE,24.0,36.0,40.8,51.7,23.0,46.4,64.6,31.2,10.3,38.8,38,MODERATE
SYN-00570,SMB Owner,2025-12-20,PRIVATE,NO,PRIVATE,NOT_SURE,NO,NO,NO,NO,NO,NO,NO,NO,NO,NEVER,NEVER,SOMETIMES,SOMETIMES,NOT_SURE,FRIENDS,NEVER,NOT_SURE,NO,FRIENDS_OF_FRIENDS,NOT_SURE,RECENT,YES,YES,FRIENDS,NO,NO_ONE,YES,APP_OR_KEY,NEVER,YES,NO,RECENT,YES,SOMETIMES,RECENT,YES,SOMETIMES,NEVER,NOT_SURE,YES,NEVER,NO,YES,SOMETIMES,OLD,OLD,NOT_SURE,SOMETIMES,NEVER,12.0,0.0,25.2,22.8,32.0,10.0,15.3,11.8,14.8,45.0,18,LOW
SYN-00571,Student,2026-07-20,PRIVATE,NOT_SURE,PRIVATE,NO,NO,NO,NO,NO,NO,NO,NO,NOT_SURE,NOT_SURE,NOT_SURE,NOT_SURE,SOMETIMES,SOMETIMES,NOT_SURE,FRIENDS,OFTEN,SOMETIMES,NOT_SURE,EVERYONE,NEVER,OLD,YES,NO,FRIENDS,NOT_SURE,NO_ONE,YES,SMS,SOMETIMES,NOT_SURE,NOT_SURE,OLD,YES,SOMETIMES,OLD,SOMETIMES,SOMETIMES,SOMETIMES,SOMETIMES,SOMETIMES,NOT_SURE,NO,SOMETIMES,NEVER,NEVER,OLD,NOT_SURE,NOT_SURE,SOMETIMES,12.0,6.0,54.8,62.8,37.7,56.4,39.6,53.5,34.5,68.2,39,MODERATE
SYN-00572,SMB Owner,2026-03-15,FRIENDS,NOT_SURE,PRIVATE,NOT_SURE,NOT_SURE,NO,NOT_SURE,NO,NO,NOT_SURE,NO,YES,NOT_SURE,SOMETIMES,NEVER,NEVER,SOMETIMES,NEVER,FRIENDS,SOMETIMES,NEVER,NO,APPROVAL,OFTEN,RECENT,SOMETIMES,NOT_SURE,FRIENDS,YES,NO_ONE,YES,APP_OR_KEY,NEVER,YES,NOT_SURE,NEVER,YES,SOMETIMES,OLD,YES,YES,SOMETIMES,NEVER,SOMETIMES,NEVER,NO,YES,NEVER,OLD,OLD,NO,SOMETIMES,SOMETIMES,39.5,26.0,33.6,28.3,46.7,56.4,20.3,30.0,6.9,44.0,31,MODERATE
SYN-00573,Student,2026-06-15,PRIVATE,NOT_SURE,FRIENDS,NO,NO,NO,NO,NO,NO,NO,NOT_SURE,NO,NO,SOMETIMES,NEVER,NEVER,NEVER,SOMETIMES,FRIENDS,SOMETIMES,NOT_SURE,NO,APPROVAL,NEVER,OLD,YES,YES,FRIENDS,NO,FRIENDS,YES,APP_OR_KEY,NEVER,YES,YES,OLD,YES,YES,RECENT,YES,YES,SOMETIMES,NEVER,SOMETIMES,NEVER,NO,YES,NEVER,OLD,RECENT,NO,SOMETIMES,NOT_SURE,19.0,6.0,21.6,39.4,11.0,15.0,4.6,10.6,6.9,28.8,15,LOW
SYN-00574,SMB Owner,2026-08-08,FRIENDS,YES,FRIENDS,YES,YES,NOT_SURE,NOT_SURE,NO,NO,NOT_SURE,NOT_SURE,YES,NOT_SURE,SOMETIMES,SOMETIMES,SOMETIMES,OFTEN,SOMETIMES,FRIENDS,SOMETIMES,SOMETIMES,NOT_SURE,FRIENDS_OF_FRIENDS,OFTEN,NEVER,NOT_SURE,NOT_SURE,FRIENDS,YES,ANYONE,NO,NONE,SOMETIMES,NO,NO,NEVER,NOT_SURE,SOMETIMES,NEVER,NOT_SURE,NO,SOMETIMES,NOT_SURE,SOMETIMES,SOMETIMES,NO,SOMETIMES,OFTEN,NEVER,OLD,NOT_SURE,NOT_SURE,SOMETIMES,67.5,44.0,66.4,51.7,81.3,70.7,84.7,85.9,45.2,68.2,65,HIGH
SYN-00575,Professional,2025-11-13,PRIVATE,NO,PRIVATE,NOT_SURE,NOT_SURE,NO,NOT_SURE,NOT_SURE,NOT_SURE,NOT_SURE,NO,NO,NOT_SURE,NEVER,NEVER,NOT_SURE,SOMETIMES,SOMETIMES,PRIVATE,NEVER,SOMETIMES,NOT_SURE,FRIENDS_OF_FRIENDS,SOMETIMES,RECENT,SOMETIMES,NO,FRIENDS,NOT_SURE,FRIENDS,NOT_SURE,SMS,NOT_SURE,NOT_SURE,NO,OLD,YES,YES,NOT_SURE,SOMETIMES,SOMETIMES,SOMETIMES,NEVER,YES,SOMETIMES,NO,SOMETIMES,SOMETIMES,RECENT,NEVER,YES,SOMETIMES,NEVER,17.0,36.0,34.4,23.3,42.7,61.4,52.4,62.4,25.5,52.5,38,MODERATE
SYN-00576,Professional,2026-09-26,FRIENDS,NO,FRIENDS,NO,YES,NO,NO,NOT_SURE,NO,NOT_SURE,NO,NOT_SURE,NOT_SURE,SOMETIMES,NEVER,SOMETIMES,SOMETIMES,SOMETIMES,FRIENDS,SOMETIMES,NEVER,NOT_SURE,APPROVAL,SOMETIMES,OLD,SOMETIMES,NO,FRIENDS,NO,FRIENDS,YES,SMS,NEVER,YES,YES,OLD,NOT_SURE,YES,NEVER,NO,SOMETIMES,SOMETIMES,NEVER,YES,NEVER,NOT_SURE,SOMETIMES,SOMETIMES,NOT_SURE,OLD,NOT_SURE,SOMETIMES,SOMETIMES,27.5,22.0,50.4,38.3,41.7,50.7,17.9,81.2,25.2,60.2,36,MODERATE
SYN-00577,Student,2026-07-21,FRIENDS,NOT_SURE,FRIENDS,NOT_SURE,NOT_SURE,NO,NO,YES,YES,YES,NOT_SURE,NOT_SURE,NOT_SURE,SOMETIMES,SOMETIMES,SOMETIMES,SOMETIMES,NOT_SURE,FRIENDS,NOT_SURE,SOMETIMES,NOT_SURE,FRIENDS_OF_FRIENDS,SOMETIMES,OLD,SOMETIMES,NOT_SURE,FRIENDS,YES,FRIENDS,YES,SMS,SOMETIMES,NOT_SURE,NOT_SURE,OLD,YES,SOMETIMES,NEVER,SOMETIMES,SOMETIMES,SOMETIMES,SOMETIMES,SOMETIMES,SOMETIMES,NO,YES,SOMETIMES,OLD,OLD,NOT_SURE,NOT_SURE,NOT_SURE,46.5,58.7,58.8,48.9,53.7,61.4,39.6,69.4,35.9,55.5,51,HIGH
SYN-00578,Professional,2025-11-20,FRIENDS,NOT_SURE,FRIENDS,YES,NOT_SURE,NOT_SURE,NO,NOT_SURE,NOT_SURE,NOT_SURE,NO,NOT_SURE,NO,OFTEN,SOMETIMES,SOMETIMES,OFTEN,SOMETIMES,FRIENDS,NOT_SURE,NEVER,NO,APPROVAL,OFTEN,OLD,SOMETIMES,NO,ANYONE,NOT_SURE,FRIENDS,NO,NONE,SOMETIMES,NOT_SURE,NO,OLD,NOT_SURE,SOMETIMES,OLD,SOMETIMES,NOT_SURE,NOT_SURE,NOT_SURE,NOT_SURE,SOMETIMES,NO,SOMETIMES,OFTEN,OLD,NEVER,NOT_SURE,NO,SOMETIMES,54.5,46.0,66.4,25.6,57.7,80.0,78.5,56.5,47.9,72.8,58,HIGH
SYN-00579,Student,2025-10-27,FRIENDS,NO,PRIVATE,NO,NOT_SURE,NO,NO,NO,NO,NO,NO,NO,NO,SOMETIMES,NEVER,NEVER,NEVER,NOT_SURE,FRIENDS,NEVER,NEVER,NO,APPROVAL,NEVER,RECENT,SOMETIMES,YES,NO_ONE,NO,NO_ONE,YES,SMS,NEVER,YES,YES,OLD,YES,SOMETIMES,OLD,YES,YES,NEVER,NEVER,YES,SOMETIMES,NO,NOT_SURE,NEVER,OLD,OLD,NO,SOMETIMES,NEVER,15.5,0.0,20.4,11.7,6.7,0.0,14.3,19.4,22.1,35.0,14,LOW
SYN-00580,Professional,2026-04-17,FRIENDS,NOT_SURE,FRIENDS,NO,NOT_SURE,NO,NO,NO,NO,NO,NO,NO,NO,NEVER,SOMETIMES,NEVER,NEVER,NEVER,FRIENDS,NEVER,NEVER,NO,APPROVAL,NEVER,RECENT,YES,YES,FRIENDS,NO,NO_ONE,YES,SMS,NEVER,YES,YES,OLD,YES,YES,OLD,SOMETIMES,SOMETIMES,NEVER,NEVER,SOMETIMES,NEVER,NO,YES,NEVER,RECENT,NOT_SURE,NO,SOMETIMES,NEVER,34.5,0.0,9.6,11.7,0.0,10.0,10.1,42.9,6.9,27.5,12,LOW
SYN-00581,Student,2026-08-21,PUBLIC,NOT_SURE,FRIENDS,NOT_SURE,YES,NOT_SURE,NOT_SURE,NOT_SURE,NO,NOT_SURE,YES,NOT_SURE,NOT_SURE,SOMETIMES,NOT_SURE,NOT_SURE,OFTEN,SOMETIMES,PRIVATE,NOT_SURE,SOMETIMES,NO,FRIENDS_OF_FRIENDS,OFTEN,OLD,SOMETIMES,NO,FRIENDS,NOT_SURE,ANYONE,NOT_SURE,SMS,OFTEN,NO,NO,NEVER,YES,SOMETIMES,NEVER,SOMETIMES,NOT_SURE,SOMETIMES,SOMETIMES,YES,SOMETIMES,NO,SOMETIMES,SOMETIMES,OLD,OLD,YES,NOT_SURE,SOMETIMES,71.0,52.0,63.2,27.2,69.7,70.7,72.5,74.1,35.9,67.0,59,HIGH
SYN-00582,Professional,2026-02-20,FRIENDS,NO,FRIENDS,NO,NOT_SURE,NO,NO,NO,NO,NO,NO,NO,NO,NEVER,NEVER,NEVER,NEVER,NEVER,PRIVATE,NEVER,NEVER,NO,APPROVAL,NOT_SURE,RECENT,YES,YES,NO_ONE,NO,NO_ONE,YES,APP_OR_KEY,NEVER,YES,YES,OLD,YES,YES,RECENT,YES,YES,NEVER,NEVER,YES,NEVER,NO,YES,NEVER,RECENT,OLD,NO,YES,NEVER,22.5,0.0,0.0,0.0,20.0,0.0,4.6,0.0,0.0,13.8,6,LOW
SYN-00583,Student,2026-08-25,FRIENDS,NOT_SURE,FRIENDS,NOT_SURE,NOT_SURE,NO,NOT_SURE,NOT_SURE,NO,NO,YES,NO,NO,NEVER,NEVER,SOMETIMES,SOMETIMES,NOT_SURE,FRIENDS,SOMETIMES,SOMETIMES,NOT_SURE,APPROVAL,SOMETIMES,RECENT,SOMETIMES,YES,FRIENDS,NOT_SURE,FRIENDS,YES,SMS,SOMETIMES,NOT_SURE,YES,OLD,YES,NOT_SURE,RECENT,SOMETIMES,YES,NOT_SURE,SOMETIMES,NOT_SURE,SOMETIMES,NOT_SURE,SOMETIMES,SOMETIMES,OLD,OLD,NO,SOMETIMES,NOT_SURE,46.5,26.0,25.2,51.7,30.7,25.7,33.5,20.6,57.6,42.5,36,MODERATE
SYN-00584,Student,2026-09-11,FRIENDS,YES,PUBLIC,YES,NOT_SURE,NOT_SURE,NOT_SURE,YES,NOT_SURE,NOT_SURE,NOT_SURE,NOT_SURE,YES,SOMETIMES,OFTEN,OFTEN,SOMETIMES,SOMETIMES,FRIENDS,SOMETIMES,SOMETIMES,NO,FRIENDS_OF_FRIENDS,SOMETIMES,OLD,NOT_SURE,NO,FRIENDS,NOT_SURE,FRIENDS,NOT_SURE,SMS,NOT_SURE,NOT_SURE,NOT_SURE,NOT_SURE,NOT_SURE,YES,NOT_SURE,SOMETIMES,SOMETIMES,SOMETIMES,SOMETIMES,NO,SOMETIMES,NOT_SURE,SOMETIMES,OFTEN,NOT_SURE,NEVER,NOT_SURE,SOMETIMES,OFTEN,75.5,65.3,79.2,41.7,56.3,61.4,58.9,62.4,65.9,77.5,65,HIGH
SYN-00585,Educator,2025-11-18,PUBLIC,NOT_SURE,FRIENDS,YES,YES,NOT_SURE,YES,YES,NO,YES,YES,YES,YES,OFTEN,OFTEN,OFTEN,NOT_SURE,OFTEN,FRIENDS,NOT_SURE,OFTEN,YES,EVERYONE,SOMETIMES,OLD,NO,NO,ANYONE,YES,FRIENDS,NOT_SURE,SMS,SOMETIMES,NO,NO,NEVER,NOT_SURE,SOMETIMES,NEVER,NO,NOT_SURE,OFTEN,OFTEN,YES,OFTEN,NOT_SURE,NO,OFTEN,NEVER,NEVER,NOT_SURE,SOMETIMES,OFTEN,79.0,72.0,92.0,64.4,75.0,90.7,72.5,92.9,74.1,82.5,78,CRITICAL
SYN-00586,Student,2026-01-02,FRIENDS,NOT_SURE,FRIENDS,NOT_SURE,NOT_SURE,NO,NO,NOT_SURE,NO,NO,NOT_SURE,NOT_SURE,YES,SOMETIMES,NEVER,SOMETIMES,SOMETIMES,NEVER,FRIENDS,SOMETIMES,NOT_SURE,NOT_SURE,FRIENDS_OF_FRIENDS,NEVER,OLD,SOMETIMES,NOT_SURE,FRIENDS,NO,FRIENDS,NOT_SURE,SMS,SOMETIMES,NOT_SURE,NOT_SURE,OLD,YES,SOMETIMES,OLD,YES,SOMETIMES,NOT_SURE,SOMETIMES,SOMETIMES,NEVER,NOT_SURE,SOMETIMES,SOMETIMES,NEVER,OLD,NOT_SURE,SOMETIMES,SOMETIMES,46.5,20.0,49.6,49.4,29.7,40.0,55.1,40.0,42.4,65.2,43,HIGH
SYN-00587,Job Seeker,2026-01-16,PUBLIC,YES,PUBLIC,YES,YES,NOT_SURE,YES,YES,NOT_SURE,NOT_SURE,YES,YES,YES,OFTEN,OFTEN,SOMETIMES,OFTEN,SOMETIMES,PUBLIC,OFTEN,OFTEN,YES,EVERYONE,OFTEN,OLD,NO,NO,ANYONE,YES,FRIENDS,NO,NONE,OFTEN,NO,NO,OLD,NO,NOT_SURE,NEVER,NOT_SURE,NOT_SURE,OFTEN,SOMETIMES,NO,SOMETIMES,NOT_SURE,SOMETIMES,OFTEN,NEVER,OLD,YES,NOT_SURE,OFTEN,100.0,78.7,88.8,100.0,91.0,90.7,93.8,85.9,65.9,84.3,88,CRITICAL
SYN-00588,Student,2025-10-22,PRIVATE,NO,PUBLIC,NO,NO,NO,NO,NO,NO,NO,NO,NO,NO,SOMETIMES,NEVER,NOT_SURE,NOT_SURE,NOT_SURE,FRIENDS,SOMETIMES,NEVER,NO,APPROVAL,NEVER,RECENT,SOMETIMES,YES,FRIENDS,NO,FRIENDS,YES,APP_OR_KEY,NEVER,YES,NO,OLD,YES,SOMETIMES,OLD,YES,YES,NEVER,NEVER,SOMETIMES,NOT_SURE,NO,YES,NEVER,OLD,OLD,NO,SOMETIMES,NEVER,20.0,0.0,36.4,28.3,6.7,15.0,19.9,19.4,17.2,35.0,19,LOW
SYN-00589,Educator,2025-11-16,FRIENDS,NOT_SURE,FRIENDS,YES,NO,NOT_SURE,NOT_SURE,NOT_SURE,NO,NO,NO,NOT_SURE,NO,SOMETIMES,SOMETIMES,SOMETIMES,SOMETIMES,SOMETIMES,FRIENDS,NOT_SURE,SOMETIMES,YES,FRIENDS_OF_FRIENDS,SOMETIMES,OLD,SOMETIMES,NO,ANYONE,YES,ANYONE,NOT_SURE,SMS,SOMETIMES,NOT_SURE,NOT_SURE,NEVER,NO,SOMETIMES,OLD,SOMETIMES,YES,SOMETIMES,NOT_SURE,YES,NOT_SURE,NOT_SURE,SOMETIMES,SOMETIMES,OLD,NEVER,YES,NOT_SURE,SOMETIMES,49.5,34.0,50.4,55.6,53.7,100.0,70.0,41.8,44.1,78.2,54,HIGH
SYN-00590,Student,2026-01-13,PRIVATE,NOT_SURE,PUBLIC,NO,NO,NO,NO,NOT_SURE,NO,NOT_SURE,NO,YES,NOT_SURE,NEVER,SOMETIMES,SOMETIMES,NOT_SURE,OFTEN,FRIENDS,SOMETIMES,NOT_SURE,NOT_SURE,FRIENDS_OF_FRIENDS,SOMETIMES,NOT_SURE,SOMETIMES,NOT_SURE,FRIENDS,NO,FRIENDS,YES,SMS,NOT_SURE,NOT_SURE,NOT_SURE,OLD,NOT_SURE,NOT_SURE,OLD,YES,NOT_SURE,NOT_SURE,NOT_SURE,SOMETIMES,NOT_SURE,NO,SOMETIMES,NOT_SURE,NEVER,OLD,YES,SOMETIMES,SOMETIMES,32.0,26.0,48.8,49.4,58.7,40.0,47.1,44.7,37.9,75.2,44,HIGH
SYN-00591,Job Seeker,2025-10-17,PRIVATE,NO,FRIENDS,NO,NO,NO,NO,NO,NO,NO,NO,NOT_SURE,NO,NOT_SURE,NEVER,NEVER,NEVER,NEVER,FRIENDS,NEVER,NEVER,NO,APPROVAL,NEVER,RECENT,YES,YES,FRIENDS,NO,FRIENDS,YES,SMS,NEVER,NOT_SURE,NOT_SURE,RECENT,YES,YES,OLD,YES,YES,NOT_SURE,SOMETIMES,YES,NEVER,NO,YES,NEVER,OLD,OLD,NO,SOMETIMES,NEVER,7.0,6.0,12.0,11.7,0.0,15.0,19.2,28.2,10.3,35.0,12,LOW
SYN-00592,Student,2026-02-26,FRIENDS,NOT_SURE,FRIENDS,NO,NO,NOT_SURE,NO,NO,NO,NOT_SURE,NO,NO,NO,NEVER,NEVER,SOMETIMES,SOMETIMES,NOT_SURE,FRIENDS,NEVER,NEVER,NO,FRIENDS_OF_FRIENDS,NOT_SURE,RECENT,SOMETIMES,NOT_SURE,FRIENDS,NO,FRIENDS,NO,NONE,NEVER,YES,NOT_SURE,RECENT,YES,YES,RECENT,YES,YES,NEVER,NEVER,YES,NOT_SURE,NO,SOMETIMES,NEVER,OLD,OLD,NOT_SURE,SOMETIMES,NEVER,29.5,20.0,25.2,11.7,38.7,40.0,41.1,0.0,17.2,45.0,27,MODERATE
SYN-00593,Professional,2026-09-24,FRIENDS,NOT_SURE,PUBLIC,NOT_SURE,YES,YES,YES,NOT_SURE,NOT_SURE,NOT_SURE,YES,NO,YES,NOT_SURE,SOMETIMES,SOMETIMES,OFTEN,OFTEN,FRIENDS,SOMETIMES,SOMETIMES,YES,FRIENDS_OF_FRIENDS,NOT_SURE,NEVER,SOMETIMES,NO,ANYONE,NO,FRIENDS,NOT_SURE,NOT_SURE,SOMETIMES,NO,NOT_SURE,NOT_SURE,NOT_SURE,NOT_SURE,NOT_SURE,NO,SOMETIMES,SOMETIMES,SOMETIMES,NOT_SURE,NOT_SURE,NO,NO,SOMETIMES,NEVER,OLD,YES,NO,SOMETIMES,64.5,71.3,75.2,58.3,58.7,69.3,71.4,74.1,50.3,82.8,67,HIGH
SYN-00594,Student,2026-07-29,FRIENDS,NOT_SURE,FRIENDS,NOT_SURE,NOT_SURE,NO,NO,NOT_SURE,NO,NOT_SURE,YES,NOT_SURE,NO,SOMETIMES,SOMETIMES,SOMETIMES,NOT_SURE,SOMETIMES,PRIVATE,NOT_SURE,SOMETIMES,NOT_SURE,FRIENDS_OF_FRIENDS,SOMETIMES,OLD,SOMETIMES,NOT_SURE,FRIENDS,YES,FRIENDS,NOT_SURE,APP_OR_KEY,SOMETIMES,NO,NO,OLD,NOT_SURE,SOMETIMES,OLD,SOMETIMES,YES,NOT_SURE,SOMETIMES,SOMETIMES,SOMETIMES,NO,NOT_SURE,SOMETIMES,NEVER,OLD,NOT_SURE,SOMETIMES,NOT_SURE,46.5,32.0,48.8,37.2,53.7,61.4,63.2,40.0,45.5,63.8,48,HIGH
SYN-00595,Professional,2026-06-17,FRIENDS,NOT_SURE,FRIENDS,YES,NOT_SURE,NOT_SURE,NO,NOT_SURE,NO,NOT_SURE,NOT_SURE,NO,NO,SOMETIMES,SOMETIMES,SOMETIMES,NEVER,NEVER,FRIENDS,NOT_SURE,OFTEN,NOT_SURE,FRIENDS_OF_FRIENDS,NEVER,OLD,SOMETIMES,NOT_SURE,FRIENDS,YES,FRIENDS,NOT_SURE,NOT_SURE,SOMETIMES,NOT_SURE,NOT_SURE,NEVER,NO,SOMETIMES,OLD,SOMETIMES,SOMETIMES,SOMETIMES,NOT_SURE,SOMETIMES,OFTEN,NO,SOMETIMES,SOMETIMES,NEVER,NOT_SURE,YES,NO,NOT_SURE,54.5,34.0,33.6,57.8,29.7,61.4,72.2,53.5,49.3,87.5,50,HIGH
SYN-00596,Professional,2026-03-18,PRIVATE,NO,FRIENDS,NO,NO,NO,NO,NO,NO,NOT_SURE,NO,NOT_SURE,NO,NEVER,NEVER,NEVER,NEVER,NEVER,PRIVATE,NEVER,NEVER,NO,APPROVAL,NEVER,RECENT,YES,YES,FRIENDS,NO,FRIENDS,YES,APP_OR_KEY,NEVER,NOT_SURE,YES,NOT_SURE,YES,SOMETIMES,OLD,YES,NOT_SURE,NEVER,SOMETIMES,YES,NEVER,NO,YES,NOT_SURE,OLD,OLD,NO,YES,NOT_SURE,7.0,14.0,0.0,0.0,0.0,15.0,16.7,35.9,15.5,35.0,11,LOW
SYN-00597,Educator,2026-08-12,FRIENDS,NO,FRIENDS,NO,NO,NO,NO,NO,NO,NO,NO,NO,NO,NEVER,NEVER,NEVER,NEVER,NEVER,FRIENDS,NEVER,SOMETIMES,NO,APPROVAL,NEVER,RECENT,YES,YES,FRIENDS,NO,NO_ONE,YES,SMS,NEVER,YES,YES,RECENT,YES,YES,RECENT,SOMETIMES,YES,NEVER,NEVER,YES,NEVER,NO,YES,NEVER,OLD,OLD,NO,SOMETIMES,NEVER,17.5,0.0,0.0,25.0,0.0,10.0,5.6,11.8,0.0,35.0,8,LOW
SYN-00598,Student,2026-04-04,FRIENDS,NOT_SURE,FRIENDS,NOT_SURE,NO,NOT_SURE,NOT_SURE,YES,NO,NOT_SURE,NOT_SURE,NOT_SURE,NOT_SURE,NOT_SURE,SOMETIMES,SOMETIMES,SOMETIMES,OFTEN,PUBLIC,SOMETIMES,SOMETIMES,YES,FRIENDS_OF_FRIENDS,SOMETIMES,OLD,NO,NOT_SURE,ANYONE,YES,FRIENDS,NO,NONE,OFTEN,NO,NO,NOT_SURE,NO,NO,RECENT,SOMETIMES,SOMETIMES,OFTEN,NOT_SURE,SOMETIMES,SOMETIMES,NOT_SURE,SOMETIMES,SOMETIMES,NEVER,NEVER,NO,SOMETIMES,SOMETIMES,41.5,53.3,62.4,80.0,60.3,80.0,98.3,41.2,53.1,66.5,65,HIGH
SYN-00599,Job Seeker,2026-07-30,FRIENDS,NO,PRIVATE,NOT_SURE,NO,NO,NOT_SURE,NOT_SURE,NO,NOT_SURE,NOT_SURE,NOT_SURE,NOT_SURE,SOMETIMES,SOMETIMES,SOMETIMES,NEVER,SOMETIMES,PUBLIC,SOMETIMES,NOT_SURE,NO,FRIENDS_OF_FRIENDS,SOMETIMES,OLD,SOMETIMES,NOT_SURE,FRIENDS,NOT_SURE,FRIENDS,YES,APP_OR_KEY,SOMETIMES,NO,YES,NEVER,NOT_SURE,SOMETIMES,OLD,SOMETIMES,SOMETIMES,NEVER,SOMETIMES,SOMETIMES,SOMETIMES,NOT_SURE,SOMETIMES,SOMETIMES,OLD,OLD,NOT_SURE,SOMETIMES,SOMETIMES,22.5,36.0,50.4,61.1,53.7,50.7,40.3,42.9,54.8,54.0,46,HIGH
SYN-00600,Student,2026-01-08,PRIVATE,NO,FRIENDS,NO,NO,NO,NOT_SURE,NO,NO,NOT_SURE,NOT_SURE,NOT_SURE,NOT_SURE,NEVER,NOT_SURE,NOT_SURE,NEVER,NEVER,PRIVATE,SOMETIMES,NEVER,YES,FRIENDS_OF_FRIENDS,SOMETIMES,OLD,SOMETIMES,NOT_SURE,FRIENDS,NOT_SURE,FRIENDS,NOT_SURE,APP_OR_KEY,SOMETIMES,NOT_SURE,NO,OLD,YES,SOMETIMES,RECENT,SOMETIMES,NOT_SURE,SOMETIMES,SOMETIMES,YES,NEVER,NO,NOT_SURE,SOMETIMES,OLD,OLD,NOT_SURE,NO,NOT_SURE,7.0,28.0,25.6,33.3,53.7,50.7,52.9,38.8,26.2,60.0,35,MODERATE
SYN-00601,Educator,2026-07-15,PRIVATE,NO,PRIVATE,NO,NO,NO,NO,NO,NO,NO,NO,NO,NO,NEVER,NEVER,NEVER,NEVER,NEVER,PRIVATE,NEVER,NEVER,NO,APPROVAL,NEVER,RECENT,SOMETIMES,YES,NO_ONE,NO,FRIENDS,YES,APP_OR_KEY,NEVER,YES,YES,OLD,YES,YES,RECENT,SOMETIMES,YES,NEVER,NEVER,YES,NEVER,NO,SOMETIMES,NEVER,OLD,RECENT,NO,YES,NEVER,0.0,0.0,0.0,0.0,6.7,5.0,4.6,11.8,6.9,13.8,4,LOW
SYN-00602,Job Seeker,2025-11-02,PUBLIC,YES,PUBLIC,NOT_SURE,NOT_SURE,NOT_SURE,NOT_SURE,NOT_SURE,NOT_SURE,NOT_SURE,NOT_SURE,YES,NOT_SURE,OFTEN,SOMETIMES,SOMETIMES,SOMETIMES,OFTEN,PUBLIC,SOMETIMES,OFTEN,YES,FRIENDS_OF_FRIENDS,SOMETIMES,NEVER,SOMETIMES,NOT_SURE,FRIENDS,NOT_SURE,ANYONE,NOT_SURE,SMS,SOMETIMES,NOT_SURE,NO,NOT_SURE,NOT_SURE,NO,NEVER,SOMETIMES,NOT_SURE,SOMETIMES,SOMETIMES,SOMETIMES,SOMETIMES,NOT_SURE,SOMETIMES,SOMETIMES,OLD,OLD,YES,NO,OFTEN,87.0,64.0,74.4,88.9,62.7,60.0,72.5,74.1,54.8,77.5,72,CRITICAL
SYN-00603,Professional,2026-09-16,FRIENDS,NOT_SURE,PUBLIC,NO,YES,NOT_SURE,NOT_SURE,NOT_SURE,NO,YES,NOT_SURE,NOT_SURE,NOT_SURE,NOT_SURE,NOT_SURE,SOMETIMES,SOMETIMES,NOT_SURE,PUBLIC,NOT_SURE,SOMETIMES,NOT_SURE,FRIENDS_OF_FRIENDS,NEVER,OLD,SOMETIMES,NO,FRIENDS,NOT_SURE,FRIENDS,YES,SMS,SOMETIMES,NOT_SURE,NOT_SURE,OLD,NO,YES,OLD,SOMETIMES,NOT_SURE,NOT_SURE,NEVER,SOMETIMES,SOMETIMES,NO,SOMETIMES,SOMETIMES,OLD,OLD,NOT_SURE,SOMETIMES,SOMETIMES,52.5,53.3,54.8,70.6,29.7,61.4,46.5,56.5,32.4,54.0,50,HIGH
SYN-00604,Student,2025-12-18,FRIENDS,YES,PUBLIC,NOT_SURE,NOT_SURE,NO,NOT_SURE,NO,NO,NOT_SURE,NOT_SURE,YES,YES,SOMETIMES,SOMETIMES,OFTEN,OFTEN,SOMETIMES,PUBLIC,SOMETIMES,SOMETIMES,YES,EVERYONE,OFTEN,NEVER,SOMETIMES,NOT_SURE,FRIENDS,YES,NO_ONE,NO,NONE,SOMETIMES,NOT_SURE,NOT_SURE,NOT_SURE,NO,SOMETIMES,OLD,SOMETIMES,SOMETIMES,OFTEN,SOMETIMES,NOT_SURE,SOMETIMES,NOT_SURE,NOT_SURE,SOMETIMES,NEVER,OLD,YES,NO,SOMETIMES,67.5,32.0,79.2,80.0,93.3,56.4,80.6,60.6,60.3,82.8,69,HIGH
SYN-00605,Job Seeker,2026-09-22,FRIENDS,NOT_SURE,FRIENDS,NO,YES,NO,YES,YES,NO,NO,NOT_SURE,NOT_SURE,NOT_SURE,OFTEN,NOT_SURE,SOMETIMES,NOT_SURE,NEVER,PUBLIC,SOMETIMES,SOMETIMES,NO,FRIENDS_OF_FRIENDS,NOT_SURE,OLD,SOMETIMES,NOT_SURE,FRIENDS,NOT_SURE,FRIENDS,YES,SMS,NOT_SURE,NOT_SURE,NOT_SURE,OLD,NOT_SURE,YES,OLD,SOMETIMES,SOMETIMES,SOMETIMES,SOMETIMES,SOMETIMES,NEVER,NO,YES,SOMETIMES,OLD,NOT_SURE,NOT_SURE,NO,SOMETIMES,39.5,38.7,59.2,63.3,49.7,50.7,41.2,53.5,23.4,67.8,47,HIGH
SYN-00606,Job Seeker,2025-12-09,PRIVATE,NO,PRIVATE,NO,NO,NO,NO,NO,NO,NO,NO,NO,NO,NEVER,NOT_SURE,NEVER,NEVER,NEVER,FRIENDS,NEVER,NEVER,NO,APPROVAL,NEVER,RECENT,YES,YES,FRIENDS,NO,FRIENDS,YES,APP_OR_KEY,NEVER,YES,YES,RECENT,YES,YES,OLD,SOMETIMES,YES,NEVER,SOMETIMES,YES,NEVER,NO,YES,NEVER,OLD,RECENT,NO,SOMETIMES,NEVER,0.0,0.0,8.0,11.7,0.0,15.0,0.0,31.2,10.3,21.2,7,LOW
SYN-00607,Professional,2026-09-22,PRIVATE,NO,FRIENDS,NO,NOT_SURE,NO,NO,NO,NO,NOT_SURE,NO,NO,NO,NEVER,NOT_SURE,NEVER,SOMETIMES,NEVER,FRIENDS,NEVER,SOMETIMES,NO,FRIENDS_OF_FRIENDS,NEVER,OLD,YES,NOT_SURE,NO_ONE,NO,NO_ONE,YES,NOT_SURE,NOT_SURE,NOT_SURE,NOT_SURE,RECENT,YES,SOMETIMES,OLD,YES,SOMETIMES,SOMETIMES,SOMETIMES,NOT_SURE,NEVER,NO,YES,SOMETIMES,OLD,OLD,NOT_SURE,SOMETIMES,NEVER,12.0,8.0,17.6,25.0,23.0,25.0,35.3,41.8,26.2,45.0,23,MODERATE
SYN-00608,Student,2026-01-26,PUBLIC,YES,PUBLIC,NOT_SURE,YES,YES,YES,NOT_SURE,NOT_SURE,NOT_SURE,YES,NOT_SURE,YES,OFTEN,OFTEN,OFTEN,OFTEN,OFTEN,PUBLIC,SOMETIMES,OFTEN,NOT_SURE,EVERYONE,SOMETIMES,NEVER,NO,NO,ANYONE,YES,ANYONE,NOT_SURE,SMS,SOMETIMES,NO,NO,NEVER,NOT_SURE,NO,NEVER,SOMETIMES,NO,OFTEN,SOMETIMES,SOMETIMES,SOMETIMES,NOT_SURE,NOT_SURE,SOMETIMES,OLD,NEVER,YES,NO,NOT_SURE,92.0,77.3,100.0,82.2,84.0,100.0,76.7,88.2,57.6,81.2,83,CRITICAL
SYN-00609,Job Seeker,2026-09-23,PRIVATE,NOT_SURE,FRIENDS,NOT_SURE,NO,NO,NO,NOT_SURE,NO,NOT_SURE,NO,NO,NO,NEVER,NEVER,SOMETIMES,SOMETIMES,SOMETIMES,PRIVATE,SOMETIMES,NOT_SURE,NOT_SURE,FRIENDS_OF_FRIENDS,NEVER,NEVER,SOMETIMES,YES,FRIENDS,NOT_SURE,FRIENDS,YES,SMS,NEVER,NOT_SURE,NOT_SURE,OLD,YES,YES,OLD,SOMETIMES,YES,SOMETIMES,NOT_SURE,SOMETIMES,NEVER,NO,SOMETIMES,NEVER,OLD,OLD,NO,SOMETIMES,NEVER,31.0,16.0,26.4,37.8,38.7,25.7,23.7,41.8,22.4,35.0,28,MODERATE
SYN-00610,Job Seeker,2026-03-10,PRIVATE,NOT_SURE,PUBLIC,NO,NO,NOT_SURE,NO,NO,NO,NO,NOT_SURE,NOT_SURE,NO,SOMETIMES,SOMETIMES,NEVER,NEVER,SOMETIMES,FRIENDS,NEVER,SOMETIMES,NO,FRIENDS_OF_FRIENDS,NEVER,OLD,NOT_SURE,YES,FRIENDS,NOT_SURE,FRIENDS,YES,SMS,NOT_SURE,NOT_SURE,NOT_SURE,OLD,NO,NOT_SURE,NOT_SURE,SOMETIMES,SOMETIMES,NOT_SURE,NOT_SURE,SOMETIMES,NOT_SURE,NO,YES,SOMETIMES,NOT_SURE,OLD,NOT_SURE,SOMETIMES,NOT_SURE,32.0,24.0,31.2,25.0,32.3,25.7,50.4,60.6,32.1,58.8,35,MODERATE
SYN-00611,Job Seeker,2025-12-21,FRIENDS,NOT_SURE,PRIVATE,NOT_SURE,NO,NOT_SURE,NOT_SURE,NOT_SURE,NO,NOT_SURE,NOT_SURE,NO,NOT_SURE,SOMETIMES,SOMETIMES,SOMETIMES,SOMETIMES,SOMETIMES,PUBLIC,SOMETIMES,SOMETIMES,YES,FRIENDS_OF_FRIENDS,NEVER,NOT_SURE,SOMETIMES,NO,FRIENDS,NOT_SURE,FRIENDS,YES,SMS,SOMETIMES,NO,NOT_SURE,NOT_SURE,YES,SOMETIMES,NOT_SURE,SOMETIMES,SOMETIMES,NOT_SURE,SOMETIMES,SOMETIMES,SOMETIMES,NOT_SURE,SOMETIMES,NOT_SURE,OLD,NEVER,NOT_SURE,NO,SOMETIMES,34.5,42.0,60.0,80.0,34.7,61.4,44.2,60.6,53.8,72.8,52,HIGH
SYN-00612,SMB Owner,2026-02-11,FRIENDS,NOT_SURE,FRIENDS,YES,NOT_SURE,NO,NOT_SURE,NOT_SURE,NO,NO,NOT_SURE,YES,YES,SOMETIMES,NOT_SURE,OFTEN,OFTEN,SOMETIMES,FRIENDS,OFTEN,NOT_SURE,NOT_SURE,FRIENDS_OF_FRIENDS,SOMETIMES,OLD,SOMETIMES,NOT_SURE,FRIENDS,NOT_SURE,FRIENDS,YES,SMS,SOMETIMES,NO,NO,OLD,NOT_SURE,YES,OLD,NOT_SURE,NOT_SURE,SOMETIMES,SOMETIMES,SOMETIMES,SOMETIMES,NO,SOMETIMES,NOT_SURE,NOT_SURE,NEVER,YES,NO,SOMETIMES,54.5,32.0,77.6,60.6,53.7,50.7,49.0,62.9,41.7,89.0,55,HIGH
SYN-00613,Student,2026-05-11,FRIENDS,NOT_SURE,FRIENDS,NOT_SURE,NOT_SURE,NO,NO,NOT_SURE,NO,YES,NOT_SURE,NOT_SURE,NOT_SURE,SOMETIMES,NEVER,NEVER,SOMETIMES,OFTEN,FRIENDS,NOT_SURE,SOMETIMES,NOT_SURE,FRIENDS_OF_FRIENDS,SOMETIMES,OLD,SOMETIMES,YES,ANYONE,YES,FRIENDS,NOT_SURE,NOT_SURE,OFTEN,NO,NO,NOT_SURE,NOT_SURE,SOMETIMES,OLD,SOMETIMES,SOMETIMES,NEVER,SOMETIMES,SOMETIMES,OFTEN,NOT_SURE,SOMETIMES,SOMETIMES,NEVER,OLD,NOT_SURE,SOMETIMES,SOMETIMES,46.5,33.3,45.6,48.9,53.7,55.0,80.8,42.9,63.1,65.2,53,HIGH
SYN-00614,Student,2026-01-12,FRIENDS,NO,FRIENDS,NO,NO,NO,NO,NOT_SURE,NOT_SURE,NOT_SURE,NO,NO,NO,SOMETIMES,SOMETIMES,SOMETIMES,SOMETIMES,NEVER,FRIENDS,NOT_SURE,SOMETIMES,NOT_SURE,FRIENDS_OF_FRIENDS,SOMETIMES,OLD,NOT_SURE,NO,FRIENDS,NOT_SURE,NO_ONE,NOT_SURE,SMS,NEVER,NOT_SURE,NOT_SURE,OLD,YES,SOMETIMES,OLD,NOT_SURE,SOMETIMES,NOT_SURE,NEVER,NO,NOT_SURE,NO,SOMETIMES,SOMETIMES,OLD,OLD,NOT_SURE,SOMETIMES,NEVER,17.5,28.0,43.2,48.9,56.3,56.4,43.5,56.5,37.2,45.0,41,HIGH
SYN-00615,Student,2026-01-20,PRIVATE,NOT_SURE,PRIVATE,NO,NO,NOT_SURE,NO,NO,NO,NOT_SURE,NOT_SURE,NOT_SURE,NO,NOT_SURE,SOMETIMES,SOMETIMES,NOT_SURE,NOT_SURE,FRIENDS,NEVER,NEVER,NO,FRIENDS_OF_FRIENDS,NEVER,OLD,NOT_SURE,NOT_SURE,NO_ONE,NOT_SURE,FRIENDS,YES,SMS,NEVER,YES,NO,NEVER,YES,SOMETIMES,RECENT,NOT_SURE,SOMETIMES,NEVER,NEVER,SOMETIMES,NOT_SURE,NO,SOMETIMES,SOMETIMES,RECENT,OLD,NO,SOMETIMES,NOT_SURE,12.0,32.0,45.2,11.7,32.3,40.7,29.2,28.2,30.3,28.8,29,MODERATE
SYN-00616,Professional,2026-08-13,FRIENDS,NO,PRIVATE,NO,NOT_SURE,NO,NO,NOT_SURE,NO,NO,NOT_SURE,NOT_SURE,NO,NEVER,NEVER,NEVER,SOMETIMES,NOT_SURE,PRIVATE,NEVER,NOT_SURE,NO,APPROVAL,NEVER,RECENT,YES,YES,NO_ONE,NO,FRIENDS,YES,SMS,NEVER,NO,NOT_SURE,OLD,NOT_SURE,YES,NOT_SURE,YES,SOMETIMES,NEVER,NEVER,SOMETIMES,SOMETIMES,NOT_SURE,YES,NEVER,OLD,RECENT,NO,SOMETIMES,NEVER,15.5,20.0,15.6,11.1,0.0,5.0,34.0,40.0,31.4,21.2,20,LOW
SYN-00617,Professional,2025-10-29,PUBLIC,NOT_SURE,PUBLIC,NO,NOT_SURE,NOT_SURE,YES,YES,NOT_SURE,NOT_SURE,YES,NOT_SURE,NOT_SURE,SOMETIMES,SOMETIMES,SOMETIMES,OFTEN,SOMETIMES,PUBLIC,SOMETIMES,NOT_SURE,YES,FRIENDS_OF_FRIENDS,OFTEN,NEVER,SOMETIMES,NO,ANYONE,YES,FRIENDS,NOT_SURE,SMS,OFTEN,NO,NO,NOT_SURE,NOT_SURE,NO,OLD,NOT_SURE,NOT_SURE,SOMETIMES,OFTEN,SOMETIMES,OFTEN,NOT_SURE,SOMETIMES,NOT_SURE,NEVER,NEVER,YES,NO,SOMETIMES,67.0,74.7,66.4,77.8,78.7,90.7,82.8,62.9,69.0,94.0,75,CRITICAL
SYN-00618,Job Seeker,2026-09-12,PRIVATE,NOT_SURE,FRIENDS,NOT_SURE,NO,NOT_SURE,NOT_SURE,NOT_SURE,NO,NO,NOT_SURE,NOT_SURE,YES,SOMETIMES,NEVER,SOMETIMES,OFTEN,SOMETIMES,FRIENDS,SOMETIMES,SOMETIMES,YES,FRIENDS_OF_FRIENDS,NOT_SURE,OLD,SOMETIMES,NO,FRIENDS,NOT_SURE,FRIENDS,NOT_SURE,SMS,NEVER,NOT_SURE,NOT_SURE,NEVER,NOT_SURE,SOMETIMES,NOT_SURE,SOMETIMES,SOMETIMES,NEVER,OFTEN,SOMETIMES,SOMETIMES,NO,NO,NOT_SURE,NEVER,RECENT,YES,SOMETIMES,SOMETIMES,31.0,40.0,63.2,58.3,49.7,61.4,55.0,51.8,55.5,61.5,52,HIGH
SYN-00619,SMB Owner,2026-03-29,FRIENDS,NOT_SURE,PUBLIC,YES,NOT_SURE,NO,NOT_SURE,NOT_SURE,NO,NOT_SURE,NOT_SURE,NOT_SURE,NO,SOMETIMES,OFTEN,NEVER,SOMETIMES,NOT_SURE,FRIENDS,NOT_SURE,NEVER,NOT_SURE,FRIENDS_OF_FRIENDS,SOMETIMES,NEVER,SOMETIMES,NOT_SURE,ANYONE,YES,FRIENDS,NOT_SURE,SMS,NEVER,NOT_SURE,NOT_SURE,NEVER,NOT_SURE,SOMETIMES,OLD,SOMETIMES,SOMETIMES,SOMETIMES,SOMETIMES,NOT_SURE,NOT_SURE,NO,SOMETIMES,SOMETIMES,NEVER,OLD,NOT_SURE,SOMETIMES,NEVER,67.5,36.0,46.0,35.6,62.7,80.0,55.0,53.5,43.4,56.2,51,HIGH
SYN-00620,Professional,2026-07-05,FRIENDS,NOT_SURE,FRIENDS,NO,NO,NO,NOT_SURE,NOT_SURE,NO,NO,NO,NO,NOT_SURE,SOMETIMES,NEVER,SOMETIMES,SOMETIMES,SOMETIMES,PUBLIC,OFTEN,SOMETIMES,NO,FRIENDS_OF_FRIENDS,SOMETIMES,OLD,SOMETIMES,NO,ANYONE,NOT_SURE,FRIENDS,NOT_SURE,SMS,SOMETIMES,NOT_SURE,NOT_SURE,NEVER,YES,SOMETIMES,NEVER,SOMETIMES,SOMETIMES,NEVER,SOMETIMES,SOMETIMES,OFTEN,NO,SOMETIMES,NOT_SURE,NOT_SURE,OLD,NO,NOT_SURE,NOT_SURE,29.5,16.0,50.4,74.4,53.7,80.0,58.9,58.8,50.0,51.8,49,HIGH
SYN-00621,Job Seeker,2026-05-03,FRIENDS,NO,FRIENDS,NOT_SURE,NOT_SURE,NO,NO,NO,NO,NOT_SURE,NOT_SURE,NO,NO,NEVER,SOMETIMES,SOMETIMES,SOMETIMES,SOMETIMES,FRIENDS,SOMETIMES,OFTEN,NO,APPROVAL,NEVER,OLD,NOT_SURE,NO,FRIENDS,NOT_SURE,FRIENDS,YES,NOT_SURE,SOMETIMES,YES,NOT_SURE,OLD,NOT_SURE,YES,OLD,YES,SOMETIMES,NEVER,NOT_SURE,SOMETIMES,SOMETIMES,NO,SOMETIMES,NEVER,OLD,OLD,NO,SOMETIMES,NOT_SURE,34.5,14.0,36.0,50.6,20.3,61.4,39.6,31.2,34.8,42.5,34,MODERATE
SYN-00622,Student,2026-01-28,PRIVATE,YES,FRIENDS,NOT_SURE,YES,NOT_SURE,YES,NO,NO,NOT_SURE,NOT_SURE,NOT_SURE,NOT_SURE,SOMETIMES,OFTEN,NOT_SURE,SOMETIMES,SOMETIMES,FRIENDS,SOMETIMES,SOMETIMES,NOT_SURE,EVERYONE,SOMETIMES,OLD,NO,NOT_SURE,FRIENDS,YES,FRIENDS,NO,NONE,SOMETIMES,NO,NO,NEVER,NO,NO,NEVER,SOMETIMES,NO,OFTEN,SOMETIMES,SOMETIMES,SOMETIMES,NO,SOMETIMES,NOT_SURE,OLD,NOT_SURE,YES,NO,SOMETIMES,49.0,45.3,64.8,51.7,75.0,61.4,92.2,88.2,41.7,77.8,63,HIGH
SYN-00623,Professional,2026-07-07,PRIVATE,NO,PRIVATE,NO,NO,NO,NO,NO,NO,NO,NO,NO,NO,NEVER,NEVER,NEVER,NOT_SURE,NEVER,PRIVATE,NEVER,NEVER,NO,FRIENDS_OF_FRIENDS,NEVER,RECENT,YES,YES,NO_ONE,NO,NO_ONE,YES,APP_OR_KEY,NEVER,YES,YES,OLD,YES,YES,OLD,YES,YES,NEVER,NEVER,SOMETIMES,NEVER,NO,YES,NEVER,RECENT,RECENT,NO,SOMETIMES,NEVER,0.0,0.0,8.0,0.0,12.0,0.0,4.6,19.4,6.9,7.5,5,LOW
SYN-00624,Professional,2026-02-01,PUBLIC,NOT_SURE,FRIENDS,YES,YES,YES,NOT_SURE,NOT_SURE,NO,YES,NOT_SURE,NOT_SURE,YES,OFTEN,SOMETIMES,NOT_SURE,SOMETIMES,SOMETIMES,PUBLIC,OFTEN,SOMETIMES,NOT_SURE,EVERYONE,SOMETIMES,NOT_SURE,SOMETIMES,NO,ANYONE,YES,ANYONE,NOT_SURE,SMS,SOMETIMES,NO,NOT_SURE,NEVER,NOT_SURE,NO,OLD,NO,NOT_SURE,OFTEN,OFTEN,NO,NOT_SURE,YES,SOMETIMES,SOMETIMES,NEVER,OLD,YES,NO,SOMETIMES,79.0,61.3,74.4,84.4,73.3,100.0,73.3,77.1,78.6,82.8,76,CRITICAL
SYN-00625,Student,2025-12-14,FRIENDS,YES,FRIENDS,NOT_SURE,YES,NOT_SURE,NO,NOT_SURE,NOT_SURE,YES,NOT_SURE,NOT_SURE,YES,SOMETIMES,SOMETIMES,OFTEN,SOMETIMES,SOMETIMES,FRIENDS,OFTEN,SOMETIMES,YES,EVERYONE,NOT_SURE,NEVER,SOMETIMES,NO,ANYONE,NOT_SURE,ANYONE,NO,NONE,SOMETIMES,NOT_SURE,NOT_SURE,OLD,NOT_SURE,NOT_SURE,NEVER,SOMETIMES,NOT_SURE,OFTEN,NOT_SURE,SOMETIMES,SOMETIMES,NOT_SURE,SOMETIMES,NOT_SURE,OLD,NOT_SURE,YES,NO,SOMETIMES,59.5,57.3,72.8,69.4,73.3,89.3,76.8,81.2,52.1,77.8,69,HIGH
SYN-00626,Student,2026-04-10,PUBLIC,YES,PUBLIC,YES,YES,NOT_SURE,YES,YES,YES,NOT_SURE,YES,NOT_SURE,YES,OFTEN,OFTEN,OFTEN,OFTEN,OFTEN,PUBLIC,OFTEN,OFTEN,NOT_SURE,EVERYONE,SOMETIMES,NOT_SURE,NOT_SURE,NO,ANYONE,YES,ANYONE,NOT_SURE,SMS,SOMETIMES,NO,NO,NEVER,NO,NO,NEVER,NO,NO,OFTEN,SOMETIMES,SOMETIMES,OFTEN,NOT_SURE,NO,SOMETIMES,NOT_SURE,NEVER,YES,NO,OFTEN,100.0,82.7,100.0,93.3,76.0,100.0,80.0,100.0,70.0,95.0,88,CRITICAL
SYN-00627,Educator,2026-02-05,PUBLIC,NOT_SURE,PUBLIC,YES,NOT_SURE,NOT_SURE,NOT_SURE,NO,YES,NOT_SURE,YES,YES,NOT_SURE,OFTEN,SOMETIMES,SOMETIMES,SOMETIMES,SOMETIMES,FRIENDS,SOMETIMES,SOMETIMES,YES,EVERYONE,SOMETIMES,OLD,NO,NO,FRIENDS,YES,ANYONE,NO,NONE,SOMETIMES,NO,NO,NEVER,NO,NO,NEVER,SOMETIMES,NOT_SURE,SOMETIMES,NOT_SURE,NO,SOMETIMES,NOT_SURE,SOMETIMES,OFTEN,NOT_SURE,OLD,YES,NO,SOMETIMES,87.0,68.0,69.6,58.3,75.0,81.4,92.2,74.1,64.1,77.8,75,CRITICAL
SYN-00628,SMB Owner,2026-05-11,FRIENDS,NO,FRIENDS,NOT_SURE,NO,NOT_SURE,NOT_SURE,NO,NO,NOT_SURE,NO,YES,YES,NOT_SURE,SOMETIMES,SOMETIMES,NOT_SURE,SOMETIMES,FRIENDS,SOMETIMES,NEVER,NOT_SURE,FRIENDS_OF_FRIENDS,OFTEN,RECENT,NO,NO,ANYONE,NOT_SURE,FRIENDS,NO,NONE,SOMETIMES,NOT_SURE,NO,OLD,YES,SOMETIMES,NOT_SURE,SOMETIMES,SOMETIMES,NOT_SURE,NOT_SURE,NOT_SURE,NEVER,NO,YES,SOMETIMES,NEVER,OLD,NOT_SURE,SOMETIMES,OFTEN,29.5,38.0,62.4,38.3,65.3,80.0,70.7,60.6,24.5,71.2,52,HIGH
SYN-00629,Professional,2026-04-26,PRIVATE,NO,FRIENDS,NO,NOT_SURE,NO,NO,NO,NO,NO,NO,NOT_SURE,NO,NEVER,NEVER,NEVER,NEVER,NOT_SURE,PRIVATE,NOT_SURE,SOMETIMES,NO,FRIENDS_OF_FRIENDS,NEVER,RECENT,SOMETIMES,YES,FRIENDS,NO,NO_ONE,YES,APP_OR_KEY,NEVER,NO,NOT_SURE,OLD,YES,SOMETIMES,RECENT,SOMETIMES,YES,SOMETIMES,SOMETIMES,YES,NEVER,NO,SOMETIMES,NOT_SURE,OLD,RECENT,NOT_SURE,SOMETIMES,NEVER,12.0,6.0,6.0,27.2,18.7,10.0,24.9,22.4,22.4,31.2,17,LOW
SYN-00630,Educator,2026-04-20,PUBLIC,YES,PUBLIC,YES,NOT_SURE,NOT_SURE,YES,YES,NOT_SURE,NOT_SURE,NOT_SURE,NOT_SURE,NOT_SURE,OFTEN,OFTEN,OFTEN,OFTEN,NOT_SURE,FRIENDS,SOMETIMES,SOMETIMES,YES,EVERYONE,NOT_SURE,NEVER,NO,NO,FRIENDS,NO,ANYONE,NOT_SURE,NOT_SURE,OFTEN,NO,NO,NEVER,NO,NOT_SURE,NEVER,NOT_SURE,NO,SOMETIMES,OFTEN,NO,SOMETIMES,NOT_SURE,NOT_SURE,SOMETIMES,OLD,OLD,YES,NO,OFTEN,95.0,70.7,87.6,58.3,80.0,60.0,87.5,85.9,71.4,77.5,79,CRITICAL
SYN-00631,SMB Owner,2026-09-27,FRIENDS,NO,PUBLIC,NOT_SURE,NOT_SURE,NO,YES,NO,NO,NOT_SURE,NO,NO,NO,NOT_SURE,SOMETIMES,SOMETIMES,SOMETIMES,SOMETIMES,FRIENDS,NOT_SURE,SOMETIMES,NOT_SURE,FRIENDS_OF_FRIENDS,SOMETIMES,NEVER,SOMETIMES,NOT_SURE,ANYONE,NOT_SURE,FRIENDS,NOT_SURE,NOT_SURE,NOT_SURE,NOT_SURE,YES,OLD,YES,NOT_SURE,OLD,SOMETIMES,YES,NEVER,NOT_SURE,SOMETIMES,SOMETIMES,NO,YES,NOT_SURE,NEVER,OLD,NOT_SURE,SOMETIMES,OFTEN,47.5,21.3,48.0,48.9,62.7,69.3,49.3,31.2,33.1,71.2,46,HIGH
SYN-00632,SMB Owner,2025-11-11,FRIENDS,YES,PUBLIC,YES,NOT_SURE,NOT_SURE,NOT_SURE,NOT_SURE,NO,NOT_SURE,NOT_SURE,YES,NOT_SURE,OFTEN,SOMETIMES,SOMETIMES,OFTEN,OFTEN,PUBLIC,SOMETIMES,NOT_SURE,YES,FRIENDS_OF_FRIENDS,OFTEN,OLD,SOMETIMES,NO,FRIENDS,YES,ANYONE,NO,NONE,OFTEN,NO,NO,NEVER,NO,NO,NOT_SURE,SOMETIMES,SOMETIMES,SOMETIMES,OFTEN,NO,SOMETIMES,NO,YES,OFTEN,NEVER,NEVER,YES,NO,SOMETIMES,75.5,52.0,80.8,77.8,69.7,81.4,100.0,62.4,53.8,94.0,74,CRITICAL
SYN-00633,Job Seeker,2026-07-30,PRIVATE,NO,PRIVATE,NO,NO,NO,NO,NO,NO,NO,NO,NOT_SURE,NO,NOT_SURE,NEVER,NEVER,NEVER,NEVER,FRIENDS,NEVER,NEVER,NO,APPROVAL,NEVER,RECENT,YES,YES,NO_ONE,NO,NO_ONE,YES,APP_OR_KEY,NEVER,YES,YES,RECENT,YES,YES,RECENT,YES,YES,NEVER,NEVER,YES,NEVER,NO,YES,NOT_SURE,OLD,OLD,NO,SOMETIMES,NOT_SURE,0.0,6.0,12.0,11.7,0.0,0.0,0.0,0.0,5.2,42.5,7,LOW
SYN-00634,Educator,2026-07-01,PUBLIC,NO,PRIVATE,NOT_SURE,NOT_SURE,NO,YES,NOT_SURE,NO,YES,NO,NO,NOT_SURE,NEVER,SOMETIMES,NEVER,NOT_SURE,SOMETIMES,FRIENDS,NEVER,SOMETIMES,NOT_SURE,FRIENDS_OF_FRIENDS,SOMETIMES,OLD,SOMETIMES,NOT_SURE,NO_ONE,NOT_SURE,FRIENDS,NOT_SURE,SMS,NOT_SURE,NO,NOT_SURE,OLD,NO,SOMETIMES,RECENT,YES,SOMETIMES,SOMETIMES,SOMETIMES,YES,NEVER,NO,SOMETIMES,NOT_SURE,OLD,NOT_SURE,NOT_SURE,SOMETIMES,NEVER,47.0,34.7,34.4,35.0,53.7,40.7,66.8,22.4,22.4,51.2,42,HIGH
SYN-00635,Professional,2025-10-07,FRIENDS,NOT_SURE,FRIENDS,YES,NOT_SURE,NO,NOT_SURE,NOT_SURE,NO,NOT_SURE,NOT_SURE,NOT_SURE,NO,SOMETIMES,SOMETIMES,OFTEN,SOMETIMES,OFTEN,FRIENDS,NOT_SURE,SOMETIMES,NOT_SURE,FRIENDS_OF_FRIENDS,NOT_SURE,NOT_SURE,SOMETIMES,NOT_SURE,FRIENDS,NOT_SURE,ANYONE,NOT_SURE,SMS,NOT_SURE,NOT_SURE,NOT_SURE,NEVER,NO,NO,OLD,SOMETIMES,SOMETIMES,NOT_SURE,SOMETIMES,SOMETIMES,SOMETIMES,NO,SOMETIMES,SOMETIMES,OLD,NEVER,NOT_SURE,NOT_SURE,NOT_SURE,54.5,36.0,61.6,48.9,54.7,60.0,72.2,51.8,42.8,66.8,54,HIGH
SYN-00636,Educator,2026-07-18,PRIVATE,YES,FRIENDS,NOT_SURE,NO,NOT_SURE,NO,NOT_SURE,NO,NO,NOT_SURE,NOT_SURE,NOT_SURE,SOMETIMES,NEVER,SOMETIMES,SOMETIMES,SOMETIMES,FRIENDS,NEVER,NEVER,NO,EVERYONE,SOMETIMES,OLD,SOMETIMES,NOT_SURE,FRIENDS,NO,NO_ONE,NOT_SURE,SMS,SOMETIMES,NOT_SURE,NO,NEVER,NOT_SURE,SOMETIMES,OLD,SOMETIMES,SOMETIMES,NOT_SURE,SOMETIMES,SOMETIMES,NOT_SURE,NO,SOMETIMES,SOMETIMES,NEVER,OLD,NOT_SURE,SOMETIMES,SOMETIMES,39.0,32.0,50.4,11.7,68.3,35.0,70.0,51.8,40.7,65.2,46,HIGH
SYN-00637,SMB Owner,2026-02-26,PRIVATE,NOT_SURE,PUBLIC,YES,YES,NO,NOT_SURE,NOT_SURE,NOT_SURE,YES,YES,YES,NOT_SURE,SOMETIMES,SOMETIMES,OFTEN,SOMETIMES,SOMETIMES,PUBLIC,SOMETIMES,OFTEN,YES,FRIENDS_OF_FRIENDS,SOMETIMES,NEVER,NOT_SURE,NO,ANYONE,YES,FRIENDS,NO,NONE,OFTEN,NO,NO,OLD,NO,SOMETIMES,NEVER,SOMETIMES,SOMETIMES,NEVER,OFTEN,NO,NOT_SURE,NOT_SURE,SOMETIMES,NOT_SURE,NEVER,NEVER,NOT_SURE,NO,SOMETIMES,62.0,61.3,66.4,88.9,65.3,90.7,92.1,58.8,65.5,84.0,73,CRITICAL
SYN-00638,Student,2026-08-21,PRIVATE,NO,FRIENDS,NOT_SURE,NO,NO,NO,NO,NO,NO,NO,NO,NOT_SURE,SOMETIMES,NEVER,NEVER,NOT_SURE,NEVER,FRIENDS,SOMETIMES,NEVER,NO,APPROVAL,NOT_SURE,RECENT,YES,NOT_SURE,NO_ONE,NO,FRIENDS,YES,NOT_SURE,NOT_SURE,YES,NOT_SURE,RECENT,NOT_SURE,YES,OLD,SOMETIMES,YES,NEVER,NOT_SURE,YES,SOMETIMES,NO,SOMETIMES,NEVER,RECENT,OLD,NOT_SURE,SOMETIMES,SOMETIMES,19.0,0.0,32.0,28.3,20.0,30.0,33.1,31.2,27.9,40.3,24,MODERATE
SYN-00639,Student,2026-01-05,FRIENDS,NOT_SURE,PRIVATE,NOT_SURE,NOT_SURE,NO,NO,NO,NO,NO,NOT_SURE,NOT_SURE,NOT_SURE,NOT_SURE,SOMETIMES,NEVER,NOT_SURE,SOMETIMES,PRIVATE,SOMETIMES,NEVER,NOT_SURE,FRIENDS_OF_FRIENDS,NOT_SURE,RECENT,SOMETIMES,YES,NO_ONE,NOT_SURE,FRIENDS,YES,SMS,NEVER,YES,NO,NOT_SURE,YES,SOMETIMES,NOT_SURE,YES,SOMETIMES,NOT_SURE,SOMETIMES,SOMETIMES,SOMETIMES,YES,SOMETIMES,NEVER,OLD,OLD,YES,SOMETIMES,SOMETIMES,39.5,12.0,46.4,26.7,38.7,15.7,27.5,48.8,60.7,64.0,36,MODERATE
SYN-00640,Student,2026-08-13,PUBLIC,YES,PUBLIC,NOT_SURE,NOT_SURE,NOT_SURE,YES,YES,NOT_SURE,YES,YES,NOT_SURE,YES,OFTEN,OFTEN,OFTEN,OFTEN,OFTEN,FRIENDS,SOMETIMES,NEVER,NOT_SURE,EVERYONE,OFTEN,NEVER,NOT_SURE,NO,ANYONE,NOT_SURE,ANYONE,NO,NONE,SOMETIMES,NO,NO,OLD,NO,NO,NEVER,NO,NO,SOMETIMES,OFTEN,SOMETIMES,OFTEN,NO,SOMETIMES,SOMETIMES,NEVER,NEVER,YES,NO,OFTEN,87.0,80.0,100.0,38.3,96.0,89.3,88.5,92.9,57.9,100.0,82,CRITICAL
SYN-00641,Professional,2026-06-29,PUBLIC,YES,PUBLIC,YES,YES,YES,YES,YES,NOT_SURE,NOT_SURE,YES,YES,YES,OFTEN,SOMETIMES,SOMETIMES,OFTEN,SOMETIMES,PUBLIC,SOMETIMES,SOMETIMES,NOT_SURE,EVERYONE,SOMETIMES,NOT_SURE,NO,NO,FRIENDS,YES,ANYONE,NOT_SURE,SMS,OFTEN,NO,NO,NEVER,NOT_SURE,SOMETIMES,NOT_SURE,SOMETIMES,NO,SOMETIMES,OFTEN,NOT_SURE,OFTEN,NOT_SURE,NO,OFTEN,NEVER,OLD,YES,NO,OFTEN,100.0,86.7,82.4,73.3,80.0,81.4,80.3,74.1,83.8,88.8,83,CRITICAL
SYN-00642,Professional,2025-10-23,FRIENDS,NOT_SURE,FRIENDS,YES,YES,YES,NO,YES,NO,NOT_SURE,YES,NOT_SURE,NOT_SURE,NOT_SURE,OFTEN,SOMETIMES,SOMETIMES,OFTEN,FRIENDS,SOMETIMES,OFTEN,YES,EVERYONE,NOT_SURE,OLD,SOMETIMES,NOT_SURE,ANYONE,YES,FRIENDS,NOT_SURE,SMS,SOMETIMES,NO,NO,NEVER,NO,SOMETIMES,NOT_SURE,SOMETIMES,SOMETIMES,SOMETIMES,NOT_SURE,SOMETIMES,SOMETIMES,NOT_SURE,SOMETIMES,NOT_SURE,OLD,NEVER,NOT_SURE,SOMETIMES,NEVER,59.5,57.3,68.8,67.2,64.3,80.0,75.8,62.4,52.1,56.2,65,HIGH
SYN-00643,SMB Owner,2025-11-18,FRIENDS,YES,FRIENDS,NOT_SURE,YES,NO,NOT_SURE,NOT_SURE,YES,NO,NOT_SURE,NOT_SURE,YES,SOMETIMES,NOT_SURE,SOMETIMES,NOT_SURE,OFTEN,FRIENDS,OFTEN,NOT_SURE,NO,FRIENDS_OF_FRIENDS,SOMETIMES,OLD,SOMETIMES,NOT_SURE,FRIENDS,YES,FRIENDS,NOT_SURE,SMS,NEVER,YES,NO,OLD,NOT_SURE,YES,OLD,SOMETIMES,NO,SOMETIMES,NOT_SURE,SOMETIMES,NEVER,NO,NOT_SURE,SOMETIMES,OLD,OLD,YES,YES,SOMETIMES,59.5,48.0,68.0,50.6,53.7,61.4,44.6,65.3,31.4,56.5,53,HIGH
SYN-00644,Student,2026-09-24,FRIENDS,YES,PUBLIC,NO,YES,NOT_SURE,NOT_SURE,YES,NOT_SURE,NOT_SURE,NOT_SURE,YES,YES,SOMETIMES,OFTEN,SOMETIMES,NOT_SURE,OFTEN,FRIENDS,SOMETIMES,SOMETIMES,NOT_SURE,FRIENDS_OF_FRIENDS,OFTEN,OLD,SOMETIMES,NOT_SURE,ANYONE,YES,ANYONE,NO,NONE,NOT_SURE,NOT_SURE,NO,NOT_SURE,NO,NO,OLD,SOMETIMES,NO,NOT_SURE,SOMETIMES,SOMETIMES,NOT_SURE,NOT_SURE,SOMETIMES,SOMETIMES,NEVER,OLD,NOT_SURE,NO,SOMETIMES,60.5,69.3,76.0,51.7,69.7,89.3,86.1,63.5,52.8,72.8,69,HIGH
SYN-00645,Job Seeker,2026-04-12,FRIENDS,NO,PRIVATE,NOT_SURE,NO,NO,NO,NOT_SURE,NO,NO,NO,NOT_SURE,NO,NEVER,SOMETIMES,NOT_SURE,NOT_SURE,NEVER,FRIENDS,NEVER,NOT_SURE,NO,FRIENDS_OF_FRIENDS,NEVER,RECENT,YES,YES,FRIENDS,NO,FRIENDS,NOT_SURE,APP_OR_KEY,NEVER,NOT_SURE,YES,OLD,NOT_SURE,SOMETIMES,RECENT,YES,SOMETIMES,SOMETIMES,NEVER,YES,NEVER,NOT_SURE,SOMETIMES,NOT_SURE,OLD,RECENT,NOT_SURE,SOMETIMES,NEVER,22.5,14.0,25.6,22.8,12.0,15.0,37.9,22.4,24.1,31.2,23,MODERATE
SYN-00646,Job Seeker,2026-03-26,FRIENDS,NOT_SURE,PRIVATE,NOT_SURE,YES,YES,NOT_SURE,NOT_SURE,NOT_SURE,NOT_SURE,NOT_SURE,NOT_SURE,NOT_SURE,SOMETIMES,SOMETIMES,NOT_SURE,NEVER,SOMETIMES,PUBLIC,SOMETIMES,NOT_SURE,NOT_SURE,EVERYONE,SOMETIMES,OLD,SOMETIMES,NO,FRIENDS,NO,FRIENDS,NOT_SURE,SMS,NOT_SURE,NOT_SURE,NO,NOT_SURE,NOT_SURE,SOMETIMES,OLD,NO,SOMETIMES,NOT_SURE,SOMETIMES,NOT_SURE,SOMETIMES,NO,SOMETIMES,SOMETIMES,OLD,OLD,NOT_SURE,SOMETIMES,NOT_SURE,44.5,68.0,48.8,71.1,68.3,50.7,66.4,63.5,45.5,52.5,59,HIGH
SYN-00647,Professional,2026-01-11,FRIENDS,NOT_SURE,FRIENDS,NOT_SURE,YES,NO,NOT_SURE,YES,NO,NO,NO,NOT_SURE,YES,NOT_SURE,OFTEN,NEVER,SOMETIMES,SOMETIMES,FRIENDS,SOMETIMES,SOMETIMES,NOT_SURE,EVERYONE,SOMETIMES,OLD,SOMETIMES,NOT_SURE,NO_ONE,NO,ANYONE,NOT_SURE,SMS,SOMETIMES,YES,NOT_SURE,OLD,YES,YES,OLD,SOMETIMES,SOMETIMES,SOMETIMES,OFTEN,SOMETIMES,NEVER,NOT_SURE,YES,SOMETIMES,OLD,NOT_SURE,YES,SOMETIMES,NOT_SURE,51.5,27.3,60.8,51.7,68.3,39.3,45.1,53.5,42.4,68.8,49,HIGH
SYN-00648,Job Seeker,2026-06-24,FRIENDS,NOT_SURE,FRIENDS,NOT_SURE,NOT_SURE,NOT_SURE,NOT_SURE,NOT_SURE,NO,NOT_SURE,NOT_SURE,NOT_SURE,YES,NOT_SURE,SOMETIMES,SOMETIMES,SOMETIMES,SOMETIMES,FRIENDS,OFTEN,NEVER,NOT_SURE,FRIENDS_OF_FRIENDS,NOT_SURE,OLD,SOMETIMES,YES,FRIENDS,NOT_SURE,FRIENDS,YES,SMS,SOMETIMES,NO,NO,OLD,NOT_SURE,SOMETIMES,OLD,NO,SOMETIMES,SOMETIMES,NOT_SURE,SOMETIMES,NEVER,NO,NO,SOMETIMES,NEVER,OLD,NOT_SURE,SOMETIMES,SOMETIMES,46.5,48.0,64.0,49.4,49.7,25.7,53.2,65.3,35.5,65.2,51,HIGH
SYN-00649,Student,2025-12-15,FRIENDS,NO,PUBLIC,YES,NOT_SURE,NO,YES,NOT_SURE,NOT_SURE,NOT_SURE,NOT_SURE,NOT_SURE,NOT_SURE,SOMETIMES,SOMETIMES,SOMETIMES,SOMETIMES,SOMETIMES,PUBLIC,SOMETIMES,SOMETIMES,NOT_SURE,FRIENDS_OF_FRIENDS,SOMETIMES,OLD,SOMETIMES,NOT_SURE,FRIENDS,YES,FRIENDS,NO,NONE,NOT_SURE,NOT_SURE,NO,NEVER,NO,NOT_SURE,NEVER,SOMETIMES,SOMETIMES,NOT_SURE,SOMETIMES,NOT_SURE,SOMETIMES,NOT_SURE,SOMETIMES,SOMETIMES,NOT_SURE,OLD,NOT_SURE,SOMETIMES,NEVER,55.5,53.3,60.0,73.3,53.7,61.4,85.3,67.6,57.6,51.2,63,HIGH
SYN-00650,SMB Owner,2026-08-15,PRIVATE,NO,FRIENDS,NOT_SURE,NO,NO,NO,NO,NO,NO,NO,NO,NO,NEVER,SOMETIMES,NOT_SURE,NEVER,SOMETIMES,FRIENDS,NEVER,NOT_SURE,NO,APPROVAL,SOMETIMES,OLD,NOT_SURE,NOT_SURE,FRIENDS,NO,FRIENDS,YES,APP_OR_KEY,SOMETIMES,NO,NOT_SURE,OLD,NOT_SURE,YES,OLD,SOMETIMES,YES,SOMETIMES,SOMETIMES,SOMETIMES,NOT_SURE,NO,YES,NEVER,OLD,OLD,NOT_SURE,SOMETIMES,NEVER,19.0,0.0,24.8,22.8,44.3,40.0,40.1,41.8,27.6,45.0,27,MODERATE
SYN-00651,Job Seeker,2026-06-30,PRIVATE,YES,FRIENDS,NOT_SURE,NO,NO,NO,NO,NOT_SURE,NOT_SURE,NO,YES,NO,NEVER,NEVER,NEVER,SOMETIMES,SOMETIMES,PRIVATE,NOT_SURE,SOMETIMES,NOT_SURE,FRIENDS_OF_FRIENDS,NOT_SURE,OLD,SOMETIMES,NOT_SURE,FRIENDS,NO,FRIENDS,NO,NONE,SOMETIMES,NO,NOT_SURE,NEVER,YES,YES,NOT_SURE,SOMETIMES,YES,SOMETIMES,SOMETIMES,SOMETIMES,SOMETIMES,NO,SOMETIMES,NOT_SURE,NOT_SURE,RECENT,YES,SOMETIMES,NOT_SURE,39.0,30.0,16.8,37.2,49.7,40.0,69.4,50.6,41.7,55.0,41,HIGH
SYN-00652,Student,2025-11-29,PRIVATE,NO,FRIENDS,NO,NOT_SURE,NO,NOT_SURE,NO,NO,NO,NO,NO,NO,NEVER,SOMETIMES,NEVER,NOT_SURE,NEVER,PRIVATE,SOMETIMES,NEVER,NO,APPROVAL,NOT_SURE,RECENT,YES,NOT_SURE,FRIENDS,NOT_SURE,NO_ONE,YES,APP_OR_KEY,NOT_SURE,YES,YES,RECENT,YES,YES,OLD,YES,YES,NEVER,NOT_SURE,YES,SOMETIMES,NO,YES,SOMETIMES,OLD,RECENT,NOT_SURE,YES,SOMETIMES,12.0,8.0,17.6,16.7,20.0,45.7,9.7,19.4,27.2,32.8,18,LOW
SYN-00653,Job Seeker,2026-09-10,FRIENDS,YES,PRIVATE,NOT_SURE,NOT_SURE,NOT_SURE,YES,NOT_SURE,NOT_SURE,NOT_SURE,YES,NOT_SURE,YES,NOT_SURE,OFTEN,OFTEN,OFTEN,SOMETIMES,PUBLIC,SOMETIMES,SOMETIMES,NOT_SURE,FRIENDS_OF_FRIENDS,SOMETIMES,NOT_SURE,YES,NOT_SURE,ANYONE,YES,FRIENDS,NOT_SURE,APP_OR_KEY,SOMETIMES,NOT_SURE,NO,NEVER,NOT_SURE,NOT_SURE,NEVER,SOMETIMES,NOT_SURE,NOT_SURE,NOT_SURE,SOMETIMES,NEVER,NOT_SURE,NO,NOT_SURE,NEVER,OLD,YES,SOMETIMES,SOMETIMES,47.5,69.3,83.2,73.3,52.0,80.0,66.1,72.4,46.6,75.2,66,HIGH
SYN-00654,SMB Owner,2025-12-25,PUBLIC,YES,FRIENDS,NOT_SURE,NOT_SURE,NOT_SURE,NOT_SURE,NOT_SURE,NO,YES,YES,NO,NOT_SURE,SOMETIMES,SOMETIMES,SOMETIMES,SOMETIMES,SOMETIMES,PUBLIC,NOT_SURE,SOMETIMES,NOT_SURE,EVERYONE,SOMETIMES,OLD,NOT_SURE,NO,FRIENDS,NOT_SURE,FRIENDS,NO,NONE,SOMETIMES,NOT_SURE,NOT_SURE,NOT_SURE,YES,SOMETIMES,OLD,NOT_SURE,NOT_SURE,NOT_SURE,SOMETIMES,SOMETIMES,NOT_SURE,NOT_SURE,SOMETIMES,SOMETIMES,NEVER,NOT_SURE,NOT_SURE,NO,SOMETIMES,74.0,51.3,60.0,70.6,71.0,61.4,69.4,61.2,52.8,79.0,64,HIGH
SYN-00655,Student,2026-04-27,PUBLIC,YES,PUBLIC,YES,YES,YES,YES,YES,NOT_SURE,YES,YES,YES,NOT_SURE,OFTEN,OFTEN,SOMETIMES,OFTEN,OFTEN,PUBLIC,OFTEN,OFTEN,YES,EVERYONE,SOMETIMES,NEVER,NO,NOT_SURE,ANYONE,YES,ANYONE,NO,NONE,OFTEN,NO,NO,NEVER,NO,NO,OLD,SOMETIMES,NO,SOMETIMES,OFTEN,NOT_SURE,OFTEN,NOT_SURE,NO,OFTEN,NEVER,NEVER,YES,NO,OFTEN,100.0,92.0,87.2,100.0,84.0,89.3,100.0,65.3,83.8,100.0,91,CRITICAL
SYN-00656,Professional,2025-12-20,PRIVATE,NO,PRIVATE,NO,NO,NO,NOT_SURE,NO,NO,NO,NO,NO,NO,NEVER,NEVER,NEVER,NEVER,NEVER,PRIVATE,NEVER,NEVER,NOT_SURE,APPROVAL,NEVER,RECENT,YES,NOT_SURE,FRIENDS,NOT_SURE,NO_ONE,YES,SMS,NEVER,YES,YES,OLD,YES,YES,RECENT,YES,YES,NEVER,NEVER,YES,NEVER,NO,YES,SOMETIMES,OLD,OLD,NO,SOMETIMES,NEVER,0.0,8.0,0.0,10.0,0.0,45.7,10.1,0.0,6.2,35.0,8,LOW
SYN-00657,Student,2026-01-27,FRIENDS,NO,PUBLIC,YES,NOT_SURE,NOT_SURE,NOT_SURE,NOT_SURE,NO,NOT_SURE,NOT_SURE,NOT_SURE,NOT_SURE,OFTEN,NOT_SURE,SOMETIMES,OFTEN,OFTEN,FRIENDS,SOMETIMES,NEVER,NOT_SURE,FRIENDS_OF_FRIENDS,NOT_SURE,OLD,NO,NO,FRIENDS,NOT_SURE,FRIENDS,NOT_SURE,SMS,NOT_SURE,NOT_SURE,NO,OLD,NO,SOMETIMES,OLD,SOMETIMES,NO,OFTEN,SOMETIMES,SOMETIMES,NOT_SURE,NOT_SURE,SOMETIMES,NOT_SURE,NOT_SURE,NOT_SURE,YES,NO,OFTEN,55.5,48.0,79.2,38.3,56.3,61.4,67.6,72.4,51.7,90.0,61,HIGH
SYN-00658,SMB Owner,2025-12-18,FRIENDS,NOT_SURE,FRIENDS,NOT_SURE,NO,NO,NOT_SURE,YES,NOT_SURE,YES,YES,YES,NOT_SURE,SOMETIMES,NEVER,SOMETIMES,OFTEN,SOMETIMES,FRIENDS,SOMETIMES,SOMETIMES,NOT_SURE,FRIENDS_OF_FRIENDS,SOMETIMES,NOT_SURE,SOMETIMES,NOT_SURE,FRIENDS,NOT_SURE,ANYONE,NOT_SURE,SMS,SOMETIMES,NOT_SURE,NO,OLD,YES,SOMETIMES,NEVER,NOT_SURE,SOMETIMES,NOT_SURE,SOMETIMES,SOMETIMES,SOMETIMES,NOT_SURE,SOMETIMES,SOMETIMES,OLD,OLD,NOT_SURE,NO,NOT_SURE,41.5,66.7,56.8,51.7,58.7,60.0,58.5,72.4,54.8,60.0,58,HIGH
SYN-00659,Professional,2026-01-10,PRIVATE,NO,FRIENDS,NOT_SURE,NOT_SURE,NO,YES,NOT_SURE,NO,NO,NOT_SURE,NOT_SURE,NOT_SURE,NOT_SURE,NOT_SURE,NEVER,NOT_SURE,OFTEN,FRIENDS,NOT_SURE,SOMETIMES,NO,FRIENDS_OF_FRIENDS,NEVER,OLD,SOMETIMES,YES,ANYONE,NOT_SURE,ANYONE,NO,NONE,SOMETIMES,NO,NOT_SURE,OLD,NOT_SURE,SOMETIMES,OLD,SOMETIMES,SOMETIMES,NOT_SURE,NOT_SURE,SOMETIMES,SOMETIMES,NO,YES,SOMETIMES,NOT_SURE,OLD,YES,SOMETIMES,SOMETIMES,24.0,33.3,49.6,38.9,29.7,53.6,77.6,51.8,34.1,70.2,46,HIGH
SYN-00660,Educator,2026-07-26,PUBLIC,NOT_SURE,PRIVATE,NO,NO,NO,NO,NO,NO,NO,NOT_SURE,NO,NO,SOMETIMES,SOMETIMES,NEVER,SOMETIMES,SOMETIMES,FRIENDS,NEVER,SOMETIMES,NO,APPROVAL,NOT_SURE,NEVER,SOMETIMES,NOT_SURE,FRIENDS,NOT_SURE,NO_ONE,YES,SMS,SOMETIMES,YES,YES,NEVER,NOT_SURE,YES,OLD,SOMETIMES,SOMETIMES,NEVER,NEVER,NOT_SURE,NEVER,NO,SOMETIMES,NOT_SURE,OLD,OLD,NO,SOMETIMES,NOT_SURE,42.0,6.0,40.8,25.0,46.7,45.7,33.3,42.9,21.7,42.5,32,MODERATE
SYN-00661,Student,2026-04-21,FRIENDS,NOT_SURE,FRIENDS,NO,NOT_SURE,NOT_SURE,NO,NOT_SURE,NO,YES,NOT_SURE,NOT_SURE,NOT_SURE,NEVER,SOMETIMES,SOMETIMES,SOMETIMES,SOMETIMES,FRIENDS,NEVER,SOMETIMES,NO,FRIENDS_OF_FRIENDS,NOT_SURE,OLD,SOMETIMES,NO,FRIENDS,YES,NO_ONE,YES,SMS,SOMETIMES,NO,NOT_SURE,OLD,NOT_SURE,NO,OLD,SOMETIMES,SOMETIMES,SOMETIMES,SOMETIMES,SOMETIMES,NEVER,NOT_SURE,NO,NEVER,OLD,OLD,YES,NO,NEVER,34.5,45.3,45.6,25.0,49.7,67.1,54.0,53.5,43.1,62.5,46,HIGH
SYN-00662,Professional,2025-11-11,FRIENDS,NOT_SURE,FRIENDS,NO,NO,NO,NOT_SURE,NOT_SURE,NO,NOT_SURE,NO,NOT_SURE,NO,NOT_SURE,NEVER,SOMETIMES,SOMETIMES,SOMETIMES,PRIVATE,SOMETIMES,NOT_SURE,NOT_SURE,FRIENDS_OF_FRIENDS,NEVER,OLD,NO,NOT_SURE,FRIENDS,NOT_SURE,FRIENDS,NOT_SURE,SMS,SOMETIMES,YES,NOT_SURE,OLD,YES,NOT_SURE,OLD,SOMETIMES,SOMETIMES,NEVER,SOMETIMES,SOMETIMES,SOMETIMES,NO,SOMETIMES,NOT_SURE,OLD,OLD,YES,NO,SOMETIMES,29.5,30.0,38.4,37.8,36.3,50.7,51.0,42.9,41.7,71.5,41,HIGH
SYN-00663,Job Seeker,2026-07-10,PRIVATE,NO,FRIENDS,NO,NO,NO,NO,NO,NO,NO,NO,NO,NO,NEVER,NEVER,SOMETIMES,NEVER,NEVER,FRIENDS,NEVER,NEVER,NO,APPROVAL,SOMETIMES,RECENT,SOMETIMES,YES,FRIENDS,NOT_SURE,NO_ONE,YES,APP_OR_KEY,NEVER,YES,YES,OLD,YES,SOMETIMES,OLD,YES,SOMETIMES,NEVER,SOMETIMES,YES,NEVER,NO,YES,NEVER,OLD,RECENT,NO,NOT_SURE,NEVER,7.0,0.0,9.6,11.7,30.7,20.7,8.8,31.2,10.3,24.2,13,LOW
SYN-00664,Professional,2026-09-18,PUBLIC,NOT_SURE,PRIVATE,NOT_SURE,YES,YES,YES,NOT_SURE,NOT_SURE,NOT_SURE,YES,NOT_SURE,NOT_SURE,SOMETIMES,SOMETIMES,SOMETIMES,SOMETIMES,SOMETIMES,FRIENDS,SOMETIMES,SOMETIMES,YES,FRIENDS_OF_FRIENDS,SOMETIMES,NOT_SURE,SOMETIMES,NOT_SURE,ANYONE,NOT_SURE,FRIENDS,NOT_SURE,SMS,NEVER,NOT_SURE,NO,NOT_SURE,YES,SOMETIMES,NEVER,NO,NO,SOMETIMES,SOMETIMES,SOMETIMES,SOMETIMES,NO,SOMETIMES,SOMETIMES,NOT_SURE,OLD,YES,SOMETIMES,SOMETIMES,64.0,77.3,60.0,58.3,58.7,69.3,48.9,92.9,42.8,70.2,62,HIGH
SYN-00665,Job Seeker,2026-04-20,FRIENDS,NOT_SURE,FRIENDS,NOT_SURE,YES,NOT_SURE,NOT_SURE,NO,NO,NO,NO,YES,YES,SOMETIMES,NOT_SURE,SOMETIMES,OFTEN,NOT_SURE,FRIENDS,SOMETIMES,NEVER,NOT_SURE,FRIENDS_OF_FRIENDS,OFTEN,OLD,NOT_SURE,NOT_SURE,ANYONE,NOT_SURE,ANYONE,NOT_SURE,NOT_SURE,NOT_SURE,NOT_SURE,NO,OLD,NO,SOMETIMES,OLD,NOT_SURE,NOT_SURE,SOMETIMES,NEVER,SOMETIMES,SOMETIMES,NO,SOMETIMES,SOMETIMES,NOT_SURE,NEVER,NO,SOMETIMES,NEVER,51.5,30.0,70.0,38.3,72.3,78.6,69.9,62.9,32.4,52.5,55,HIGH
SYN-00666,Student,2026-07-30,FRIENDS,NO,PRIVATE,NO,NO,NO,NO,NOT_SURE,NO,NO,YES,NO,NO,SOMETIMES,NEVER,NEVER,NEVER,NEVER,PRIVATE,NEVER,NEVER,NO,APPROVAL,NEVER,RECENT,YES,YES,FRIENDS,NO,NO_ONE,YES,APP_OR_KEY,NEVER,YES,YES,OLD,YES,SOMETIMES,OLD,SOMETIMES,YES,NEVER,NEVER,YES,NEVER,NO,YES,SOMETIMES,RECENT,OLD,NOT_SURE,SOMETIMES,NEVER,10.5,18.0,14.4,0.0,0.0,10.0,8.8,31.2,6.2,31.2,11,LOW
SYN-00667,Job Seeker,2025-12-23,PRIVATE,NO,FRIENDS,NO,NOT_SURE,NO,NO,NO,NO,NOT_SURE,NO,NO,NO,NEVER,SOMETIMES,NEVER,NOT_SURE,NEVER,FRIENDS,SOMETIMES,NEVER,NO,APPROVAL,NOT_SURE,RECENT,SOMETIMES,YES,NO_ONE,NO,NO_ONE,YES,APP_OR_KEY,NEVER,YES,NOT_SURE,RECENT,YES,NOT_SURE,NOT_SURE,YES,SOMETIMES,SOMETIMES,NOT_SURE,SOMETIMES,NOT_SURE,NO,YES,NEVER,OLD,RECENT,NOT_SURE,SOMETIMES,SOMETIMES,12.0,8.0,17.6,28.3,26.7,0.0,13.6,50.6,25.9,40.3,20,LOW
SYN-00668,Student,2026-01-31,PRIVATE,NO,FRIENDS,NOT_SURE,YES,NO,NO,NOT_SURE,NO,NO,NOT_SURE,NOT_SURE,NOT_SURE,SOMETIMES,SOMETIMES,NEVER,SOMETIMES,NEVER,FRIENDS,SOMETIMES,SOMETIMES,NOT_SURE,EVERYONE,NOT_SURE,NOT_SURE,NOT_SURE,NO,NO_ONE,YES,ANYONE,YES,SMS,SOMETIMES,NO,YES,OLD,YES,SOMETIMES,NOT_SURE,SOMETIMES,SOMETIMES,SOMETIMES,SOMETIMES,SOMETIMES,NOT_SURE,NOT_SURE,NO,NEVER,NEVER,OLD,NO,SOMETIMES,SOMETIMES,29.0,20.0,43.2,51.7,72.0,71.4,34.3,62.4,53.4,55.2,45,HIGH
SYN-00669,Student,2025-10-13,FRIENDS,NOT_SURE,FRIENDS,NOT_SURE,YES,NOT_SURE,NO,NOT_SURE,NOT_SURE,YES,YES,YES,YES,SOMETIMES,SOMETIMES,SOMETIMES,NOT_SURE,SOMETIMES,FRIENDS,OFTEN,SOMETIMES,NOT_SURE,FRIENDS_OF_FRIENDS,NOT_SURE,OLD,NOT_SURE,NO,ANYONE,NOT_SURE,FRIENDS,NO,NONE,SOMETIMES,NO,NOT_SURE,OLD,YES,SOMETIMES,OLD,SOMETIMES,SOMETIMES,SOMETIMES,SOMETIMES,SOMETIMES,SOMETIMES,NOT_SURE,NO,NOT_SURE,NEVER,OLD,NOT_SURE,SOMETIMES,SOMETIMES,51.5,65.3,64.8,62.8,52.3,80.0,69.9,53.5,60.7,65.2,63,HIGH
SYN-00670,Student,2025-12-14,FRIENDS,NO,FRIENDS,NOT_SURE,YES,NO,NO,NO,NO,NOT_SURE,NOT_SURE,NO,NO,SOMETIMES,NOT_SURE,NOT_SURE,NEVER,SOMETIMES,FRIENDS,NEVER,SOMETIMES,NO,APPROVAL,SOMETIMES,OLD,YES,NO,FRIENDS,NOT_SURE,FRIENDS,YES,SMS,NEVER,NOT_SURE,NOT_SURE,OLD,NOT_SURE,SOMETIMES,OLD,SOMETIMES,SOMETIMES,NOT_SURE,NOT_SURE,SOMETIMES,NOT_SURE,NO,SOMETIMES,SOMETIMES,OLD,OLD,NO,NOT_SURE,SOMETIMES,39.5,14.0,37.6,25.0,35.0,61.4,35.7,51.8,39.0,47.0,35,MODERATE
SYN-00671,Student,2025-12-31,FRIENDS,NOT_SURE,FRIENDS,YES,YES,NOT_SURE,YES,YES,NOT_SURE,NOT_SURE,NOT_SURE,NOT_SURE,NOT_SURE,OFTEN,SOMETIMES,NOT_SURE,SOMETIMES,SOMETIMES,PUBLIC,SOMETIMES,SOMETIMES,NOT_SURE,FRIENDS_OF_FRIENDS,SOMETIMES,NOT_SURE,SOMETIMES,NOT_SURE,FRIENDS,YES,FRIENDS,NOT_SURE,SMS,SOMETIMES,NO,NO,NOT_SURE,NOT_SURE,NOT_SURE,NEVER,YES,NO,SOMETIMES,SOMETIMES,NO,NOT_SURE,NOT_SURE,SOMETIMES,SOMETIMES,NEVER,NEVER,NOT_SURE,NO,NEVER,59.5,70.7,68.0,73.3,58.7,61.4,72.5,69.4,59.7,75.0,67,HIGH
SYN-00672,Job Seeker,2026-01-20,FRIENDS,YES,PUBLIC,YES,NOT_SURE,NOT_SURE,NO,YES,NO,NOT_SURE,NO,YES,NOT_SURE,SOMETIMES,SOMETIMES,SOMETIMES,NOT_SURE,SOMETIMES,FRIENDS,OFTEN,NOT_SURE,NOT_SURE,FRIENDS_OF_FRIENDS,SOMETIMES,OLD,SOMETIMES,NOT_SURE,ANYONE,YES,ANYONE,NOT_SURE,SMS,NOT_SURE,NO,NOT_SURE,OLD,NO,NOT_SURE,NEVER,SOMETIMES,NO,SOMETIMES,NOT_SURE,NO,SOMETIMES,NOT_SURE,SOMETIMES,SOMETIMES,NEVER,OLD,NOT_SURE,NOT_SURE,NOT_SURE,75.5,43.3,58.4,60.6,53.7,89.3,68.5,81.2,60.0,66.8,62,HIGH
SYN-00673,Professional,2026-08-18,PRIVATE,NO,PRIVATE,NO,NO,NO,NO,NO,NO,NO,NO,NO,NOT_SURE,NEVER,NEVER,NEVER,NEVER,SOMETIMES,FRIENDS,SOMETIMES,NEVER,NO,FRIENDS_OF_FRIENDS,NEVER,RECENT,YES,YES,FRIENDS,NO,NO_ONE,YES,SMS,SOMETIMES,YES,YES,OLD,YES,YES,OLD,YES,SOMETIMES,NEVER,NEVER,SOMETIMES,NEVER,NO,SOMETIMES,NEVER,RECENT,RECENT,NOT_SURE,YES,NEVER,0.0,0.0,16.8,28.3,12.0,10.0,21.8,31.2,13.8,10.0,14,LOW
SYN-00674,Student,2026-06-18,FRIENDS,NO,PRIVATE,NOT_SURE,NOT_SURE,NO,NOT_SURE,NO,NO,YES,NOT_SURE,NO,YES,SOMETIMES,NOT_SURE,SOMETIMES,NOT_SURE,NOT_SURE,FRIENDS,SOMETIMES,NEVER,NO,FRIENDS_OF_FRIENDS,SOMETIMES,OLD,SOMETIMES,YES,FRIENDS,NO,FRIENDS,NOT_SURE,SMS,SOMETIMES,YES,NOT_SURE,OLD,NO,SOMETIMES,NEVER,YES,SOMETIMES,SOMETIMES,NOT_SURE,SOMETIMES,NOT_SURE,NO,SOMETIMES,SOMETIMES,OLD,NEVER,NOT_SURE,SOMETIMES,OFTEN,27.5,27.3,62.0,28.3,53.7,15.0,60.4,57.6,39.0,71.2,45,HIGH
SYN-00675,Job Seeker,2026-08-02,FRIENDS,NO,PRIVATE,NOT_SURE,NO,NO,NO,NOT_SURE,NOT_SURE,NO,NOT_SURE,NO,NO,SOMETIMES,SOMETIMES,NOT_SURE,NEVER,SOMETIMES,PRIVATE,SOMETIMES,NEVER,NO,FRIENDS_OF_FRIENDS,NEVER,NOT_SURE,SOMETIMES,NOT_SURE,ANYONE,NO,FRIENDS,NOT_SURE,SMS,SOMETIMES,NOT_SURE,YES,NOT_SURE,NOT_SURE,SOMETIMES,NOT_SURE,SOMETIMES,NOT_SURE,SOMETIMES,SOMETIMES,SOMETIMES,SOMETIMES,NO,SOMETIMES,NEVER,NEVER,OLD,NOT_SURE,SOMETIMES,NEVER,22.5,26.0,39.2,16.7,34.7,58.6,57.2,67.1,36.6,56.2,38,MODERATE
SYN-00676,Professional,2026-03-23,FRIENDS,NOT_SURE,FRIENDS,NOT_SURE,NO,NO,NOT_SURE,NOT_SURE,NO,NO,NO,NOT_SURE,NO,NEVER,NEVER,SOMETIMES,SOMETIMES,SOMETIMES,FRIENDS,SOMETIMES,SOMETIMES,NO,FRIENDS_OF_FRIENDS,SOMETIMES,OLD,SOMETIMES,NO,NO_ONE,NO,FRIENDS,YES,APP_OR_KEY,NOT_SURE,YES,YES,NEVER,NOT_SURE,SOMETIMES,OLD,YES,NOT_SURE,SOMETIMES,SOMETIMES,SOMETIMES,SOMETIMES,NO,NOT_SURE,SOMETIMES,OLD,OLD,NOT_SURE,SOMETIMES,SOMETIMES,41.5,22.0,26.4,41.7,53.7,40.7,30.0,46.5,45.5,54.0,37,MODERATE
SYN-00677,Professional,2026-02-27,FRIENDS,YES,FRIENDS,NO,NOT_SURE,NO,NO,NO,NO,NOT_SURE,YES,NOT_SURE,NO,SOMETIMES,SOMETIMES,NOT_SURE,NEVER,NOT_SURE,FRIENDS,NOT_SURE,NEVER,NOT_SURE,FRIENDS_OF_FRIENDS,NEVER,OLD,SOMETIMES,YES,FRIENDS,NOT_SURE,FRIENDS,YES,SMS,SOMETIMES,YES,YES,OLD,YES,SOMETIMES,NOT_SURE,YES,YES,NEVER,SOMETIMES,SOMETIMES,SOMETIMES,NO,SOMETIMES,SOMETIMES,OLD,RECENT,NOT_SURE,SOMETIMES,NEVER,42.5,24.0,38.0,35.6,29.7,25.7,26.0,28.2,42.8,31.2,33,MODERATE
SYN-00678,Student,2026-07-03,FRIENDS,NO,PRIVATE,NO,NO,NO,NO,NO,NO,NO,NO,NO,NO,NEVER,NEVER,NEVER,SOMETIMES,NEVER,PRIVATE,NEVER,NEVER,NO,FRIENDS_OF_FRIENDS,SOMETIMES,RECENT,SOMETIMES,YES,NO_ONE,NO,FRIENDS,YES,APP_OR_KEY,NEVER,NOT_SURE,NOT_SURE,RECENT,YES,SOMETIMES,OLD,YES,SOMETIMES,NEVER,NEVER,YES,SOMETIMES,NO,SOMETIMES,NEVER,OLD,RECENT,NO,SOMETIMES,NOT_SURE,10.5,0.0,9.6,0.0,42.7,5.0,17.8,31.2,19.3,28.8,15,LOW
SYN-00679,Professional,2026-03-24,PRIVATE,NO,PRIVATE,NO,NO,NO,NO,NO,NO,NO,NO,NO,NO,NEVER,NOT_SURE,NEVER,NEVER,NEVER,FRIENDS,NEVER,NEVER,NO,APPROVAL,NOT_SURE,RECENT,YES,YES,FRIENDS,NO,NO_ONE,YES,SMS,SOMETIMES,YES,YES,RECENT,YES,SOMETIMES,OLD,NOT_SURE,SOMETIMES,NEVER,NEVER,YES,NEVER,NO,YES,NOT_SURE,OLD,OLD,NO,SOMETIMES,NOT_SURE,0.0,0.0,8.0,11.7,20.0,10.0,21.4,47.6,5.2,42.5,13,LOW
SYN-00680,Job Seeker,2026-06-10,PRIVATE,NOT_SURE,PRIVATE,NO,NO,NO,NO,NO,NO,NO,NO,NO,NO,SOMETIMES,NEVER,NEVER,NEVER,NEVER,FRIENDS,NEVER,NEVER,NO,FRIENDS_OF_FRIENDS,NEVER,OLD,YES,YES,FRIENDS,NO,NO_ONE,YES,SMS,NEVER,YES,YES,OLD,YES,SOMETIMES,RECENT,YES,YES,NEVER,NEVER,YES,NEVER,NO,YES,NEVER,OLD,OLD,NO,NOT_SURE,NOT_SURE,12.0,0.0,14.4,11.7,23.0,10.0,14.3,0.0,0.0,45.5,12,LOW
SYN-00681,SMB Owner,2026-03-26,PRIVATE,NO,FRIENDS,NO,NO,NO,NOT_SURE,YES,NO,NOT_SURE,NOT_SURE,NO,NO,NEVER,SOMETIMES,SOMETIMES,NOT_SURE,SOMETIMES,PRIVATE,SOMETIMES,NOT_SURE,NOT_SURE,APPROVAL,SOMETIMES,RECENT,SOMETIMES,YES,FRIENDS,NO,FRIENDS,YES,APP_OR_KEY,SOMETIMES,YES,YES,OLD,NOT_SURE,YES,OLD,NOT_SURE,YES,NOT_SURE,SOMETIMES,NOT_SURE,NEVER,NO,YES,NEVER,OLD,RECENT,NOT_SURE,SOMETIMES,NEVER,7.0,35.3,34.4,37.8,30.7,15.0,24.0,44.7,20.0,31.2,28,MODERATE
SYN-00682,Job Seeker,2026-06-10,FRIENDS,NOT_SURE,FRIENDS,NOT_SURE,YES,NOT_SURE,NOT_SURE,NOT_SURE,NO,NOT_SURE,YES,NOT_SURE,NOT_SURE,SOMETIMES,OFTEN,SOMETIMES,SOMETIMES,SOMETIMES,FRIENDS,SOMETIMES,SOMETIMES,YES,EVERYONE,SOMETIMES,OLD,SOMETIMES,NO,FRIENDS,NOT_SURE,FRIENDS,NOT_SURE,SMS,SOMETIMES,NO,NO,NEVER,NOT_SURE,SOMETIMES,OLD,NOT_SURE,NOT_SURE,NEVER,SOMETIMES,SOMETIMES,NOT_SURE,NO,SOMETIMES,NOT_SURE,OLD,OLD,NOT_SURE,NO,SOMETIMES,51.5,52.0,66.4,58.3,68.3,61.4,72.5,52.4,39.7,61.5,59,HIGH
SYN-00683,Professional,2026-03-27,PRIVATE,NO,FRIENDS,NO,NO,NO,NO,NOT_SURE,NO,NO,NO,NO,NO,NOT_SURE,NEVER,NEVER,SOMETIMES,NEVER,PRIVATE,NEVER,NEVER,NO,APPROVAL,NEVER,RECENT,YES,YES,FRIENDS,NO,FRIENDS,YES,APP_OR_KEY,NEVER,YES,NOT_SURE,OLD,YES,YES,RECENT,YES,YES,NEVER,NEVER,YES,NEVER,NO,YES,NOT_SURE,RECENT,RECENT,NO,YES,NEVER,7.0,8.0,21.6,0.0,0.0,15.0,12.4,0.0,5.2,0.0,8,LOW
SYN-00684,Student,2026-01-22,PRIVATE,NO,PRIVATE,NO,NO,NO,NO,NO,NO,NOT_SURE,NO,NOT_SURE,NO,SOMETIMES,SOMETIMES,NOT_SURE,NEVER,NEVER,FRIENDS,NEVER,NOT_SURE,NO,FRIENDS_OF_FRIENDS,NEVER,OLD,YES,NOT_SURE,FRIENDS,YES,FRIENDS,YES,SMS,SOMETIMES,YES,NOT_SURE,OLD,YES,SOMETIMES,RECENT,YES,SOMETIMES,NEVER,NOT_SURE,SOMETIMES,NEVER,NO,SOMETIMES,NEVER,RECENT,OLD,NO,SOMETIMES,NEVER,0.0,14.0,32.0,22.8,23.0,61.4,33.8,11.8,22.4,21.2,24,MODERATE
SYN-00685,SMB Owner,2026-02-20,FRIENDS,NO,FRIENDS,NO,NO,NO,NO,NO,NO,NOT_SURE,NO,NO,NO,NEVER,NEVER,NEVER,NEVER,NEVER,FRIENDS,NEVER,NEVER,NO,FRIENDS_OF_FRIENDS,NEVER,OLD,SOMETIMES,NOT_SURE,NO_ONE,NO,NO_ONE,YES,SMS,SOMETIMES,YES,YES,OLD,YES,YES,RECENT,SOMETIMES,YES,NEVER,NEVER,YES,NEVER,NO,YES,NOT_SURE,OLD,RECENT,NOT_SURE,SOMETIMES,NEVER,17.5,8.0,0.0,11.7,29.7,25.0,21.8,11.8,5.2,31.2,14,LOW
SYN-00686,Student,2025-11-26,FRIENDS,NOT_SURE,PRIVATE,NO,NOT_SURE,NOT_SURE,NO,NOT_SURE,NO,NOT_SURE,NOT_SURE,NO,NOT_SURE,SOMETIMES,SOMETIMES,NOT_SURE,NOT_SURE,SOMETIMES,PRIVATE,SOMETIMES,SOMETIMES,NOT_SURE,FRIENDS_OF_FRIENDS,SOMETIMES,OLD,SOMETIMES,YES,FRIENDS,NOT_SURE,FRIENDS,NOT_SURE,SMS,SOMETIMES,NO,NOT_SURE,OLD,NOT_SURE,NOT_SURE,OLD,SOMETIMES,NOT_SURE,NOT_SURE,SOMETIMES,NOT_SURE,SOMETIMES,NOT_SURE,NOT_SURE,SOMETIMES,OLD,OLD,NOT_SURE,SOMETIMES,NOT_SURE,27.5,34.0,56.8,40.0,53.7,25.7,67.1,56.5,60.3,52.5,49,HIGH
SYN-00687,Student,2026-04-25,PRIVATE,YES,FRIENDS,YES,NOT_SURE,NOT_SURE,NO,NOT_SURE,NOT_SURE,NO,NOT_SURE,NOT_SURE,NOT_SURE,SOMETIMES,SOMETIMES,SOMETIMES,NOT_SURE,NOT_SURE,FRIENDS,NEVER,NOT_SURE,NO,FRIENDS_OF_FRIENDS,NOT_SURE,OLD,SOMETIMES,NO,FRIENDS,YES,NO_ONE,NO,NONE,SOMETIMES,YES,YES,OLD,NOT_SURE,SOMETIMES,OLD,SOMETIMES,SOMETIMES,SOMETIMES,NOT_SURE,SOMETIMES,SOMETIMES,NO,SOMETIMES,SOMETIMES,NEVER,NEVER,NOT_SURE,YES,SOMETIMES,52.0,44.0,57.2,22.8,49.7,67.1,61.5,53.5,41.0,69.0,50,HIGH
SYN-00688,Job Seeker,2025-12-01,FRIENDS,NOT_SURE,PUBLIC,NOT_SURE,NOT_SURE,NO,NO,NO,NO,NO,NO,NO,NOT_SURE,NOT_SURE,NEVER,SOMETIMES,NOT_SURE,NEVER,FRIENDS,SOMETIMES,NOT_SURE,NO,APPROVAL,NOT_SURE,RECENT,YES,YES,FRIENDS,NO,FRIENDS,YES,APP_OR_KEY,NOT_SURE,YES,YES,RECENT,YES,SOMETIMES,OLD,SOMETIMES,YES,SOMETIMES,SOMETIMES,YES,SOMETIMES,NO,SOMETIMES,NEVER,OLD,OLD,NO,NO,NOT_SURE,59.5,0.0,39.2,39.4,20.0,15.0,13.9,41.8,29.7,50.0,28,MODERATE
SYN-00689,Professional,2025-12-06,FRIENDS,NO,FRIENDS,NOT_SURE,NO,NO,NOT_SURE,NOT_SURE,NO,NO,NO,NO,NOT_SURE,NOT_SURE,NOT_SURE,NEVER,SOMETIMES,SOMETIMES,FRIENDS,SOMETIMES,NOT_SURE,NO,FRIENDS_OF_FRIENDS,NOT_SURE,OLD,SOMETIMES,YES,FRIENDS,NO,FRIENDS,NO,NONE,SOMETIMES,NOT_SURE,NO,NOT_SURE,YES,SOMETIMES,OLD,SOMETIMES,NOT_SURE,SOMETIMES,NEVER,NOT_SURE,NEVER,NO,YES,OFTEN,NOT_SURE,OLD,NO,SOMETIMES,NEVER,29.5,16.0,46.4,39.4,49.7,15.0,72.8,58.2,20.0,41.2,40,MODERATE
SYN-00690,Student,2026-05-11,PUBLIC,NOT_SURE,PUBLIC,NOT_SURE,NOT_SURE,NOT_SURE,YES,YES,NOT_SURE,YES,NOT_SURE,YES,YES,SOMETIMES,OFTEN,SOMETIMES,OFTEN,NOT_SURE,PUBLIC,OFTEN,SOMETIMES,NOT_SURE,EVERYONE,OFTEN,OLD,NO,NOT_SURE,ANYONE,YES,ANYONE,NO,NONE,SOMETIMES,NO,NO,NOT_SURE,NOT_SURE,SOMETIMES,NEVER,NO,SOMETIMES,OFTEN,OFTEN,NO,SOMETIMES,NOT_SURE,SOMETIMES,SOMETIMES,NOT_SURE,NEVER,YES,NO,OFTEN,79.0,80.0,78.0,84.4,91.0,89.3,83.1,88.2,68.6,95.0,82,CRITICAL
SYN-00691,Professional,2025-12-21,PRIVATE,NO,PRIVATE,NO,NOT_SURE,NO,NO,NO,NO,NO,NO,NO,NO,NOT_SURE,NEVER,NEVER,NEVER,NEVER,FRIENDS,NOT_SURE,NOT_SURE,NO,APPROVAL,SOMETIMES,RECENT,YES,YES,FRIENDS,NO,FRIENDS,NOT_SURE,APP_OR_KEY,NOT_SURE,YES,NOT_SURE,OLD,NOT_SURE,SOMETIMES,OLD,SOMETIMES,YES,NEVER,SOMETIMES,YES,NEVER,NO,SOMETIMES,NEVER,OLD,RECENT,NO,YES,NEVER,5.0,0.0,12.0,36.7,24.0,15.0,49.6,31.2,17.2,13.8,21,MODERATE
SYN-00692,Student,2026-08-06,PUBLIC,NO,FRIENDS,NOT_SURE,NOT_SURE,NOT_SURE,NO,NO,NOT_SURE,NOT_SURE,NOT_SURE,NOT_SURE,YES,SOMETIMES,SOMETIMES,SOMETIMES,SOMETIMES,NOT_SURE,PUBLIC,SOMETIMES,SOMETIMES,YES,FRIENDS_OF_FRIENDS,SOMETIMES,OLD,SOMETIMES,NO,ANYONE,NOT_SURE,ANYONE,NOT_SURE,SMS,NEVER,NO,NOT_SURE,OLD,NOT_SURE,SOMETIMES,NOT_SURE,SOMETIMES,NOT_SURE,SOMETIMES,SOMETIMES,SOMETIMES,SOMETIMES,NOT_SURE,YES,NOT_SURE,OLD,NEVER,YES,SOMETIMES,NOT_SURE,54.0,44.0,65.2,80.0,53.7,89.3,53.7,67.1,46.9,73.8,59,HIGH
SYN-00693,SMB Owner,2026-03-28,PRIVATE,NOT_SURE,FRIENDS,NO,NOT_SURE,NOT_SURE,NO,NOT_SURE,NO,NOT_SURE,NO,NOT_SURE,NO,SOMETIMES,NOT_SURE,SOMETIMES,NEVER,SOMETIMES,FRIENDS,NOT_SURE,NOT_SURE,NO,FRIENDS_OF_FRIENDS,NEVER,OLD,NOT_SURE,YES,FRIENDS,NOT_SURE,FRIENDS,YES,SMS,NEVER,NOT_SURE,NOT_SURE,NEVER,YES,SOMETIMES,OLD,SOMETIMES,SOMETIMES,SOMETIMES,SOMETIMES,SOMETIMES,NEVER,NO,SOMETIMES,NEVER,RECENT,OLD,NO,NO,SOMETIMES,24.0,34.0,39.2,36.7,32.3,25.7,31.7,53.5,24.1,37.8,33,MODERATE
SYN-00694,Job Seeker,2026-04-04,FRIENDS,YES,PUBLIC,NOT_SURE,NOT_SURE,NO,NOT_SURE,NO,NO,NO,YES,NOT_SURE,NO,NOT_SURE,SOMETIMES,NOT_SURE,SOMETIMES,OFTEN,FRIENDS,NEVER,SOMETIMES,NOT_SURE,FRIENDS_OF_FRIENDS,SOMETIMES,NEVER,SOMETIMES,NOT_SURE,FRIENDS,NOT_SURE,FRIENDS,YES,SMS,SOMETIMES,NOT_SURE,NO,OLD,NOT_SURE,NOT_SURE,OLD,NO,NOT_SURE,SOMETIMES,NOT_SURE,SOMETIMES,SOMETIMES,NO,YES,SOMETIMES,NEVER,NEVER,NOT_SURE,SOMETIMES,NEVER,67.5,24.0,51.2,35.0,62.7,50.7,52.4,70.0,34.1,67.5,48,HIGH
SYN-00695,SMB Owner,2026-08-10,FRIENDS,NOT_SURE,PRIVATE,NOT_SURE,NO,NO,NO,NOT_SURE,NO,NOT_SURE,NO,NO,NO,NEVER,NOT_SURE,NOT_SURE,SOMETIMES,NEVER,FRIENDS,SOMETIMES,NEVER,NOT_SURE,APPROVAL,SOMETIMES,NOT_SURE,YES,YES,FRIENDS,NO,FRIENDS,NOT_SURE,NOT_SURE,NOT_SURE,NOT_SURE,NO,NOT_SURE,NOT_SURE,YES,OLD,SOMETIMES,SOMETIMES,SOMETIMES,NOT_SURE,SOMETIMES,NEVER,NO,YES,SOMETIMES,OLD,OLD,YES,NOT_SURE,NEVER,34.5,16.0,25.6,38.3,40.0,15.0,64.4,53.5,21.7,58.0,36,MODERATE
SYN-00696,Student,2026-07-12,FRIENDS,NOT_SURE,FRIENDS,NOT_SURE,NO,NO,NOT_SURE,NOT_SURE,NO,NOT_SURE,YES,NOT_SURE,NOT_SURE,NEVER,SOMETIMES,SOMETIMES,SOMETIMES,SOMETIMES,PUBLIC,NEVER,SOMETIMES,NO,FRIENDS_OF_FRIENDS,SOMETIMES,NEVER,NOT_SURE,NOT_SURE,ANYONE,NOT_SURE,FRIENDS,NOT_SURE,SMS,NOT_SURE,NO,YES,OLD,YES,SOMETIMES,NOT_SURE,SOMETIMES,SOMETIMES,SOMETIMES,OFTEN,SOMETIMES,NOT_SURE,NO,SOMETIMES,SOMETIMES,NEVER,NEVER,YES,SOMETIMES,SOMETIMES,41.5,40.0,45.6,46.7,65.3,69.3,47.9,62.4,47.6,86.5,51,HIGH
SYN-00697,Job Seeker,2026-04-09,PRIVATE,NOT_SURE,PRIVATE,NOT_SURE,NOT_SURE,NO,NO,NOT_SURE,NO,YES,NOT_SURE,YES,YES,SOMETIMES,NEVER,NOT_SURE,SOMETIMES,NOT_SURE,PUBLIC,SOMETIMES,NOT_SURE,NOT_SURE,FRIENDS_OF_FRIENDS,OFTEN,OLD,SOMETIMES,NO,FRIENDS,NO,FRIENDS,YES,SMS,NOT_SURE,NOT_SURE,YES,OLD,NOT_SURE,NO,OLD,NOT_SURE,SOMETIMES,NEVER,NOT_SURE,SOMETIMES,SOMETIMES,NO,SOMETIMES,SOMETIMES,OLD,NEVER,NO,SOMETIMES,NEVER,29.0,37.3,54.0,71.1,69.7,50.7,41.8,47.6,41.0,46.2,48,HIGH
SYN-00698,Professional,2026-08-11,FRIENDS,NOT_SURE,FRIENDS,NO,NO,NO,NO,NO,NO,NO,NO,NO,NO,NEVER,NEVER,NEVER,NEVER,NEVER,FRIENDS,NEVER,SOMETIMES,NOT_SURE,APPROVAL,SOMETIMES,OLD,YES,YES,NO_ONE,NOT_SURE,FRIENDS,YES,APP_OR_KEY,SOMETIMES,NOT_SURE,YES,OLD,NOT_SURE,SOMETIMES,OLD,SOMETIMES,SOMETIMES,NEVER,SOMETIMES,YES,NOT_SURE,NO,YES,SOMETIMES,OLD,RECENT,NO,SOMETIMES,NEVER,29.5,0.0,0.0,35.0,35.0,15.7,34.0,42.9,26.9,21.2,22,MODERATE
SYN-00699,Educator,2025-10-23,FRIENDS,YES,PUBLIC,NOT_SURE,NOT_SURE,NOT_SURE,YES,YES,NOT_SURE,YES,YES,NOT_SURE,YES,SOMETIMES,OFTEN,SOMETIMES,SOMETIMES,OFTEN,FRIENDS,NOT_SURE,OFTEN,YES,FRIENDS_OF_FRIENDS,SOMETIMES,OLD,SOMETIMES,NO,FRIENDS,NOT_SURE,ANYONE,NOT_SURE,SMS,NEVER,NO,NOT_SURE,NOT_SURE,NOT_SURE,NO,OLD,SOMETIMES,NOT_SURE,OFTEN,SOMETIMES,NO,OFTEN,NOT_SURE,SOMETIMES,OFTEN,NEVER,NEVER,YES,SOMETIMES,SOMETIMES,67.5,80.0,77.6,64.4,53.7,70.7,60.0,65.3,74.1,86.5,70,HIGH
SYN-00700,Professional,2026-04-07,PRIVATE,NO,PRIVATE,NO,NOT_SURE,NOT_SURE,NOT_SURE,NOT_SURE,NOT_SURE,YES,YES,NOT_SURE,NOT_SURE,SOMETIMES,NOT_SURE,SOMETIMES,NOT_SURE,NEVER,FRIENDS,SOMETIMES,SOMETIMES,NOT_SURE,FRIENDS_OF_FRIENDS,NOT_SURE,NOT_SURE,NO,NOT_SURE,FRIENDS,NOT_SURE,ANYONE,NOT_SURE,APP_OR_KEY,NOT_SURE,NO,NOT_SURE,NEVER,NOT_SURE,NOT_SURE,NEVER,SOMETIMES,YES,SOMETIMES,NOT_SURE,SOMETIMES,OFTEN,NO,NOT_SURE,SOMETIMES,NOT_SURE,OLD,NOT_SURE,SOMETIMES,SOMETIMES,5.0,69.3,49.6,51.7,61.3,60.0,63.3,57.6,52.1,60.2,53,HIGH
SYN-00701,Student,2026-06-20,PUBLIC,NOT_SURE,FRIENDS,YES,NO,YES,YES,NOT_SURE,NOT_SURE,NOT_SURE,NOT_SURE,YES,YES,NOT_SURE,SOMETIMES,NOT_SURE,OFTEN,SOMETIMES,FRIENDS,OFTEN,SOMETIMES,NOT_SURE,FRIENDS_OF_FRIENDS,OFTEN,OLD,NO,NO,FRIENDS,NO,ANYONE,NO,NONE,SOMETIMES,NO,NOT_SURE,NOT_SURE,NOT_SURE,SOMETIMES,OLD,NOT_SURE,NOT_SURE,NOT_SURE,SOMETIMES,NO,NEVER,NO,NO,NOT_SURE,OLD,NOT_SURE,NOT_SURE,NO,SOMETIMES,69.0,77.3,68.8,62.8,76.3,60.0,79.7,61.2,43.1,67.8,68,HIGH
SYN-00702,Job Seeker,2026-04-20,PRIVATE,NOT_SURE,PRIVATE,NO,NO,NO,NO,NO,NO,NO,NO,NO,NO,NOT_SURE,NEVER,SOMETIMES,NEVER,NEVER,FRIENDS,NEVER,NEVER,NO,FRIENDS_OF_FRIENDS,NOT_SURE,RECENT,YES,YES,NO_ONE,NO,FRIENDS,YES,APP_OR_KEY,NEVER,YES,YES,OLD,NOT_SURE,YES,OLD,SOMETIMES,YES,SOMETIMES,NEVER,YES,NEVER,NO,SOMETIMES,NEVER,RECENT,OLD,NOT_SURE,SOMETIMES,NEVER,12.0,0.0,21.6,11.7,32.0,5.0,12.4,41.8,6.9,31.2,15,LOW
SYN-00703,Professional,2026-03-20,PRIVATE,NO,PRIVATE,NOT_SURE,NO,NO,NO,NO,NO,NOT_SURE,NO,NO,NO,SOMETIMES,NEVER,NEVER,NEVER,NEVER,PRIVATE,NOT_SURE,NEVER,NO,FRIENDS_OF_FRIENDS,NEVER,RECENT,YES,YES,NO_ONE,NO,FRIENDS,YES,APP_OR_KEY,NEVER,NOT_SURE,YES,RECENT,YES,NOT_SURE,OLD,YES,NOT_SURE,NEVER,NEVER,YES,NEVER,NO,YES,NEVER,RECENT,OLD,NOT_SURE,YES,NEVER,12.0,8.0,14.4,13.9,12.0,5.0,11.7,35.9,0.0,23.8,12,LOW
SYN-00704,Job Seeker,2026-02-10,FRIENDS,NOT_SURE,FRIENDS,YES,NOT_SURE,NOT_SURE,NOT_SURE,NO,NO,YES,YES,YES,NOT_SURE,OFTEN,SOMETIMES,NOT_SURE,SOMETIMES,SOMETIMES,FRIENDS,SOMETIMES,SOMETIMES,NOT_SURE,FRIENDS_OF_FRIENDS,SOMETIMES,NOT_SURE,SOMETIMES,NO,FRIENDS,YES,ANYONE,NO,NONE,SOMETIMES,NOT_SURE,NO,NEVER,NOT_SURE,YES,OLD,SOMETIMES,SOMETIMES,NEVER,NOT_SURE,SOMETIMES,NOT_SURE,NOT_SURE,NO,NOT_SURE,NEVER,OLD,NOT_SURE,SOMETIMES,NOT_SURE,54.5,53.3,68.0,51.7,58.7,81.4,78.1,42.9,56.9,63.8,61,HIGH
SYN-00705,Student,2026-07-31,PUBLIC,NOT_SURE,PUBLIC,NOT_SURE,NOT_SURE,NOT_SURE,NOT_SURE,NOT_SURE,YES,NOT_SURE,YES,NOT_SURE,NOT_SURE,SOMETIMES,SOMETIMES,OFTEN,SOMETIMES,SOMETIMES,PUBLIC,OFTEN,OFTEN,YES,FRIENDS_OF_FRIENDS,SOMETIMES,NOT_SURE,SOMETIMES,NO,FRIENDS,YES,ANYONE,NO,NONE,OFTEN,NOT_SURE,NO,NEVER,NOT_SURE,NO,NEVER,NOT_SURE,SOMETIMES,NOT_SURE,OFTEN,NOT_SURE,NOT_SURE,NOT_SURE,SOMETIMES,NOT_SURE,NOT_SURE,NEVER,YES,NO,SOMETIMES,79.0,72.0,66.4,100.0,58.7,81.4,94.2,72.4,61.4,89.0,77,CRITICAL
SYN-00706,Student,2025-10-12,FRIENDS,YES,FRIENDS,NOT_SURE,YES,NO,NO,NOT_SURE,NOT_SURE,NOT_SURE,NOT_SURE,NOT_SURE,YES,OFTEN,SOMETIMES,SOMETIMES,SOMETIMES,SOMETIMES,FRIENDS,SOMETIMES,NOT_SURE,NOT_SURE,FRIENDS_OF_FRIENDS,SOMETIMES,OLD,SOMETIMES,NO,ANYONE,NOT_SURE,FRIENDS,NO,NONE,NOT_SURE,NO,YES,OLD,YES,SOMETIMES,NEVER,SOMETIMES,SOMETIMES,NOT_SURE,OFTEN,NO,SOMETIMES,NOT_SURE,SOMETIMES,OFTEN,OLD,OLD,YES,NO,SOMETIMES,59.5,40.0,76.0,49.4,53.7,80.0,60.1,67.6,72.8,71.5,61,HIGH
SYN-00707,Job Seeker,2026-05-15,PUBLIC,YES,FRIENDS,YES,YES,YES,YES,YES,YES,YES,YES,YES,YES,OFTEN,SOMETIMES,OFTEN,OFTEN,SOMETIMES,PUBLIC,SOMETIMES,SOMETIMES,NOT_SURE,EVERYONE,SOMETIMES,OLD,NOT_SURE,NO,ANYONE,YES,ANYONE,NO,NONE,OFTEN,NO,NO,OLD,NOT_SURE,NO,NEVER,NOT_SURE,SOMETIMES,OFTEN,OFTEN,SOMETIMES,SOMETIMES,NOT_SURE,NO,SOMETIMES,NEVER,NEVER,YES,NO,OFTEN,87.0,100.0,88.8,73.3,71.0,100.0,92.9,81.2,68.6,100.0,86,CRITICAL
SYN-00708,Job Seeker,2026-01-08,FRIENDS,NO,FRIENDS,NO,NO,NO,NO,NO,NO,NO,NOT_SURE,NO,NO,NEVER,NOT_SURE,NEVER,NEVER,NEVER,FRIENDS,SOMETIMES,SOMETIMES,NO,FRIENDS_OF_FRIENDS,NEVER,OLD,YES,YES,FRIENDS,NOT_SURE,NO_ONE,YES,APP_OR_KEY,NOT_SURE,YES,NOT_SURE,OLD,NOT_SURE,YES,OLD,YES,SOMETIMES,NEVER,NOT_SURE,YES,NEVER,NO,YES,SOMETIMES,OLD,RECENT,NO,NOT_SURE,NOT_SURE,17.5,6.0,8.0,41.7,23.0,20.7,29.9,31.2,14.8,31.8,20,LOW
SYN-00709,Educator,2025-12-05,PRIVATE,NO,PRIVATE,YES,NOT_SURE,NO,NO,NOT_SURE,NO,NOT_SURE,NO,NO,NO,SOMETIMES,NEVER,SOMETIMES,SOMETIMES,SOMETIMES,FRIENDS,SOMETIMES,SOMETIMES,NOT_SURE,FRIENDS_OF_FRIENDS,SOMETIMES,OLD,YES,NOT_SURE,FRIENDS,NOT_SURE,FRIENDS,NOT_SURE,SMS,NOT_SURE,YES,NOT_SURE,RECENT,NOT_SURE,NOT_SURE,OLD,YES,YES,NOT_SURE,NEVER,SOMETIMES,SOMETIMES,NO,SOMETIMES,OFTEN,RECENT,OLD,NOT_SURE,NOT_SURE,NEVER,25.0,16.0,40.8,51.7,47.0,50.7,52.2,28.2,36.6,34.2,38,MODERATE
SYN-00710,Professional,2026-06-05,FRIENDS,NOT_SURE,FRIENDS,NOT_SURE,NOT_SURE,NOT_SURE,NO,NOT_SURE,NO,NOT_SURE,NO,NO,NO,NEVER,SOMETIMES,NOT_SURE,NEVER,SOMETIMES,FRIENDS,SOMETIMES,NOT_SURE,NOT_SURE,FRIENDS_OF_FRIENDS,NEVER,OLD,NO,NOT_SURE,FRIENDS,NO,FRIENDS,NOT_SURE,SMS,NEVER,NOT_SURE,YES,NOT_SURE,NOT_SURE,SOMETIMES,NOT_SURE,SOMETIMES,SOMETIMES,SOMETIMES,NOT_SURE,YES,NEVER,NO,SOMETIMES,NOT_SURE,OLD,OLD,NO,SOMETIMES,NEVER,46.5,28.0,24.8,49.4,36.3,40.0,45.6,62.4,20.7,35.0,37,MODERATE
SYN-00711,Student,2026-03-31,FRIENDS,NOT_SURE,FRIENDS,YES,YES,YES,NOT_SURE,YES,NOT_SURE,YES,YES,NOT_SURE,YES,SOMETIMES,OFTEN,SOMETIMES,SOMETIMES,SOMETIMES,FRIENDS,OFTEN,OFTEN,YES,FRIENDS_OF_FRIENDS,SOMETIMES,NOT_SURE,NOT_SURE,NO,FRIENDS,YES,ANYONE,NOT_SURE,SMS,SOMETIMES,NOT_SURE,NO,NEVER,NOT_SURE,SOMETIMES,NOT_SURE,SOMETIMES,SOMETIMES,SOMETIMES,OFTEN,SOMETIMES,NOT_SURE,NOT_SURE,NO,OFTEN,OLD,OLD,YES,NO,SOMETIMES,59.5,82.7,72.8,78.3,61.3,81.4,70.0,62.4,70.7,71.5,72,CRITICAL
SYN-00712,Student,2026-04-03,PRIVATE,NO,PRIVATE,NO,NO,NO,NOT_SURE,NO,NO,NO,NO,NO,NO,NEVER,NOT_SURE,NEVER,NEVER,SOMETIMES,FRIENDS,NEVER,NEVER,NO,APPROVAL,NEVER,OLD,YES,YES,NO_ONE,NO,FRIENDS,YES,APP_OR_KEY,NEVER,YES,NOT_SURE,OLD,YES,SOMETIMES,OLD,SOMETIMES,YES,NEVER,NOT_SURE,SOMETIMES,NEVER,NO,YES,NEVER,OLD,RECENT,YES,SOMETIMES,NEVER,0.0,8.0,15.2,11.7,11.0,5.0,16.5,31.2,15.5,41.2,14,LOW
SYN-00713,Student,2026-05-08,FRIENDS,NOT_SURE,FRIENDS,NOT_SURE,NO,NO,NO,NO,NO,NO,YES,NOT_SURE,NO,SOMETIMES,NEVER,NEVER,SOMETIMES,NEVER,PRIVATE,NOT_SURE,SOMETIMES,NOT_SURE,APPROVAL,NOT_SURE,OLD,SOMETIMES,NOT_SURE,ANYONE,NOT_SURE,ANYONE,YES,SMS,NEVER,YES,NOT_SURE,NEVER,NOT_SURE,YES,NOT_SURE,NOT_SURE,YES,NOT_SURE,SOMETIMES,YES,NOT_SURE,NO,YES,NOT_SURE,NOT_SURE,RECENT,NO,SOMETIMES,NOT_SURE,41.5,16.0,24.0,37.2,37.7,78.6,29.4,53.5,25.9,35.0,33,MODERATE
SYN-00714,Educator,2026-08-25,PRIVATE,NO,PRIVATE,NO,NO,NO,NO,NO,NO,NO,NO,NO,NO,NEVER,NEVER,NEVER,NEVER,NEVER,FRIENDS,NEVER,NEVER,NO,APPROVAL,NEVER,RECENT,YES,YES,NO_ONE,NO,FRIENDS,YES,APP_OR_KEY,NOT_SURE,YES,YES,RECENT,YES,YES,RECENT,SOMETIMES,YES,NEVER,NEVER,SOMETIMES,NEVER,NO,YES,SOMETIMES,OLD,RECENT,NO,SOMETIMES,NEVER,0.0,0.0,0.0,11.7,0.0,5.0,9.7,11.8,13.1,21.2,6,LOW
SYN-00715,Job Seeker,2025-10-20,PRIVATE,NO,PUBLIC,NO,YES,NO,NO,NO,NO,NO,NO,NO,NO,NOT_SURE,NOT_SURE,NOT_SURE,NEVER,SOMETIMES,FRIENDS,NEVER,NOT_SURE,NO,FRIENDS_OF_FRIENDS,SOMETIMES,OLD,SOMETIMES,YES,FRIENDS,NO,FRIENDS,YES,SMS,NEVER,NOT_SURE,YES,OLD,NOT_SURE,SOMETIMES,NEVER,SOMETIMES,SOMETIMES,NOT_SURE,SOMETIMES,SOMETIMES,SOMETIMES,NO,SOMETIMES,NOT_SURE,OLD,NOT_SURE,NO,SOMETIMES,NEVER,30.0,0.0,35.2,22.8,53.7,15.0,27.9,67.6,41.7,41.2,30,MODERATE
SYN-00716,Student,2026-03-25,PUBLIC,NOT_SURE,FRIENDS,NOT_SURE,NOT_SURE,NOT_SURE,NO,NOT_SURE,NO,YES,NOT_SURE,NOT_SURE,NOT_SURE,NOT_SURE,SOMETIMES,OFTEN,SOMETIMES,NEVER,FRIENDS,SOMETIMES,SOMETIMES,NOT_SURE,FRIENDS_OF_FRIENDS,SOMETIMES,OLD,SOMETIMES,NOT_SURE,FRIENDS,YES,FRIENDS,NO,NONE,NOT_SURE,NOT_SURE,NO,NOT_SURE,NOT_SURE,NOT_SURE,NEVER,YES,SOMETIMES,SOMETIMES,OFTEN,SOMETIMES,SOMETIMES,NOT_SURE,SOMETIMES,SOMETIMES,NEVER,NEVER,YES,NO,SOMETIMES,66.0,45.3,56.8,51.7,53.7,61.4,80.3,57.6,61.7,94.0,61,HIGH
SYN-00717,Professional,2025-11-14,PRIVATE,NO,PRIVATE,NO,NOT_SURE,NO,NO,NO,NO,NO,NO,NO,NO,NEVER,NOT_SURE,NEVER,SOMETIMES,NEVER,FRIENDS,NOT_SURE,SOMETIMES,NO,APPROVAL,NEVER,RECENT,YES,YES,NO_ONE,NO,NO_ONE,YES,APP_OR_KEY,NEVER,YES,YES,OLD,YES,YES,OLD,SOMETIMES,YES,NEVER,SOMETIMES,YES,NEVER,NO,YES,NEVER,RECENT,RECENT,NO,SOMETIMES,NEVER,5.0,0.0,17.6,38.9,0.0,0.0,4.6,31.2,10.3,7.5,11,LOW
SYN-00718,Professional,2026-06-03,PRIVATE,NOT_SURE,PRIVATE,NOT_SURE,NO,NO,NOT_SURE,NO,NO,NO,YES,NOT_SURE,YES,SOMETIMES,SOMETIMES,NOT_SURE,NEVER,NOT_SURE,FRIENDS,SOMETIMES,SOMETIMES,NO,FRIENDS_OF_FRIENDS,NEVER,OLD,YES,YES,FRIENDS,NO,FRIENDS,YES,APP_OR_KEY,NOT_SURE,NOT_SURE,NO,OLD,YES,SOMETIMES,OLD,YES,YES,NEVER,NOT_SURE,YES,NOT_SURE,NO,SOMETIMES,NEVER,OLD,OLD,NOT_SURE,NOT_SURE,NEVER,24.0,24.0,54.0,41.7,23.0,15.0,35.4,19.4,25.9,48.0,33,MODERATE
SYN-00719,Professional,2026-03-06,FRIENDS,YES,FRIENDS,NOT_SURE,NOT_SURE,NOT_SURE,YES,YES,NOT_SURE,NOT_SURE,NOT_SURE,NO,YES,NEVER,SOMETIMES,NEVER,SOMETIMES,SOMETIMES,PUBLIC,OFTEN,SOMETIMES,NO,EVERYONE,NOT_SURE,OLD,SOMETIMES,YES,FRIENDS,YES,FRIENDS,NO,NONE,SOMETIMES,NOT_SURE,NO,OLD,NOT_SURE,YES,NEVER,NOT_SURE,NO,SOMETIMES,NOT_SURE,NOT_SURE,NEVER,NO,SOMETIMES,SOMETIMES,OLD,NEVER,YES,SOMETIMES,NEVER,54.5,64.7,42.4,74.4,64.3,36.4,74.3,85.9,31.4,66.2,59,HIGH
SYN-00720,SMB Owner,2025-11-27,FRIENDS,NOT_SURE,PUBLIC,NOT_SURE,YES,NOT_SURE,YES,NOT_SURE,NO,NOT_SURE,NOT_SURE,NOT_SURE,YES,OFTEN,NOT_SURE,NOT_SURE,NOT_SURE,OFTEN,PUBLIC,SOMETIMES,SOMETIMES,YES,EVERYONE,SOMETIMES,OLD,NO,NOT_SURE,ANYONE,YES,FRIENDS,NO,NONE,OFTEN,NOT_SURE,NOT_SURE,NEVER,NO,NO,NOT_SURE,NO,NO,SOMETIMES,SOMETIMES,SOMETIMES,OFTEN,NOT_SURE,SOMETIMES,SOMETIMES,NOT_SURE,NEVER,NOT_SURE,NOT_SURE,OFTEN,64.5,53.3,76.0,80.0,75.0,80.0,94.2,85.9,63.1,80.5,74,CRITICAL
SYN-00721,Educator,2025-12-27,FRIENDS,NO,PRIVATE,NO,NOT_SURE,NO,NO,NO,NO,NO,NOT_SURE,NO,NO,NEVER,NEVER,NOT_SURE,NOT_SURE,NEVER,PRIVATE,NOT_SURE,SOMETIMES,NO,FRIENDS_OF_FRIENDS,SOMETIMES,OLD,SOMETIMES,NOT_SURE,NO_ONE,NO,FRIENDS,YES,APP_OR_KEY,NEVER,NOT_SURE,YES,OLD,NOT_SURE,SOMETIMES,OLD,YES,SOMETIMES,NEVER,NEVER,SOMETIMES,NEVER,NO,YES,NEVER,OLD,OLD,NOT_SURE,SOMETIMES,SOMETIMES,15.5,6.0,16.0,27.2,53.7,30.0,22.4,31.2,6.9,54.0,23,MODERATE
SYN-00722,SMB Owner,2026-09-15,PUBLIC,NOT_SURE,PUBLIC,NOT_SURE,NOT_SURE,NOT_SURE,NOT_SURE,YES,NOT_SURE,NOT_SURE,YES,NO,YES,SOMETIMES,NOT_SURE,SOMETIMES,SOMETIMES,NOT_SURE,FRIENDS,SOMETIMES,SOMETIMES,YES,FRIENDS_OF_FRIENDS,SOMETIMES,NEVER,NO,NO,FRIENDS,YES,FRIENDS,NO,NONE,OFTEN,NO,NO,NEVER,NO,SOMETIMES,NEVER,NOT_SURE,SOMETIMES,OFTEN,OFTEN,NO,OFTEN,NOT_SURE,NO,SOMETIMES,OLD,NOT_SURE,YES,NO,OFTEN,79.0,63.3,63.6,58.3,69.3,72.1,95.8,81.2,83.8,83.8,74,CRITICAL
SYN-00723,Job Seeker,2026-05-10,FRIENDS,NO,PRIVATE,NO,NO,NO,NOT_SURE,NO,NO,NO,NO,NO,NO,NOT_SURE,NOT_SURE,NEVER,NEVER,NEVER,FRIENDS,SOMETIMES,NEVER,NO,APPROVAL,NEVER,RECENT,YES,YES,NO_ONE,NO,NO_ONE,YES,APP_OR_KEY,NEVER,NOT_SURE,YES,OLD,YES,YES,OLD,YES,YES,NEVER,NOT_SURE,SOMETIMES,NEVER,NO,YES,NEVER,RECENT,RECENT,NO,SOMETIMES,NEVER,10.5,8.0,20.0,28.3,0.0,0.0,10.4,19.4,15.5,7.5,13,LOW
SYN-00724,Student,2025-12-18,FRIENDS,NO,FRIENDS,NOT_SURE,NO,NO,NOT_SURE,NO,NO,NO,NOT_SURE,NO,NO,NEVER,SOMETIMES,SOMETIMES,SOMETIMES,NEVER,FRIENDS,SOMETIMES,SOMETIMES,NO,FRIENDS_OF_FRIENDS,NEVER,OLD,SOMETIMES,NOT_SURE,FRIENDS,NOT_SURE,FRIENDS,YES,SMS,SOMETIMES,YES,NO,RECENT,YES,SOMETIMES,NEVER,SOMETIMES,SOMETIMES,NEVER,NEVER,YES,NEVER,NO,YES,NOT_SURE,NEVER,OLD,YES,SOMETIMES,NOT_SURE,29.5,14.0,28.8,41.7,29.7,50.7,32.5,58.8,5.2,73.8,31,MODERATE
SYN-00725,SMB Owner,2025-12-16,PUBLIC,NOT_SURE,PUBLIC,YES,NOT_SURE,NOT_SURE,YES,YES,NOT_SURE,YES,NOT_SURE,YES,YES,NOT_SURE,SOMETIMES,SOMETIMES,OFTEN,SOMETIMES,PUBLIC,SOMETIMES,SOMETIMES,NOT_SURE,FRIENDS_OF_FRIENDS,OFTEN,OLD,NOT_SURE,NOT_SURE,ANYONE,NOT_SURE,FRIENDS,NO,NONE,SOMETIMES,NOT_SURE,NO,OLD,NOT_SURE,NO,NEVER,SOMETIMES,NOT_SURE,SOMETIMES,SOMETIMES,SOMETIMES,NOT_SURE,NO,NO,SOMETIMES,NEVER,NEVER,YES,NO,SOMETIMES,87.0,80.0,70.4,73.3,72.3,69.3,82.6,74.1,47.6,94.0,75,CRITICAL
SYN-00726,Job Seeker,2026-05-19,PUBLIC,YES,FRIENDS,YES,YES,YES,YES,NOT_SURE,NO,NOT_SURE,YES,NOT_SURE,YES,SOMETIMES,SOMETIMES,SOMETIMES,NEVER,SOMETIMES,PUBLIC,OFTEN,SOMETIMES,YES,FRIENDS_OF_FRIENDS,SOMETIMES,NOT_SURE,NOT_SURE,NOT_SURE,NO_ONE,NOT_SURE,FRIENDS,NO,NONE,OFTEN,YES,NO,NEVER,NO,SOMETIMES,OLD,NO,SOMETIMES,SOMETIMES,OFTEN,SOMETIMES,SOMETIMES,NOT_SURE,NO,SOMETIMES,OLD,OLD,NOT_SURE,NO,NEVER,87.0,65.3,56.8,91.1,61.3,40.7,87.5,65.3,68.6,52.5,70,HIGH
SYN-00727,SMB Owner,2026-02-10,FRIENDS,YES,FRIENDS,NOT_SURE,NOT_SURE,NOT_SURE,NOT_SURE,NOT_SURE,NO,NOT_SURE,YES,NOT_SURE,YES,NOT_SURE,SOMETIMES,SOMETIMES,NOT_SURE,OFTEN,FRIENDS,OFTEN,OFTEN,NOT_SURE,FRIENDS_OF_FRIENDS,SOMETIMES,OLD,NOT_SURE,NOT_SURE,FRIENDS,YES,ANYONE,NOT_SURE,SMS,NOT_SURE,NOT_SURE,NO,NEVER,NOT_SURE,SOMETIMES,NEVER,SOMETIMES,SOMETIMES,SOMETIMES,OFTEN,NOT_SURE,SOMETIMES,NO,SOMETIMES,SOMETIMES,OLD,OLD,YES,NOT_SURE,SOMETIMES,54.5,52.0,67.2,71.7,56.3,70.7,68.1,69.4,52.4,67.0,62,HIGH
SYN-00728,Professional,2026-06-04,FRIENDS,NOT_SURE,FRIENDS,NOT_SURE,YES,NOT_SURE,NOT_SURE,NOT_SURE,NO,NO,YES,YES,NOT_SURE,SOMETIMES,NEVER,SOMETIMES,OFTEN,SOMETIMES,FRIENDS,OFTEN,SOMETIMES,NOT_SURE,EVERYONE,OFTEN,OLD,NO,NOT_SURE,ANYONE,NOT_SURE,FRIENDS,NO,NONE,SOMETIMES,NOT_SURE,NO,OLD,NO,SOMETIMES,NOT_SURE,SOMETIMES,SOMETIMES,NEVER,OFTEN,NO,OFTEN,NO,NOT_SURE,NOT_SURE,OLD,OLD,YES,SOMETIMES,NOT_SURE,51.5,48.0,56.8,62.8,91.0,69.3,81.8,51.8,66.6,62.5,64,HIGH
SYN-00729,Job Seeker,2026-09-18,PRIVATE,NO,PRIVATE,NO,NO,NO,NO,NO,NO,NO,NO,NO,NO,NEVER,NEVER,NEVER,NEVER,NEVER,FRIENDS,NEVER,NEVER,NO,FRIENDS_OF_FRIENDS,NOT_SURE,RECENT,YES,YES,NO_ONE,NO,NO_ONE,YES,APP_OR_KEY,NEVER,NOT_SURE,NOT_SURE,RECENT,YES,YES,OLD,YES,YES,NEVER,NEVER,SOMETIMES,NEVER,NO,SOMETIMES,NEVER,RECENT,OLD,NO,SOMETIMES,NEVER,0.0,0.0,0.0,11.7,32.0,0.0,13.6,19.4,13.8,21.2,10,LOW
SYN-00730,Student,2026-04-30,PRIVATE,NOT_SURE,FRIENDS,NOT_SURE,NOT_SURE,YES,NO,NOT_SURE,NOT_SURE,YES,NOT_SURE,NOT_SURE,NOT_SURE,OFTEN,SOMETIMES,NOT_SURE,SOMETIMES,NEVER,FRIENDS,SOMETIMES,SOMETIMES,NOT_SURE,FRIENDS_OF_FRIENDS,NEVER,OLD,SOMETIMES,NO,ANYONE,YES,ANYONE,YES,APP_OR_KEY,OFTEN,NO,NOT_SURE,OLD,YES,NO,NOT_SURE,NO,SOMETIMES,SOMETIMES,NOT_SURE,NO,OFTEN,NO,YES,SOMETIMES,OLD,NEVER,NOT_SURE,NOT_SURE,SOMETIMES,36.0,65.3,60.8,51.7,29.7,100.0,48.5,74.1,49.3,68.2,55,HIGH
SYN-00731,SMB Owner,2026-03-27,PRIVATE,NOT_SURE,FRIENDS,NO,NO,NO,NO,NOT_SURE,NO,NOT_SURE,NOT_SURE,NO,NOT_SURE,NEVER,NOT_SURE,NEVER,NOT_SURE,NEVER,FRIENDS,NEVER,SOMETIMES,NOT_SURE,APPROVAL,SOMETIMES,RECENT,SOMETIMES,YES,ANYONE,NOT_SURE,FRIENDS,YES,SMS,NOT_SURE,NOT_SURE,NOT_SURE,NOT_SURE,YES,SOMETIMES,NOT_SURE,SOMETIMES,SOMETIMES,NOT_SURE,SOMETIMES,YES,NOT_SURE,NO,SOMETIMES,SOMETIMES,OLD,OLD,NOT_SURE,SOMETIMES,SOMETIMES,19.0,22.0,25.6,35.0,30.7,44.3,39.7,60.6,33.8,54.0,33,MODERATE
SYN-00732,Student,2025-12-02,FRIENDS,NO,PRIVATE,NO,NO,NO,NOT_SURE,NO,NO,NOT_SURE,NOT_SURE,NO,NO,NEVER,NEVER,NEVER,SOMETIMES,NEVER,PRIVATE,NEVER,SOMETIMES,NO,APPROVAL,SOMETIMES,RECENT,SOMETIMES,YES,FRIENDS,NOT_SURE,FRIENDS,YES,SMS,NEVER,YES,YES,RECENT,YES,YES,RECENT,SOMETIMES,SOMETIMES,NEVER,SOMETIMES,SOMETIMES,NEVER,NO,SOMETIMES,NEVER,OLD,RECENT,NOT_SURE,SOMETIMES,NEVER,10.5,22.0,9.6,13.3,30.7,25.7,5.6,23.5,24.1,31.2,17,LOW
SYN-00733,Student,2026-08-07,PRIVATE,NO,FRIENDS,NOT_SURE,NO,NOT_SURE,NO,NO,NO,NOT_SURE,NOT_SURE,NO,NOT_SURE,SOMETIMES,NEVER,NEVER,NOT_SURE,SOMETIMES,FRIENDS,NOT_SURE,SOMETIMES,NO,FRIENDS_OF_FRIENDS,SOMETIMES,OLD,YES,NOT_SURE,FRIENDS,NOT_SURE,FRIENDS,NOT_SURE,NOT_SURE,NEVER,YES,NOT_SURE,OLD,YES,NO,OLD,NOT_SURE,YES,SOMETIMES,NEVER,SOMETIMES,SOMETIMES,NO,SOMETIMES,SOMETIMES,OLD,OLD,NOT_SURE,NOT_SURE,NOT_SURE,19.0,26.0,39.2,38.9,47.0,50.7,44.0,46.5,32.4,55.5,38,MODERATE
SYN-00734,Professional,2025-10-18,PUBLIC,YES,PUBLIC,NOT_SURE,YES,NOT_SURE,NO,YES,YES,YES,YES,NOT_SURE,NOT_SURE,NOT_SURE,NOT_SURE,OFTEN,SOMETIMES,OFTEN,PUBLIC,SOMETIMES,OFTEN,YES,FRIENDS_OF_FRIENDS,SOMETIMES,NOT_SURE,NO,NOT_SURE,ANYONE,NOT_SURE,FRIENDS,NOT_SURE,NOT_SURE,OFTEN,NO,NOT_SURE,NEVER,NO,NO,NEVER,NO,NO,SOMETIMES,SOMETIMES,NO,SOMETIMES,NOT_SURE,SOMETIMES,OFTEN,NEVER,NEVER,YES,NOT_SURE,SOMETIMES,92.0,74.7,67.2,88.9,65.3,69.3,86.7,92.9,65.9,89.5,78,CRITICAL
SYN-00735,Student,2026-04-20,PRIVATE,NO,PRIVATE,NO,NO,NO,NO,NO,NO,NOT_SURE,NO,NOT_SURE,NO,NEVER,NEVER,NEVER,NEVER,NEVER,PRIVATE,NEVER,NEVER,NOT_SURE,FRIENDS_OF_FRIENDS,NEVER,OLD,YES,NOT_SURE,FRIENDS,NOT_SURE,ANYONE,YES,APP_OR_KEY,NEVER,YES,NOT_SURE,OLD,YES,YES,RECENT,YES,YES,NEVER,NEVER,YES,NEVER,NO,NOT_SURE,SOMETIMES,OLD,NOT_SURE,NOT_SURE,NO,NOT_SURE,0.0,14.0,0.0,10.0,23.0,60.0,12.4,0.0,15.9,66.2,15,LOW
SYN-00736,Professional,2026-05-16,FRIENDS,NOT_SURE,PRIVATE,NOT_SURE,NO,NO,NO,NOT_SURE,NO,YES,YES,NOT_SURE,NOT_SURE,NOT_SURE,NOT_SURE,NOT_SURE,SOMETIMES,SOMETIMES,FRIENDS,SOMETIMES,NEVER,NOT_SURE,FRIENDS_OF_FRIENDS,SOMETIMES,OLD,NOT_SURE,NO,FRIENDS,NOT_SURE,ANYONE,YES,NOT_SURE,SOMETIMES,NOT_SURE,NOT_SURE,OLD,NO,SOMETIMES,OLD,SOMETIMES,SOMETIMES,SOMETIMES,SOMETIMES,SOMETIMES,SOMETIMES,NO,NO,SOMETIMES,NEVER,OLD,NOT_SURE,NO,SOMETIMES,34.5,37.3,54.4,38.3,56.3,70.7,52.9,53.5,49.7,72.8,49,HIGH
SYN-00737,Job Seeker,2026-02-05,FRIENDS,NOT_SURE,FRIENDS,NOT_SURE,NOT_SURE,NO,NOT_SURE,NOT_SURE,NO,NOT_SURE,NOT_SURE,NOT_SURE,NO,NOT_SURE,SOMETIMES,NOT_SURE,NOT_SURE,SOMETIMES,FRIENDS,NOT_SURE,NOT_SURE,NOT_SURE,FRIENDS_OF_FRIENDS,SOMETIMES,RECENT,NOT_SURE,NO,FRIENDS,YES,FRIENDS,YES,SMS,SOMETIMES,NOT_SURE,NOT_SURE,NEVER,NO,SOMETIMES,NOT_SURE,NO,SOMETIMES,NEVER,SOMETIMES,SOMETIMES,SOMETIMES,NO,NO,SOMETIMES,RECENT,OLD,YES,NO,SOMETIMES,46.5,36.0,44.8,46.7,45.3,72.1,54.4,63.5,49.7,57.8,49,HIGH
SYN-00738,Professional,2026-07-06,PRIVATE,NO,FRIENDS,NO,NOT_SURE,NO,NO,NO,NO,NO,NO,NO,NO,NEVER,NEVER,NEVER,NOT_SURE,NEVER,PRIVATE,NEVER,SOMETIMES,NO,APPROVAL,NEVER,RECENT,YES,NOT_SURE,FRIENDS,NOT_SURE,FRIENDS,NOT_SURE,SMS,NEVER,YES,NOT_SURE,OLD,YES,SOMETIMES,OLD,YES,YES,SOMETIMES,NEVER,YES,SOMETIMES,NO,YES,NEVER,OLD,NOT_SURE,NO,SOMETIMES,NEVER,12.0,0.0,8.0,13.3,0.0,50.7,37.6,30.0,12.4,41.2,17,LOW
SYN-00739,Student,2026-03-08,FRIENDS,NO,FRIENDS,NOT_SURE,NO,NO,NOT_SURE,NOT_SURE,NO,NOT_SURE,NOT_SURE,NO,NOT_SURE,SOMETIMES,NOT_SURE,SOMETIMES,SOMETIMES,SOMETIMES,FRIENDS,SOMETIMES,SOMETIMES,NO,FRIENDS_OF_FRIENDS,SOMETIMES,RECENT,NOT_SURE,NO,FRIENDS,NOT_SURE,FRIENDS,NO,NONE,SOMETIMES,NO,NOT_SURE,OLD,YES,SOMETIMES,OLD,NOT_SURE,SOMETIMES,NOT_SURE,OFTEN,SOMETIMES,OFTEN,NO,SOMETIMES,SOMETIMES,NOT_SURE,OLD,NOT_SURE,NO,NEVER,29.5,30.0,58.4,41.7,45.3,61.4,69.9,56.5,57.9,58.8,50,HIGH
SYN-00740,Job Seeker,2026-06-14,FRIENDS,NOT_SURE,PUBLIC,NOT_SURE,NOT_SURE,NOT_SURE,NOT_SURE,NOT_SURE,NOT_SURE,NOT_SURE,NO,NO,NOT_SURE,SOMETIMES,SOMETIMES,SOMETIMES,SOMETIMES,SOMETIMES,FRIENDS,SOMETIMES,OFTEN,NO,FRIENDS_OF_FRIENDS,SOMETIMES,OLD,SOMETIMES,NO,ANYONE,NO,FRIENDS,NOT_SURE,SMS,NOT_SURE,YES,NO,NOT_SURE,NOT_SURE,SOMETIMES,NEVER,SOMETIMES,NOT_SURE,NOT_SURE,SOMETIMES,NO,SOMETIMES,NOT_SURE,YES,SOMETIMES,NEVER,OLD,NOT_SURE,SOMETIMES,SOMETIMES,59.5,48.0,60.0,50.6,53.7,69.3,60.6,72.4,54.8,65.2,57,HIGH
SYN-00741,Student,2026-01-15,PRIVATE,NOT_SURE,FRIENDS,NO,NO,NO,NO,NO,NO,NOT_SURE,NO,NO,NOT_SURE,SOMETIMES,NEVER,NEVER,NEVER,NEVER,FRIENDS,SOMETIMES,NOT_SURE,NO,APPROVAL,NEVER,OLD,SOMETIMES,NOT_SURE,FRIENDS,NO,NO_ONE,NOT_SURE,SMS,SOMETIMES,YES,YES,OLD,YES,SOMETIMES,OLD,YES,NOT_SURE,NEVER,NEVER,SOMETIMES,OFTEN,NO,SOMETIMES,SOMETIMES,OLD,RECENT,NOT_SURE,NO,NOT_SURE,19.0,8.0,24.0,39.4,17.7,35.0,41.5,35.9,40.7,46.2,29,MODERATE
SYN-00742,Professional,2025-10-07,PRIVATE,NO,PRIVATE,NOT_SURE,NOT_SURE,NO,NO,NO,NO,NO,NO,NO,NO,NEVER,NEVER,NEVER,NEVER,NEVER,PRIVATE,SOMETIMES,NEVER,NO,FRIENDS_OF_FRIENDS,SOMETIMES,OLD,YES,YES,NO_ONE,NOT_SURE,NO_ONE,YES,APP_OR_KEY,NOT_SURE,NOT_SURE,NOT_SURE,NEVER,YES,YES,OLD,SOMETIMES,SOMETIMES,NEVER,NEVER,SOMETIMES,SOMETIMES,NO,SOMETIMES,NEVER,RECENT,RECENT,NO,SOMETIMES,NOT_SURE,17.0,0.0,0.0,16.7,47.0,10.7,31.7,42.9,26.2,15.0,19,LOW
SYN-00743,Student,2025-11-30,PUBLIC,NO,PUBLIC,NOT_SURE,YES,NOT_SURE,YES,NOT_SURE,YES,YES,YES,YES,NOT_SURE,SOMETIMES,SOMETIMES,NOT_SURE,OFTEN,OFTEN,PUBLIC,SOMETIMES,OFTEN,YES,FRIENDS_OF_FRIENDS,OFTEN,OLD,NOT_SURE,NO,ANYONE,NOT_SURE,ANYONE,NO,NONE,NOT_SURE,NOT_SURE,NO,NEVER,NO,SOMETIMES,NEVER,NO,NO,SOMETIMES,SOMETIMES,NO,OFTEN,NOT_SURE,NO,OFTEN,NEVER,NEVER,YES,SOMETIMES,SOMETIMES,72.0,86.7,69.6,88.9,72.3,89.3,83.6,92.9,81.0,86.5,81,CRITICAL
SYN-00744,Professional,2025-10-07,PRIVATE,NOT_SURE,FRIENDS,NOT_SURE,NOT_SURE,NO,NO,NO,NO,NO,NOT_SURE,NOT_SURE,NO,SOMETIMES,NOT_SURE,NEVER,NEVER,NOT_SURE,FRIENDS,NEVER,NEVER,NO,APPROVAL,NEVER,OLD,YES,NOT_SURE,NO_ONE,YES,FRIENDS,NOT_SURE,APP_OR_KEY,NEVER,NOT_SURE,YES,OLD,YES,YES,OLD,YES,SOMETIMES,NEVER,NEVER,YES,SOMETIMES,NO,SOMETIMES,NOT_SURE,OLD,NEVER,NO,YES,NEVER,36.0,12.0,28.4,11.7,11.0,51.4,26.0,31.2,24.5,38.8,24,MODERATE
SYN-00745,Professional,2026-01-24,FRIENDS,NO,PRIVATE,NOT_SURE,NO,NO,NO,NOT_SURE,NO,NOT_SURE,NO,NO,NO,SOMETIMES,NEVER,SOMETIMES,NEVER,SOMETIMES,FRIENDS,NEVER,NEVER,NO,APPROVAL,SOMETIMES,RECENT,YES,YES,NO_ONE,NO,FRIENDS,YES,SMS,NEVER,YES,YES,OLD,YES,YES,OLD,SOMETIMES,YES,NEVER,SOMETIMES,SOMETIMES,NEVER,NO,YES,NEVER,OLD,OLD,NO,SOMETIMES,SOMETIMES,22.5,16.0,31.2,11.7,24.0,5.0,10.1,31.2,17.2,44.0,20,LOW
SYN-00746,Student,2026-08-12,PRIVATE,NO,FRIENDS,NO,NOT_SURE,YES,NO,NO,NO,NO,NO,NOT_SURE,NO,NOT_SURE,SOMETIMES,NOT_SURE,NEVER,NEVER,FRIENDS,SOMETIMES,NEVER,NOT_SURE,APPROVAL,NEVER,NOT_SURE,SOMETIMES,NOT_SURE,FRIENDS,NOT_SURE,FRIENDS,NOT_SURE,APP_OR_KEY,SOMETIMES,YES,NO,NOT_SURE,YES,YES,OLD,YES,SOMETIMES,NEVER,NOT_SURE,SOMETIMES,SOMETIMES,NO,YES,SOMETIMES,OLD,OLD,NOT_SURE,SOMETIMES,SOMETIMES,12.0,26.0,29.6,38.3,22.7,50.7,45.0,31.2,34.1,54.0,33,MODERATE
SYN-00747,SMB Owner,2026-09-08,PRIVATE,NO,PRIVATE,NO,NO,NO,NO,NO,NO,NOT_SURE,NO,NO,NO,SOMETIMES,NEVER,NEVER,NEVER,NEVER,PRIVATE,NEVER,NEVER,NO,FRIENDS_OF_FRIENDS,NEVER,RECENT,SOMETIMES,YES,NO_ONE,NO,NO_ONE,YES,APP_OR_KEY,NOT_SURE,YES,YES,OLD,YES,YES,RECENT,YES,YES,NEVER,NEVER,YES,NEVER,NO,YES,NEVER,OLD,RECENT,NO,SOMETIMES,SOMETIMES,0.0,8.0,14.4,0.0,18.7,0.0,14.3,0.0,0.0,30.2,9,LOW
SYN-00748,Student,2026-05-14,PUBLIC,NOT_SURE,FRIENDS,YES,YES,NOT_SURE,NOT_SURE,NOT_SURE,NO,YES,YES,YES,YES,SOMETIMES,OFTEN,SOMETIMES,OFTEN,OFTEN,FRIENDS,SOMETIMES,OFTEN,NOT_SURE,FRIENDS_OF_FRIENDS,OFTEN,NEVER,NOT_SURE,NO,FRIENDS,YES,ANYONE,NO,NONE,OFTEN,NOT_SURE,NOT_SURE,NEVER,NO,NO,NEVER,SOMETIMES,NO,SOMETIMES,SOMETIMES,NO,OFTEN,NOT_SURE,SOMETIMES,SOMETIMES,NOT_SURE,NOT_SURE,YES,NOT_SURE,OFTEN,79.0,61.3,84.0,60.6,81.3,81.4,94.2,81.2,70.0,85.5,77,CRITICAL
SYN-00749,Student,2025-10-16,FRIENDS,YES,FRIENDS,NOT_SURE,NOT_SURE,NOT_SURE,NOT_SURE,NOT_SURE,NO,YES,YES,NOT_SURE,NOT_SURE,NOT_SURE,NOT_SURE,SOMETIMES,SOMETIMES,SOMETIMES,PUBLIC,SOMETIMES,SOMETIMES,YES,FRIENDS_OF_FRIENDS,SOMETIMES,OLD,SOMETIMES,NO,FRIENDS,NOT_SURE,ANYONE,NOT_SURE,SMS,SOMETIMES,NOT_SURE,NO,OLD,NOT_SURE,NOT_SURE,NEVER,SOMETIMES,SOMETIMES,SOMETIMES,NOT_SURE,YES,SOMETIMES,NOT_SURE,SOMETIMES,SOMETIMES,OLD,NEVER,NOT_SURE,SOMETIMES,SOMETIMES,54.5,57.3,56.0,80.0,53.7,70.7,67.9,69.4,46.2,65.2,61,HIGH
SYN-00750,Professional,2026-06-15,FRIENDS,NO,FRIENDS,NO,NOT_SURE,NO,NOT_SURE,NOT_SURE,NO,NO,NO,NO,NO,NEVER,NEVER,NEVER,NEVER,SOMETIMES,FRIENDS,NEVER,NOT_SURE,NO,FRIENDS_OF_FRIENDS,SOMETIMES,OLD,NOT_SURE,NOT_SURE,FRIENDS,YES,FRIENDS,NO,NONE,NOT_SURE,YES,NO,OLD,NOT_SURE,SOMETIMES,NEVER,SOMETIMES,SOMETIMES,NEVER,NEVER,SOMETIMES,SOMETIMES,NO,NOT_SURE,NEVER,NOT_SURE,OLD,NOT_SURE,SOMETIMES,NOT_SURE,22.5,16.0,7.2,22.8,56.3,61.4,70.7,58.8,29.0,58.8,36,MODERATE
SYN-00751,SMB Owner,2026-06-07,FRIENDS,NO,PUBLIC,NOT_SURE,NOT_SURE,NO,NOT_SURE,NOT_SURE,NO,NOT_SURE,NOT_SURE,NOT_SURE,YES,SOMETIMES,SOMETIMES,OFTEN,NEVER,NOT_SURE,FRIENDS,SOMETIMES,SOMETIMES,YES,FRIENDS_OF_FRIENDS,NEVER,NOT_SURE,SOMETIMES,NO,ANYONE,NOT_SURE,FRIENDS,NOT_SURE,SMS,NOT_SURE,YES,NOT_SURE,NEVER,NO,YES,NOT_SURE,YES,YES,NOT_SURE,SOMETIMES,SOMETIMES,SOMETIMES,NO,SOMETIMES,NOT_SURE,NEVER,OLD,YES,SOMETIMES,SOMETIMES,47.5,36.0,62.0,58.3,34.7,80.0,58.1,37.1,41.7,75.2,51,HIGH
SYN-00752,Job Seeker,2026-06-09,PRIVATE,NOT_SURE,FRIENDS,NOT_SURE,NOT_SURE,NOT_SURE,NO,NO,NO,NOT_SURE,NO,NO,NO,NOT_SURE,NEVER,NOT_SURE,NEVER,NEVER,FRIENDS,NEVER,NEVER,NO,APPROVAL,NEVER,RECENT,SOMETIMES,NO,FRIENDS,NOT_SURE,FRIENDS,YES,SMS,OFTEN,YES,YES,OLD,NOT_SURE,SOMETIMES,OLD,SOMETIMES,SOMETIMES,NOT_SURE,NOT_SURE,SOMETIMES,SOMETIMES,NO,YES,NEVER,OLD,RECENT,YES,NO,NEVER,36.0,20.0,20.0,11.7,6.7,61.4,41.5,51.8,27.9,48.8,29,MODERATE
SYN-00753,Professional,2026-06-22,PUBLIC,YES,PUBLIC,YES,YES,NOT_SURE,NOT_SURE,YES,YES,NOT_SURE,NOT_SURE,YES,YES,OFTEN,NOT_SURE,SOMETIMES,SOMETIMES,SOMETIMES,PUBLIC,SOMETIMES,SOMETIMES,YES,FRIENDS_OF_FRIENDS,NOT_SURE,OLD,NO,NOT_SURE,FRIENDS,NOT_SURE,ANYONE,NO,NONE,SOMETIMES,NOT_SURE,NOT_SURE,NEVER,NO,NO,NOT_SURE,SOMETIMES,NOT_SURE,NOT_SURE,SOMETIMES,NO,SOMETIMES,NOT_SURE,NO,OFTEN,NEVER,NEVER,YES,NO,SOMETIMES,100.0,77.3,74.4,80.0,56.3,60.0,86.4,65.3,72.8,94.0,78,CRITICAL
SYN-00754,Professional,2025-10-03,PRIVATE,NO,FRIENDS,NO,NO,NO,NO,NO,NO,NO,NO,NO,NO,NEVER,NEVER,SOMETIMES,NEVER,NOT_SURE,FRIENDS,NOT_SURE,SOMETIMES,NO,APPROVAL,NEVER,RECENT,YES,YES,NO_ONE,NO,FRIENDS,YES,APP_OR_KEY,NEVER,YES,YES,NEVER,YES,YES,RECENT,YES,YES,NEVER,NEVER,YES,NEVER,NO,YES,SOMETIMES,RECENT,RECENT,NOT_SURE,YES,NEVER,7.0,0.0,15.6,38.9,0.0,5.0,8.3,0.0,6.2,10.0,10,LOW
SYN-00755,Educator,2026-04-21,FRIENDS,NO,PUBLIC,NOT_SURE,NOT_SURE,NO,NOT_SURE,NOT_SURE,NO,NOT_SURE,NO,NO,YES,NOT_SURE,NOT_SURE,SOMETIMES,OFTEN,OFTEN,FRIENDS,SOMETIMES,SOMETIMES,NOT_SURE,FRIENDS_OF_FRIENDS,SOMETIMES,OLD,SOMETIMES,NO,FRIENDS,NOT_SURE,FRIENDS,NOT_SURE,SMS,SOMETIMES,NOT_SURE,NO,OLD,NOT_SURE,YES,RECENT,SOMETIMES,SOMETIMES,SOMETIMES,SOMETIMES,SOMETIMES,SOMETIMES,NO,SOMETIMES,SOMETIMES,NOT_SURE,OLD,NO,NO,SOMETIMES,47.5,24.0,73.6,51.7,53.7,61.4,62.1,34.1,42.8,57.8,51,HIGH
SYN-00756,Professional,2026-01-19,PRIVATE,NO,PRIVATE,NO,NO,NOT_SURE,NO,NO,NO,NOT_SURE,NO,NO,NO,NEVER,NOT_SURE,NEVER,NEVER,NEVER,FRIENDS,NOT_SURE,NEVER,NO,APPROVAL,NEVER,RECENT,YES,YES,NO_ONE,NOT_SURE,NO_ONE,YES,APP_OR_KEY,NEVER,NOT_SURE,YES,OLD,YES,YES,NEVER,YES,SOMETIMES,NEVER,NEVER,YES,SOMETIMES,NO,YES,SOMETIMES,NOT_SURE,RECENT,NOT_SURE,SOMETIMES,NEVER,0.0,20.0,8.0,25.6,0.0,10.7,10.4,47.1,18.6,37.5,15,LOW
SYN-00757,Student,2026-04-24,PUBLIC,YES,PUBLIC,YES,YES,YES,YES,YES,NOT_SURE,NOT_SURE,YES,YES,YES,SOMETIMES,OFTEN,OFTEN,OFTEN,OFTEN,PUBLIC,SOMETIMES,OFTEN,YES,FRIENDS_OF_FRIENDS,OFTEN,NEVER,NOT_SURE,NO,ANYONE,NOT_SURE,ANYONE,NO,NONE,SOMETIMES,NO,NO,NEVER,NO,NO,OLD,SOMETIMES,NO,NOT_SURE,SOMETIMES,NOT_SURE,OFTEN,NOT_SURE,NO,OFTEN,NOT_SURE,NOT_SURE,YES,NO,SOMETIMES,100.0,86.7,90.4,88.9,81.3,89.3,92.2,63.5,76.9,84.0,87,CRITICAL
SYN-00758,SMB Owner,2025-10-24,FRIENDS,NOT_SURE,FRIENDS,NOT_SURE,YES,NO,NOT_SURE,NOT_SURE,NO,NOT_SURE,YES,NOT_SURE,NO,SOMETIMES,OFTEN,SOMETIMES,SOMETIMES,SOMETIMES,FRIENDS,SOMETIMES,SOMETIMES,NO,FRIENDS_OF_FRIENDS,SOMETIMES,OLD,SOMETIMES,NO,FRIENDS,YES,FRIENDS,NOT_SURE,SMS,NEVER,NO,NOT_SURE,OLD,NO,SOMETIMES,NEVER,SOMETIMES,SOMETIMES,NEVER,SOMETIMES,SOMETIMES,NOT_SURE,NO,SOMETIMES,NOT_SURE,NOT_SURE,OLD,NOT_SURE,NOT_SURE,NOT_SURE,51.5,40.0,56.8,41.7,53.7,72.1,57.1,58.8,39.7,61.8,51,HIGH
SYN-00759,Professional,2026-04-11,FRIENDS,NOT_SURE,PUBLIC,NOT_SURE,NOT_SURE,NOT_SURE,NOT_SURE,NO,NO,NOT_SURE,NOT_SURE,YES,NOT_SURE,SOMETIMES,SOMETIMES,SOMETIMES,NEVER,NOT_SURE,FRIENDS,OFTEN,SOMETIMES,NOT_SURE,FRIENDS_OF_FRIENDS,OFTEN,OLD,NO,NOT_SURE,ANYONE,NOT_SURE,FRIENDS,NO,NONE,OFTEN,YES,NOT_SURE,NEVER,NOT_SURE,SOMETIMES,NEVER,SOMETIMES,SOMETIMES,SOMETIMES,SOMETIMES,SOMETIMES,SOMETIMES,NOT_SURE,SOMETIMES,NOT_SURE,NOT_SURE,OLD,YES,SOMETIMES,NOT_SURE,59.5,44.0,49.2,62.8,76.3,69.3,80.8,69.4,53.8,68.8,62,HIGH
SYN-00760,Job Seeker,2025-11-08,FRIENDS,NOT_SURE,FRIENDS,NOT_SURE,NOT_SURE,NO,NOT_SURE,NOT_SURE,NO,NOT_SURE,NO,YES,NOT_SURE,SOMETIMES,NOT_SURE,SOMETIMES,NOT_SURE,SOMETIMES,PUBLIC,NOT_SURE,NEVER,NOT_SURE,FRIENDS_OF_FRIENDS,SOMETIMES,OLD,SOMETIMES,NO,FRIENDS,NOT_SURE,FRIENDS,NOT_SURE,SMS,NEVER,NOT_SURE,NO,OLD,NOT_SURE,NOT_SURE,NOT_SURE,SOMETIMES,NO,NOT_SURE,SOMETIMES,SOMETIMES,NOT_SURE,NO,NOT_SURE,NOT_SURE,OLD,OLD,YES,SOMETIMES,SOMETIMES,46.5,34.0,56.8,57.2,53.7,61.4,56.2,72.4,42.4,64.0,52,HIGH
SYN-00761,SMB Owner,2026-07-11,PRIVATE,NO,FRIENDS,NO,NO,NO,NO,NO,NO,NO,NO,NO,NO,NEVER,NEVER,NEVER,NEVER,NEVER,PRIVATE,NEVER,NEVER,NO,FRIENDS_OF_FRIENDS,NEVER,RECENT,YES,YES,NO_ONE,NO,FRIENDS,YES,APP_OR_KEY,NEVER,YES,YES,OLD,YES,YES,RECENT,NOT_SURE,YES,NEVER,NEVER,SOMETIMES,NOT_SURE,NO,YES,NEVER,NOT_SURE,RECENT,NO,SOMETIMES,NEVER,7.0,0.0,0.0,0.0,12.0,5.0,4.6,16.5,17.2,27.5,7,LOW
SYN-00762,Job Seeker,2026-03-15,PRIVATE,NO,FRIENDS,NO,NO,NOT_SURE,NO,NO,NO,NO,NO,NO,NO,NEVER,NEVER,SOMETIMES,NEVER,NEVER,FRIENDS,NEVER,NEVER,NO,APPROVAL,SOMETIMES,RECENT,YES,YES,NO_ONE,NO,NO_ONE,YES,APP_OR_KEY,NEVER,NOT_SURE,NOT_SURE,RECENT,YES,YES,OLD,YES,YES,NEVER,NEVER,YES,SOMETIMES,NO,YES,SOMETIMES,OLD,OLD,NO,YES,NEVER,7.0,12.0,9.6,11.7,24.0,0.0,13.6,19.4,18.6,27.5,14,LOW
SYN-00763,Professional,2026-09-30,PRIVATE,NO,FRIENDS,NOT_SURE,NOT_SURE,NOT_SURE,NO,NO,NO,NOT_SURE,NOT_SURE,NOT_SURE,NO,SOMETIMES,SOMETIMES,NOT_SURE,SOMETIMES,NOT_SURE,FRIENDS,NEVER,SOMETIMES,NOT_SURE,APPROVAL,NEVER,OLD,SOMETIMES,YES,FRIENDS,NOT_SURE,NO_ONE,YES,SMS,SOMETIMES,YES,NOT_SURE,OLD,NOT_SURE,NOT_SURE,OLD,SOMETIMES,SOMETIMES,SOMETIMES,SOMETIMES,SOMETIMES,NOT_SURE,NOT_SURE,SOMETIMES,NEVER,NEVER,OLD,NOT_SURE,YES,NOT_SURE,24.0,32.0,47.6,35.0,17.7,20.7,43.2,53.5,46.6,56.2,37,MODERATE
SYN-00764,Job Seeker,2026-07-04,FRIENDS,NO,FRIENDS,NO,NOT_SURE,NO,NO,NO,NO,NOT_SURE,NO,NO,NO,NEVER,NEVER,NOT_SURE,NEVER,SOMETIMES,FRIENDS,SOMETIMES,NEVER,NOT_SURE,FRIENDS_OF_FRIENDS,NEVER,OLD,YES,NOT_SURE,NO_ONE,NOT_SURE,FRIENDS,NOT_SURE,SMS,SOMETIMES,NOT_SURE,YES,OLD,YES,YES,RECENT,NOT_SURE,SOMETIMES,NOT_SURE,NOT_SURE,SOMETIMES,NEVER,NO,SOMETIMES,NEVER,OLD,OLD,NOT_SURE,SOMETIMES,NEVER,22.5,8.0,15.2,38.3,23.0,40.7,43.2,37.1,22.4,45.0,27,MODERATE
SYN-00765,Student,2026-06-13,FRIENDS,NOT_SURE,FRIENDS,NOT_SURE,NOT_SURE,NO,NOT_SURE,NO,NO,NO,NOT_SURE,NOT_SURE,NO,SOMETIMES,NOT_SURE,NEVER,NEVER,NOT_SURE,FRIENDS,NOT_SURE,NOT_SURE,YES,FRIENDS_OF_FRIENDS,SOMETIMES,OLD,YES,NO,FRIENDS,YES,FRIENDS,YES,SMS,NOT_SURE,YES,YES,OLD,YES,SOMETIMES,NEVER,SOMETIMES,YES,SOMETIMES,SOMETIMES,YES,SOMETIMES,NO,SOMETIMES,SOMETIMES,NOT_SURE,NOT_SURE,YES,SOMETIMES,SOMETIMES,46.5,20.0,28.4,53.3,47.0,72.1,24.0,57.6,35.9,76.5,39,MODERATE
SYN-00766,SMB Owner,2025-12-30,FRIENDS,YES,PUBLIC,YES,YES,YES,YES,YES,NOT_SURE,YES,NOT_SURE,YES,YES,SOMETIMES,OFTEN,OFTEN,OFTEN,OFTEN,PUBLIC,OFTEN,OFTEN,YES,EVERYONE,SOMETIMES,NEVER,NO,NO,ANYONE,YES,ANYONE,NO,NONE,OFTEN,NOT_SURE,NOT_SURE,NOT_SURE,NOT_SURE,NO,NEVER,NO,SOMETIMES,OFTEN,SOMETIMES,NO,SOMETIMES,YES,NO,OFTEN,NOT_SURE,NEVER,YES,NO,SOMETIMES,80.5,88.0,90.4,100.0,84.0,100.0,89.2,88.2,84.8,89.0,89,CRITICAL
SYN-00767,Student,2025-11-25,PRIVATE,NO,PRIVATE,NO,NO,NO,NO,NO,NO,NO,NO,NO,NO,NEVER,NEVER,SOMETIMES,SOMETIMES,NOT_SURE,PRIVATE,NEVER,NEVER,NO,APPROVAL,SOMETIMES,RECENT,YES,YES,FRIENDS,NO,FRIENDS,YES,APP_OR_KEY,NOT_SURE,YES,YES,OLD,YES,SOMETIMES,OLD,SOMETIMES,YES,SOMETIMES,NEVER,YES,NOT_SURE,NO,YES,NEVER,RECENT,OLD,NOT_SURE,NO,NEVER,0.0,0.0,25.2,0.0,24.0,15.0,18.5,41.8,10.3,38.8,15,LOW
SYN-00768,Student,2026-04-20,PRIVATE,NO,FRIENDS,NO,NO,NO,NO,NO,NO,NOT_SURE,YES,NO,NO,NEVER,NEVER,SOMETIMES,NEVER,NOT_SURE,PRIVATE,NEVER,NEVER,NOT_SURE,APPROVAL,NEVER,RECENT,YES,YES,NO_ONE,NO,NO_ONE,YES,APP_OR_KEY,NEVER,YES,NOT_SURE,RECENT,YES,YES,NOT_SURE,YES,YES,NEVER,NEVER,SOMETIMES,NOT_SURE,NO,SOMETIMES,NEVER,RECENT,RECENT,NO,YES,NEVER,7.0,18.0,15.6,10.0,0.0,0.0,7.8,28.2,24.1,0.0,12,LOW
SYN-00769,Student,2026-09-14,PRIVATE,NO,FRIENDS,NOT_SURE,NO,NO,NO,NOT_SURE,NO,NOT_SURE,NOT_SURE,NO,NOT_SURE,SOMETIMES,SOMETIMES,SOMETIMES,SOMETIMES,NEVER,FRIENDS,NOT_SURE,SOMETIMES,NOT_SURE,APPROVAL,NOT_SURE,RECENT,NO,NOT_SURE,FRIENDS,NO,FRIENDS,NOT_SURE,APP_OR_KEY,NEVER,YES,NOT_SURE,NOT_SURE,YES,SOMETIMES,OLD,SOMETIMES,SOMETIMES,SOMETIMES,NOT_SURE,NOT_SURE,NOT_SURE,NO,SOMETIMES,SOMETIMES,OLD,RECENT,NOT_SURE,SOMETIMES,NEVER,19.0,22.0,52.8,48.9,33.3,40.0,34.2,53.5,41.7,31.2,37,MODERATE
SYN-00770,Student,2025-12-25,PUBLIC,YES,PUBLIC,YES,YES,YES,YES,YES,YES,NOT_SURE,NOT_SURE,YES,YES,SOMETIMES,SOMETIMES,OFTEN,OFTEN,OFTEN,PUBLIC,OFTEN,OFTEN,YES,EVERYONE,NOT_SURE,OLD,NO,NOT_SURE,ANYONE,YES,ANYONE,NO,NONE,NOT_SURE,NO,NO,NOT_SURE,NO,NOT_SURE,NEVER,NO,NO,OFTEN,OFTEN,NO,OFTEN,YES,NO,OFTEN,NEVER,NEVER,YES,NO,SOMETIMES,100.0,90.7,84.0,100.0,71.0,89.3,86.1,100.0,100.0,94.0,90,CRITICAL
SYN-00771,Professional,2025-11-24,FRIENDS,NOT_SURE,FRIENDS,NOT_SURE,NOT_SURE,NOT_SURE,NOT_SURE,NO,NO,NOT_SURE,NOT_SURE,YES,NOT_SURE,SOMETIMES,SOMETIMES,SOMETIMES,SOMETIMES,SOMETIMES,PUBLIC,NOT_SURE,SOMETIMES,NOT_SURE,EVERYONE,SOMETIMES,NOT_SURE,SOMETIMES,NOT_SURE,FRIENDS,NOT_SURE,FRIENDS,NOT_SURE,NOT_SURE,SOMETIMES,NOT_SURE,NOT_SURE,NOT_SURE,NO,SOMETIMES,NOT_SURE,NOT_SURE,SOMETIMES,SOMETIMES,SOMETIMES,SOMETIMES,SOMETIMES,NO,NO,NOT_SURE,OLD,NEVER,YES,NO,SOMETIMES,46.5,44.0,60.0,70.6,73.3,50.7,70.6,67.1,48.6,82.8,60,HIGH
SYN-00772,SMB Owner,2026-07-20,FRIENDS,NOT_SURE,PRIVATE,NOT_SURE,NOT_SURE,NOT_SURE,YES,NOT_SURE,NO,NOT_SURE,NOT_SURE,YES,NOT_SURE,SOMETIMES,SOMETIMES,OFTEN,NEVER,NEVER,PUBLIC,NEVER,SOMETIMES,NOT_SURE,FRIENDS_OF_FRIENDS,NOT_SURE,OLD,SOMETIMES,YES,ANYONE,NOT_SURE,FRIENDS,NOT_SURE,SMS,SOMETIMES,NO,NO,NEVER,NO,SOMETIMES,OLD,SOMETIMES,NOT_SURE,SOMETIMES,SOMETIMES,NO,SOMETIMES,NO,NO,NOT_SURE,OLD,OLD,YES,NO,NOT_SURE,39.5,57.3,49.6,56.7,49.7,44.3,75.8,58.2,55.5,70.0,56,HIGH
SYN-00773,Student,2026-07-05,FRIENDS,NOT_SURE,PUBLIC,NOT_SURE,NOT_SURE,NOT_SURE,YES,NOT_SURE,NO,NOT_SURE,NO,NOT_SURE,NOT_SURE,SOMETIMES,NOT_SURE,SOMETIMES,SOMETIMES,NOT_SURE,FRIENDS,SOMETIMES,SOMETIMES,YES,EVERYONE,SOMETIMES,OLD,YES,NO,FRIENDS,NOT_SURE,ANYONE,YES,SMS,SOMETIMES,YES,NO,OLD,YES,NOT_SURE,NEVER,NOT_SURE,NO,SOMETIMES,SOMETIMES,SOMETIMES,SOMETIMES,NO,SOMETIMES,NOT_SURE,OLD,OLD,NOT_SURE,NOT_SURE,SOMETIMES,59.5,47.3,57.2,58.3,61.7,70.7,38.8,85.9,41.7,57.0,54,HIGH
SYN-00774,Professional,2026-01-11,FRIENDS,NOT_SURE,FRIENDS,NOT_SURE,NOT_SURE,NO,NOT_SURE,NO,NO,NOT_SURE,NOT_SURE,YES,NOT_SURE,SOMETIMES,NOT_SURE,SOMETIMES,SOMETIMES,NOT_SURE,PRIVATE,SOMETIMES,SOMETIMES,NOT_SURE,FRIENDS_OF_FRIENDS,OFTEN,NOT_SURE,SOMETIMES,NOT_SURE,ANYONE,NOT_SURE,FRIENDS,NOT_SURE,NOT_SURE,SOMETIMES,NO,NO,OLD,YES,SOMETIMES,NEVER,SOMETIMES,NOT_SURE,SOMETIMES,SOMETIMES,SOMETIMES,SOMETIMES,NO,NOT_SURE,SOMETIMES,NEVER,NEVER,NOT_SURE,SOMETIMES,NOT_SURE,46.5,32.0,57.2,40.0,74.7,69.3,63.2,74.1,45.5,75.0,54,HIGH
SYN-00775,SMB Owner,2025-11-22,FRIENDS,NO,FRIENDS,NO,NO,NO,NO,YES,NO,NO,YES,NOT_SURE,NO,NOT_SURE,SOMETIMES,SOMETIMES,OFTEN,NEVER,PUBLIC,SOMETIMES,SOMETIMES,NOT_SURE,EVERYONE,SOMETIMES,RECENT,SOMETIMES,NOT_SURE,FRIENDS,NO,FRIENDS,YES,SMS,NOT_SURE,NOT_SURE,YES,OLD,YES,YES,NEVER,YES,SOMETIMES,SOMETIMES,SOMETIMES,SOMETIMES,NOT_SURE,NO,SOMETIMES,SOMETIMES,NOT_SURE,OLD,NOT_SURE,SOMETIMES,NOT_SURE,17.5,29.3,47.2,73.3,57.3,40.0,25.7,57.6,40.7,58.8,42,HIGH
SYN-00776,Educator,2026-04-05,PRIVATE,NO,PRIVATE,NO,NO,NO,NO,NO,NO,NO,NO,NO,NO,NOT_SURE,NEVER,NEVER,NEVER,NEVER,PRIVATE,NEVER,NEVER,NO,APPROVAL,NEVER,RECENT,NOT_SURE,YES,NO_ONE,NO,NO_ONE,YES,APP_OR_KEY,NEVER,YES,YES,OLD,YES,YES,OLD,YES,YES,NEVER,NEVER,YES,NEVER,NO,YES,SOMETIMES,RECENT,RECENT,NO,NOT_SURE,NEVER,0.0,0.0,12.0,0.0,9.3,0.0,4.6,19.4,6.2,10.5,6,LOW
SYN-00777,Student,2026-02-03,PRIVATE,NO,FRIENDS,NO,NO,NOT_SURE,NO,NO,NO,NOT_SURE,NO,NOT_SURE,NO,NOT_SURE,SOMETIMES,NOT_SURE,SOMETIMES,SOMETIMES,FRIENDS,SOMETIMES,SOMETIMES,NO,APPROVAL,NOT_SURE,OLD,SOMETIMES,YES,FRIENDS,NO,FRIENDS,NOT_SURE,SMS,SOMETIMES,YES,YES,NEVER,YES,SOMETIMES,RECENT,SOMETIMES,SOMETIMES,NOT_SURE,NOT_SURE,NOT_SURE,NEVER,NO,SOMETIMES,SOMETIMES,OLD,OLD,NO,YES,SOMETIMES,7.0,26.0,46.4,41.7,37.7,15.0,45.3,32.4,31.4,36.5,34,MODERATE
SYN-00778,Professional,2026-01-26,PRIVATE,NO,FRIENDS,NO,NOT_SURE,NOT_SURE,NO,NO,NO,NO,NOT_SURE,NO,NO,NOT_SURE,NEVER,NOT_SURE,NEVER,NOT_SURE,FRIENDS,NEVER,NOT_SURE,NOT_SURE,FRIENDS_OF_FRIENDS,SOMETIMES,OLD,YES,YES,FRIENDS,NO,FRIENDS,YES,SMS,SOMETIMES,YES,NOT_SURE,RECENT,YES,YES,OLD,YES,NOT_SURE,NEVER,SOMETIMES,YES,NEVER,NO,YES,NEVER,OLD,RECENT,NOT_SURE,NO,NEVER,12.0,18.0,26.0,32.8,47.0,15.0,25.0,35.9,10.3,38.8,25,MODERATE
SYN-00779,Job Seeker,2026-07-10,FRIENDS,NO,FRIENDS,NOT_SURE,NO,YES,NOT_SURE,NOT_SURE,NO,NO,NOT_SURE,NOT_SURE,NOT_SURE,SOMETIMES,NOT_SURE,SOMETIMES,NEVER,SOMETIMES,FRIENDS,NOT_SURE,SOMETIMES,NOT_SURE,APPROVAL,SOMETIMES,OLD,YES,NO,FRIENDS,NOT_SURE,FRIENDS,YES,SMS,NOT_SURE,NO,NO,OLD,NOT_SURE,SOMETIMES,NOT_SURE,NOT_SURE,SOMETIMES,NOT_SURE,SOMETIMES,SOMETIMES,SOMETIMES,NO,SOMETIMES,OFTEN,NOT_SURE,RECENT,NOT_SURE,SOMETIMES,NOT_SURE,29.5,48.0,48.8,48.9,35.0,61.4,51.2,65.3,46.9,45.0,47,HIGH
SYN-00780,Job Seeker,2026-03-31,PRIVATE,NO,PRIVATE,NO,NO,NO,NO,NO,NO,NO,NO,NO,NO,NEVER,NEVER,NEVER,NEVER,NEVER,PRIVATE,NEVER,SOMETIMES,NO,FRIENDS_OF_FRIENDS,NOT_SURE,RECENT,YES,YES,NO_ONE,NO,FRIENDS,YES,APP_OR_KEY,NEVER,YES,YES,OLD,YES,YES,OLD,YES,YES,NEVER,NEVER,YES,NEVER,NO,YES,NEVER,OLD,RECENT,NO,YES,SOMETIMES,0.0,0.0,0.0,13.3,32.0,5.0,4.6,19.4,0.0,22.8,8,LOW
SYN-00781,Job Seeker,2026-05-28,FRIENDS,NOT_SURE,FRIENDS,NOT_SURE,NOT_SURE,NOT_SURE,NOT_SURE,NO,NO,YES,NOT_SURE,NO,NO,SOMETIMES,SOMETIMES,NOT_SURE,SOMETIMES,NEVER,FRIENDS,SOMETIMES,NOT_SURE,YES,FRIENDS_OF_FRIENDS,NOT_SURE,OLD,YES,NO,FRIENDS,NOT_SURE,FRIENDS,NOT_SURE,SMS,NEVER,NO,NOT_SURE,OLD,YES,SOMETIMES,NEVER,SOMETIMES,SOMETIMES,SOMETIMES,OFTEN,SOMETIMES,SOMETIMES,NO,SOMETIMES,NEVER,NOT_SURE,OLD,NOT_SURE,SOMETIMES,NOT_SURE,46.5,39.3,41.6,56.1,43.0,61.4,46.0,69.4,43.4,58.8,47,HIGH
SYN-00782,Student,2026-02-12,FRIENDS,NO,FRIENDS,NOT_SURE,NOT_SURE,YES,NOT_SURE,NOT_SURE,NO,NO,NOT_SURE,YES,NOT_SURE,SOMETIMES,SOMETIMES,NOT_SURE,OFTEN,SOMETIMES,PRIVATE,SOMETIMES,SOMETIMES,NOT_SURE,FRIENDS_OF_FRIENDS,SOMETIMES,OLD,SOMETIMES,NOT_SURE,FRIENDS,NOT_SURE,FRIENDS,NOT_SURE,SMS,SOMETIMES,NOT_SURE,NO,OLD,NOT_SURE,NOT_SURE,NOT_SURE,SOMETIMES,SOMETIMES,OFTEN,SOMETIMES,SOMETIMES,SOMETIMES,NO,NO,SOMETIMES,NOT_SURE,NEVER,YES,SOMETIMES,NOT_SURE,34.5,52.0,64.8,40.0,53.7,50.7,67.9,69.4,49.7,80.0,55,HIGH
SYN-00783,Professional,2026-03-21,FRIENDS,NOT_SURE,FRIENDS,NOT_SURE,NOT_SURE,NO,NO,NO,NO,NOT_SURE,NO,NO,NOT_SURE,NOT_SURE,SOMETIMES,NEVER,NEVER,SOMETIMES,FRIENDS,SOMETIMES,SOMETIMES,NOT_SURE,FRIENDS_OF_FRIENDS,SOMETIMES,OLD,SOMETIMES,NOT_SURE,FRIENDS,NOT_SURE,NO_ONE,NOT_SURE,APP_OR_KEY,SOMETIMES,NOT_SURE,NOT_SURE,OLD,YES,YES,OLD,NOT_SURE,SOMETIMES,NEVER,SOMETIMES,SOMETIMES,SOMETIMES,NO,YES,OFTEN,RECENT,NOT_SURE,NOT_SURE,YES,NEVER,46.5,8.0,38.4,51.7,53.7,45.7,45.4,47.6,40.0,30.0,39,MODERATE
SYN-00784,Professional,2026-07-13,PRIVATE,NO,FRIENDS,NO,NO,NO,NO,NO,NO,NO,NO,NO,NO,SOMETIMES,NEVER,NEVER,SOMETIMES,NEVER,PRIVATE,SOMETIMES,NEVER,NO,APPROVAL,SOMETIMES,RECENT,YES,NOT_SURE,NO_ONE,NO,FRIENDS,YES,APP_OR_KEY,NEVER,YES,YES,RECENT,YES,YES,NOT_SURE,YES,YES,NOT_SURE,NEVER,YES,NEVER,NO,YES,NEVER,RECENT,OLD,NOT_SURE,YES,SOMETIMES,7.0,0.0,24.0,16.7,24.0,30.0,0.0,37.1,0.0,32.8,13,LOW
SYN-00785,Job Seeker,2026-08-20,PRIVATE,NOT_SURE,FRIENDS,NO,NO,NO,NO,NOT_SURE,NO,NOT_SURE,NO,NOT_SURE,NOT_SURE,SOMETIMES,NOT_SURE,SOMETIMES,NOT_SURE,OFTEN,FRIENDS,SOMETIMES,SOMETIMES,NOT_SURE,FRIENDS_OF_FRIENDS,SOMETIMES,OLD,NO,NOT_SURE,ANYONE,NO,FRIENDS,NOT_SURE,SMS,OFTEN,NO,NO,RECENT,NOT_SURE,SOMETIMES,NOT_SURE,NOT_SURE,SOMETIMES,SOMETIMES,SOMETIMES,YES,SOMETIMES,NO,SOMETIMES,NOT_SURE,OLD,NEVER,NOT_SURE,NO,NEVER,19.0,22.0,61.6,51.7,60.3,58.6,71.9,67.1,34.8,63.8,49,HIGH
SYN-00786,Student,2026-04-05,FRIENDS,NOT_SURE,PUBLIC,NOT_SURE,NOT_SURE,NOT_SURE,NOT_SURE,NOT_SURE,NO,NOT_SURE,NOT_SURE,NOT_SURE,NOT_SURE,NOT_SURE,SOMETIMES,SOMETIMES,SOMETIMES,SOMETIMES,FRIENDS,SOMETIMES,NOT_SURE,YES,FRIENDS_OF_FRIENDS,NEVER,NOT_SURE,NO,NOT_SURE,FRIENDS,NOT_SURE,FRIENDS,NOT_SURE,SMS,NEVER,NO,NO,OLD,YES,NOT_SURE,OLD,SOMETIMES,SOMETIMES,SOMETIMES,OFTEN,SOMETIMES,OFTEN,NO,SOMETIMES,OFTEN,OLD,NOT_SURE,NOT_SURE,SOMETIMES,OFTEN,59.5,48.0,57.6,56.1,41.3,50.7,51.0,53.5,62.1,66.2,54,HIGH
SYN-00787,Professional,2026-06-27,FRIENDS,NO,FRIENDS,NOT_SURE,NOT_SURE,NOT_SURE,NOT_SURE,NOT_SURE,NO,NOT_SURE,NOT_SURE,NOT_SURE,NOT_SURE,NEVER,SOMETIMES,SOMETIMES,NOT_SURE,SOMETIMES,PUBLIC,SOMETIMES,SOMETIMES,YES,APPROVAL,OFTEN,OLD,SOMETIMES,NO,FRIENDS,NOT_SURE,FRIENDS,YES,NOT_SURE,OFTEN,NOT_SURE,NO,NOT_SURE,NOT_SURE,SOMETIMES,OLD,NO,SOMETIMES,NOT_SURE,SOMETIMES,NOT_SURE,NEVER,NOT_SURE,NOT_SURE,SOMETIMES,NOT_SURE,OLD,NOT_SURE,NO,SOMETIMES,34.5,48.0,44.0,80.0,57.7,61.4,62.8,63.5,47.9,67.8,55,HIGH
SYN-00788,Job Seeker,2026-06-16,FRIENDS,NOT_SURE,FRIENDS,NOT_SURE,YES,NOT_SURE,NOT_SURE,NOT_SURE,NO,NOT_SURE,NOT_SURE,YES,NOT_SURE,SOMETIMES,NEVER,SOMETIMES,SOMETIMES,SOMETIMES,PUBLIC,SOMETIMES,SOMETIMES,NO,EVERYONE,SOMETIMES,OLD,NO,NOT_SURE,FRIENDS,NOT_SURE,NO_ONE,NOT_SURE,SMS,SOMETIMES,NO,NO,NEVER,NOT_SURE,NO,OLD,NO,NO,OFTEN,SOMETIMES,SOMETIMES,SOMETIMES,NOT_SURE,NO,SOMETIMES,NOT_SURE,OLD,YES,NO,SOMETIMES,51.5,52.0,50.4,63.3,75.0,45.7,76.7,84.1,61.7,77.8,62,HIGH
SYN-00789,SMB Owner,2026-01-22,PRIVATE,NOT_SURE,PRIVATE,NO,NO,NO,NO,NO,NO,NO,NO,NO,NO,SOMETIMES,NOT_SURE,SOMETIMES,NEVER,SOMETIMES,FRIENDS,SOMETIMES,NEVER,NOT_SURE,FRIENDS_OF_FRIENDS,NEVER,RECENT,YES,NOT_SURE,NO_ONE,NO,FRIENDS,YES,APP_OR_KEY,SOMETIMES,YES,NOT_SURE,OLD,YES,SOMETIMES,NEVER,YES,YES,NEVER,SOMETIMES,YES,NEVER,NO,YES,NEVER,OLD,RECENT,NOT_SURE,SOMETIMES,NEVER,12.0,0.0,39.2,38.3,12.0,30.0,28.2,35.3,10.3,31.2,22,MODERATE
SYN-00790,Educator,2025-11-26,FRIENDS,NO,FRIENDS,NO,NO,NO,NO,NO,NO,NO,NO,NO,NO,NEVER,SOMETIMES,NOT_SURE,NOT_SURE,NEVER,FRIENDS,NEVER,NEVER,NO,APPROVAL,NEVER,RECENT,YES,YES,FRIENDS,NO,FRIENDS,NOT_SURE,APP_OR_KEY,NEVER,NOT_SURE,YES,OLD,YES,YES,RECENT,SOMETIMES,SOMETIMES,NEVER,NEVER,YES,NEVER,NO,YES,NEVER,OLD,OLD,NO,SOMETIMES,NEVER,17.5,0.0,25.6,11.7,0.0,15.0,26.0,23.5,0.0,35.0,14,LOW
SYN-00791,Student,2026-05-19,PUBLIC,YES,FRIENDS,NOT_SURE,YES,NOT_SURE,YES,YES,NO,NOT_SURE,YES,NOT_SURE,YES,SOMETIMES,NEVER,NOT_SURE,OFTEN,SOMETIMES,PRIVATE,SOMETIMES,SOMETIMES,YES,FRIENDS_OF_FRIENDS,SOMETIMES,OLD,SOMETIMES,NOT_SURE,ANYONE,YES,FRIENDS,NO,NONE,SOMETIMES,NO,NO,OLD,NO,SOMETIMES,NOT_SURE,SOMETIMES,SOMETIMES,SOMETIMES,OFTEN,NO,SOMETIMES,NO,SOMETIMES,SOMETIMES,NEVER,OLD,YES,NO,SOMETIMES,79.0,62.7,61.6,46.7,53.7,80.0,84.3,62.4,56.6,82.8,66,HIGH
SYN-00792,Professional,2026-09-12,FRIENDS,NOT_SURE,PUBLIC,YES,YES,YES,NOT_SURE,YES,YES,NOT_SURE,YES,NOT_SURE,NOT_SURE,SOMETIMES,NOT_SURE,SOMETIMES,NOT_SURE,OFTEN,FRIENDS,SOMETIMES,SOMETIMES,YES,EVERYONE,OFTEN,RECENT,NOT_SURE,NO,ANYONE,YES,ANYONE,NO,NONE,SOMETIMES,NOT_SURE,NOT_SURE,NOT_SURE,NO,SOMETIMES,NEVER,SOMETIMES,SOMETIMES,SOMETIMES,OFTEN,SOMETIMES,OFTEN,YES,NOT_SURE,SOMETIMES,NEVER,NEVER,YES,SOMETIMES,OFTEN,72.5,85.3,61.6,58.3,76.0,100.0,80.6,69.4,84.8,92.5,76,CRITICAL
SYN-00793,Student,2026-05-01,FRIENDS,NO,PRIVATE,NO,NO,NO,NO,YES,NO,NO,NO,NO,NO,NOT_SURE,NEVER,NEVER,NEVER,NEVER,FRIENDS,NEVER,NEVER,NO,FRIENDS_OF_FRIENDS,NEVER,OLD,YES,NOT_SURE,NO_ONE,NO,FRIENDS,YES,APP_OR_KEY,NOT_SURE,YES,YES,RECENT,YES,NOT_SURE,NOT_SURE,SOMETIMES,SOMETIMES,NEVER,SOMETIMES,SOMETIMES,NEVER,NO,SOMETIMES,NEVER,OLD,OLD,NO,SOMETIMES,SOMETIMES,10.5,13.3,12.0,11.7,23.0,30.0,15.6,51.8,24.1,44.0,19,LOW
SYN-00794,Professional,2026-04-11,FRIENDS,NO,FRIENDS,NO,NO,NO,NO,NO,NO,NOT_SURE,NO,NO,NOT_SURE,NEVER,SOMETIMES,NEVER,NOT_SURE,NEVER,PRIVATE,SOMETIMES,NEVER,NO,FRIENDS_OF_FRIENDS,NEVER,OLD,SOMETIMES,YES,FRIENDS,NO,NO_ONE,YES,APP_OR_KEY,NEVER,YES,NO,RECENT,YES,YES,NEVER,SOMETIMES,YES,NEVER,NEVER,SOMETIMES,SOMETIMES,NO,YES,NEVER,OLD,NOT_SURE,NOT_SURE,SOMETIMES,SOMETIMES,17.5,8.0,27.2,16.7,29.7,10.0,11.1,47.1,19.3,60.2,21,MODERATE
SYN-00795,Educator,2026-06-26,FRIENDS,NO,FRIENDS,NO,NO,NO,NOT_SURE,NOT_SURE,NO,NO,NO,NO,NO,NEVER,SOMETIMES,SOMETIMES,SOMETIMES,SOMETIMES,FRIENDS,NEVER,NEVER,NO,FRIENDS_OF_FRIENDS,NEVER,OLD,SOMETIMES,YES,FRIENDS,NO,FRIENDS,YES,APP_OR_KEY,SOMETIMES,YES,NOT_SURE,OLD,YES,YES,OLD,SOMETIMES,YES,SOMETIMES,SOMETIMES,SOMETIMES,SOMETIMES,NO,SOMETIMES,NOT_SURE,OLD,OLD,NOT_SURE,SOMETIMES,NEVER,17.5,16.0,36.0,11.7,29.7,15.0,24.0,41.8,41.7,45.0,27,MODERATE
SYN-00796,Student,2026-03-11,PRIVATE,NO,PRIVATE,NOT_SURE,NO,NO,NO,NOT_SURE,NO,NO,NO,NO,NO,NEVER,NOT_SURE,NEVER,NEVER,NEVER,FRIENDS,NEVER,NEVER,NO,FRIENDS_OF_FRIENDS,NEVER,OLD,YES,YES,NO_ONE,NO,FRIENDS,YES,APP_OR_KEY,NOT_SURE,YES,NOT_SURE,OLD,YES,SOMETIMES,OLD,SOMETIMES,YES,SOMETIMES,SOMETIMES,SOMETIMES,NOT_SURE,NO,SOMETIMES,NEVER,OLD,OLD,NOT_SURE,YES,NEVER,12.0,8.0,8.0,11.7,23.0,5.0,26.2,41.8,34.5,37.5,19,LOW
SYN-00797,Student,2026-07-17,FRIENDS,NOT_SURE,PRIVATE,YES,NOT_SURE,NOT_SURE,NO,NOT_SURE,NO,NOT_SURE,NOT_SURE,NOT_SURE,NO,SOMETIMES,SOMETIMES,SOMETIMES,SOMETIMES,NEVER,FRIENDS,NOT_SURE,SOMETIMES,NOT_SURE,APPROVAL,NOT_SURE,RECENT,NOT_SURE,NO,FRIENDS,NOT_SURE,FRIENDS,YES,SMS,SOMETIMES,NOT_SURE,NOT_SURE,OLD,YES,SOMETIMES,OLD,SOMETIMES,YES,SOMETIMES,SOMETIMES,SOMETIMES,NEVER,NO,SOMETIMES,NOT_SURE,OLD,OLD,YES,SOMETIMES,NEVER,47.5,40.0,43.2,48.9,29.3,61.4,39.6,41.8,29.3,55.0,42,HIGH
SYN-00798,Student,2025-12-22,FRIENDS,NO,FRIENDS,NOT_SURE,NOT_SURE,YES,NO,NOT_SURE,NO,NOT_SURE,NOT_SURE,NOT_SURE,YES,SOMETIMES,SOMETIMES,NEVER,OFTEN,NOT_SURE,FRIENDS,SOMETIMES,SOMETIMES,NOT_SURE,FRIENDS_OF_FRIENDS,SOMETIMES,RECENT,YES,NOT_SURE,FRIENDS,NOT_SURE,FRIENDS,NOT_SURE,NOT_SURE,SOMETIMES,NOT_SURE,YES,OLD,NO,SOMETIMES,OLD,NOT_SURE,NOT_SURE,SOMETIMES,SOMETIMES,SOMETIMES,SOMETIMES,NO,NOT_SURE,NOT_SURE,OLD,NOT_SURE,YES,SOMETIMES,SOMETIMES,34.5,48.0,62.0,51.7,36.0,50.7,60.7,62.9,44.5,70.2,51,HIGH
SYN-00799,Student,2026-09-05,PUBLIC,YES,PUBLIC,NOT_SURE,NOT_SURE,YES,NOT_SURE,NOT_SURE,YES,YES,NOT_SURE,YES,YES,NOT_SURE,OFTEN,OFTEN,NOT_SURE,SOMETIMES,PUBLIC,SOMETIMES,SOMETIMES,NOT_SURE,FRIENDS_OF_FRIENDS,OFTEN,NEVER,NOT_SURE,NOT_SURE,ANYONE,NOT_SURE,ANYONE,NO,NONE,OFTEN,NOT_SURE,NO,NEVER,NO,NO,OLD,NOT_SURE,NO,OFTEN,NOT_SURE,SOMETIMES,OFTEN,NO,NOT_SURE,OFTEN,NEVER,NEVER,NOT_SURE,NO,OFTEN,87.0,85.3,75.2,73.3,81.3,78.6,97.5,77.1,56.2,90.0,81,CRITICAL
SYN-00800,Student,2025-11-14,PUBLIC,NOT_SURE,FRIENDS,YES,NOT_SURE,YES,NOT_SURE,NOT_SURE,NOT_SURE,NOT_SURE,YES,YES,NOT_SURE,OFTEN,SOMETIMES,NOT_SURE,SOMETIMES,SOMETIMES,FRIENDS,OFTEN,SOMETIMES,NO,FRIENDS_OF_FRIENDS,OFTEN,NEVER,NO,NOT_SURE,ANYONE,YES,FRIENDS,NOT_SURE,SMS,SOMETIMES,NO,NOT_SURE,OLD,NOT_SURE,NO,NEVER,YES,SOMETIMES,NOT_SURE,SOMETIMES,NOT_SURE,OFTEN,NOT_SURE,NOT_SURE,NOT_SURE,OLD,OLD,YES,NO,SOMETIMES,74.0,76.0,68.0,52.8,85.3,80.0,69.6,55.9,67.6,71.5,70,HIGH
SYN-00801,Educator,2025-11-30,FRIENDS,NOT_SURE,FRIENDS,NOT_SURE,NO,NO,NO,YES,NO,NOT_SURE,NO,NOT_SURE,NOT_SURE,SOMETIMES,SOMETIMES,OFTEN,OFTEN,NEVER,FRIENDS,NEVER,SOMETIMES,NO,FRIENDS_OF_FRIENDS,NOT_SURE,OLD,SOMETIMES,YES,FRIENDS,NO,FRIENDS,YES,SMS,SOMETIMES,NO,NOT_SURE,OLD,NOT_SURE,NOT_SURE,OLD,YES,SOMETIMES,NOT_SURE,NOT_SURE,NOT_SURE,NEVER,NO,SOMETIMES,NOT_SURE,OLD,OLD,NOT_SURE,NO,NOT_SURE,41.5,27.3,65.6,25.0,49.7,15.0,51.5,40.0,30.3,60.0,42,HIGH
SYN-00802,Job Seeker,2025-10-06,FRIENDS,NO,FRIENDS,YES,NOT_SURE,NO,NOT_SURE,NOT_SURE,NO,NO,NOT_SURE,NO,NOT_SURE,SOMETIMES,SOMETIMES,NOT_SURE,SOMETIMES,NEVER,FRIENDS,SOMETIMES,SOMETIMES,NOT_SURE,FRIENDS_OF_FRIENDS,NOT_SURE,RECENT,SOMETIMES,YES,FRIENDS,NO,FRIENDS,NOT_SURE,SMS,NEVER,NO,YES,NEVER,YES,YES,NOT_SURE,SOMETIMES,YES,NEVER,SOMETIMES,YES,NOT_SURE,NO,NOT_SURE,NEVER,OLD,OLD,NOT_SURE,YES,SOMETIMES,42.5,22.0,51.2,51.7,38.7,15.0,37.8,40.0,30.3,46.5,38,MODERATE
SYN-00803,Student,2026-01-26,PUBLIC,NOT_SURE,FRIENDS,NOT_SURE,NOT_SURE,NOT_SURE,NOT_SURE,NOT_SURE,NO,YES,YES,NOT_SURE,YES,OFTEN,SOMETIMES,OFTEN,SOMETIMES,SOMETIMES,FRIENDS,OFTEN,SOMETIMES,NOT_SURE,FRIENDS_OF_FRIENDS,SOMETIMES,OLD,NOT_SURE,NOT_SURE,FRIENDS,YES,FRIENDS,NO,NONE,OFTEN,NO,NO,NEVER,NO,SOMETIMES,NEVER,SOMETIMES,SOMETIMES,SOMETIMES,SOMETIMES,NO,SOMETIMES,NOT_SURE,SOMETIMES,SOMETIMES,NEVER,NOT_SURE,YES,NO,SOMETIMES,66.0,57.3,82.4,62.8,56.3,61.4,95.8,69.4,61.7,89.0,71,CRITICAL
SYN-00804,Job Seeker,2026-07-14,PUBLIC,NOT_SURE,PUBLIC,YES,NOT_SURE,NOT_SURE,NOT_SURE,NOT_SURE,NOT_SURE,NOT_SURE,NOT_SURE,NOT_SURE,NOT_SURE,SOMETIMES,OFTEN,OFTEN,SOMETIMES,SOMETIMES,FRIENDS,SOMETIMES,SOMETIMES,YES,FRIENDS_OF_FRIENDS,OFTEN,NOT_SURE,SOMETIMES,NOT_SURE,FRIENDS,NOT_SURE,FRIENDS,NOT_SURE,NOT_SURE,NEVER,NO,NO,OLD,NO,SOMETIMES,OLD,SOMETIMES,NOT_SURE,SOMETIMES,SOMETIMES,NOT_SURE,SOMETIMES,NO,SOMETIMES,SOMETIMES,NEVER,NEVER,YES,NOT_SURE,NOT_SURE,87.0,60.0,72.8,58.3,74.7,50.7,62.6,58.2,45.5,88.0,66,HIGH
SYN-00805,Job Seeker,2026-05-21,FRIENDS,NOT_SURE,FRIENDS,NOT_SURE,NOT_SURE,NOT_SURE,NOT_SURE,NOT_SURE,NO,NOT_SURE,YES,NO,NOT_SURE,OFTEN,OFTEN,SOMETIMES,SOMETIMES,NOT_SURE,FRIENDS,NOT_SURE,OFTEN,NOT_SURE,EVERYONE,NOT_SURE,NEVER,SOMETIMES,NO,FRIENDS,NOT_SURE,FRIENDS,NOT_SURE,SMS,SOMETIMES,NO,NO,NEVER,NO,NOT_SURE,OLD,NO,SOMETIMES,SOMETIMES,SOMETIMES,SOMETIMES,SOMETIMES,NOT_SURE,SOMETIMES,NOT_SURE,NEVER,NEVER,YES,NO,NEVER,46.5,46.0,74.8,57.8,73.3,61.4,77.5,65.3,53.8,85.0,63,HIGH
SYN-00806,Professional,2025-11-02,FRIENDS,NO,PRIVATE,NOT_SURE,NOT_SURE,NO,NO,NO,NO,NO,NO,NOT_SURE,NOT_SURE,SOMETIMES,NEVER,NEVER,NOT_SURE,SOMETIMES,PRIVATE,SOMETIMES,NEVER,NOT_SURE,FRIENDS_OF_FRIENDS,NEVER,RECENT,YES,YES,NO_ONE,NO,FRIENDS,YES,APP_OR_KEY,NEVER,YES,NOT_SURE,OLD,YES,YES,RECENT,YES,YES,SOMETIMES,NEVER,YES,SOMETIMES,NO,YES,NEVER,OLD,OLD,NOT_SURE,SOMETIMES,SOMETIMES,27.5,6.0,39.2,26.7,12.0,5.0,12.4,10.6,12.4,54.0,20,LOW
SYN-00807,Student,2025-12-24,FRIENDS,NOT_SURE,PUBLIC,YES,NOT_SURE,YES,NOT_SURE,NOT_SURE,NOT_SURE,NO,NOT_SURE,YES,NOT_SURE,OFTEN,NOT_SURE,NOT_SURE,NOT_SURE,SOMETIMES,FRIENDS,SOMETIMES,SOMETIMES,NOT_SURE,EVERYONE,SOMETIMES,NEVER,SOMETIMES,NOT_SURE,ANYONE,YES,FRIENDS,NOT_SURE,SMS,SOMETIMES,NO,NO,OLD,NO,SOMETIMES,OLD,SOMETIMES,SOMETIMES,SOMETIMES,SOMETIMES,NOT_SURE,SOMETIMES,NOT_SURE,NOT_SURE,SOMETIMES,NOT_SURE,OLD,YES,NO,OFTEN,67.5,64.0,64.8,51.7,77.3,80.0,72.1,53.5,60.3,83.8,67,HIGH
SYN-00808,Student,2026-04-14,FRIENDS,NOT_SURE,FRIENDS,NO,NOT_SURE,NOT_SURE,NOT_SURE,NOT_SURE,NO,NOT_SURE,NO,YES,NOT_SURE,SOMETIMES,SOMETIMES,NOT_SURE,SOMETIMES,SOMETIMES,PRIVATE,SOMETIMES,NEVER,NOT_SURE,APPROVAL,SOMETIMES,OLD,NOT_SURE,YES,FRIENDS,NO,FRIENDS,NOT_SURE,NOT_SURE,SOMETIMES,NOT_SURE,NOT_SURE,OLD,YES,SOMETIMES,NEVER,YES,YES,NOT_SURE,NOT_SURE,SOMETIMES,NOT_SURE,NO,NOT_SURE,NEVER,NEVER,OLD,NOT_SURE,SOMETIMES,SOMETIMES,34.5,46.0,58.4,26.7,44.3,15.0,57.4,44.1,35.5,65.2,45,HIGH
SYN-00809,Professional,2025-10-10,FRIENDS,NOT_SURE,FRIENDS,NOT_SURE,YES,NOT_SURE,YES,NOT_SURE,NO,NO,YES,YES,NOT_SURE,NOT_SURE,SOMETIMES,SOMETIMES,SOMETIMES,OFTEN,FRIENDS,NOT_SURE,SOMETIMES,NOT_SURE,FRIENDS_OF_FRIENDS,NOT_SURE,OLD,NO,NOT_SURE,FRIENDS,NO,FRIENDS,NOT_SURE,SMS,SOMETIMES,NOT_SURE,NOT_SURE,OLD,NOT_SURE,NO,NOT_SURE,SOMETIMES,SOMETIMES,SOMETIMES,SOMETIMES,SOMETIMES,NOT_SURE,NO,SOMETIMES,SOMETIMES,NOT_SURE,OLD,YES,SOMETIMES,SOMETIMES,51.5,53.3,62.4,48.9,56.3,40.0,67.1,62.4,40.7,70.2,56,HIGH
SYN-00810,Professional,2026-09-05,PRIVATE,NO,PRIVATE,NO,NO,NO,NO,NO,NO,NO,NO,NO,NO,NEVER,NEVER,NEVER,NEVER,NEVER,PRIVATE,NEVER,NEVER,NO,APPROVAL,NEVER,RECENT,YES,YES,FRIENDS,NO,NO_ONE,YES,APP_OR_KEY,NEVER,YES,YES,RECENT,YES,SOMETIMES,RECENT,YES,YES,NEVER,NEVER,NOT_SURE,NOT_SURE,NO,YES,NEVER,RECENT,RECENT,NO,SOMETIMES,NEVER,0.0,0.0,0.0,0.0,0.0,10.0,4.2,0.0,20.0,7.5,4,LOW
SYN-00811,SMB Owner,2026-04-09,PUBLIC,YES,FRIENDS,NOT_SURE,YES,NOT_SURE,NO,NOT_SURE,NO,NOT_SURE,YES,NOT_SURE,NO,SOMETIMES,SOMETIMES,SOMETIMES,SOMETIMES,NOT_SURE,FRIENDS,SOMETIMES,OFTEN,YES,FRIENDS_OF_FRIENDS,NOT_SURE,NOT_SURE,NOT_SURE,NOT_SURE,FRIENDS,YES,FRIENDS,NOT_SURE,SMS,OFTEN,NO,NO,OLD,NOT_SURE,SOMETIMES,NEVER,SOMETIMES,NO,NOT_SURE,SOMETIMES,NO,NOT_SURE,NO,NOT_SURE,SOMETIMES,OLD,OLD,NO,NO,SOMETIMES,79.0,44.0,49.2,67.2,57.3,61.4,76.5,79.4,50.3,51.5,60,HIGH
SYN-00812,Professional,2026-09-15,PUBLIC,YES,FRIENDS,NOT_SURE,NOT_SURE,NOT_SURE,NOT_SURE,NOT_SURE,NO,NOT_SURE,NOT_SURE,NOT_SURE,NOT_SURE,SOMETIMES,SOMETIMES,SOMETIMES,SOMETIMES,OFTEN,FRIENDS,SOMETIMES,SOMETIMES,YES,FRIENDS_OF_FRIENDS,NOT_SURE,OLD,SOMETIMES,NOT_SURE,ANYONE,YES,ANYONE,NOT_SURE,SMS,OFTEN,NOT_SURE,NOT_SURE,NEVER,NOT_SURE,NO,NEVER,NOT_SURE,NOT_SURE,SOMETIMES,SOMETIMES,NOT_SURE,SOMETIMES,NOT_SURE,NOT_SURE,SOMETIMES,NOT_SURE,NOT_SURE,NOT_SURE,NO,SOMETIMES,74.0,48.0,64.8,58.3,49.7,89.3,78.6,78.8,60.3,74.0,65,HIGH
SYN-00813,SMB Owner,2026-02-13,FRIENDS,YES,FRIENDS,NO,NO,NO,NO,NO,NO,NOT_SURE,YES,NO,NOT_SURE,NEVER,SOMETIMES,NOT_SURE,NOT_SURE,SOMETIMES,FRIENDS,SOMETIMES,SOMETIMES,NOT_SURE,FRIENDS_OF_FRIENDS,SOMETIMES,RECENT,SOMETIMES,NOT_SURE,ANYONE,NOT_SURE,FRIENDS,YES,APP_OR_KEY,SOMETIMES,NO,YES,NEVER,NOT_SURE,SOMETIMES,OLD,SOMETIMES,SOMETIMES,SOMETIMES,SOMETIMES,SOMETIMES,SOMETIMES,NO,SOMETIMES,NEVER,OLD,OLD,NOT_SURE,NOT_SURE,SOMETIMES,37.5,18.0,42.4,51.7,42.7,69.3,40.3,53.5,36.6,57.0,41,HIGH
SYN-00814,Educator,2026-03-12,PUBLIC,NOT_SURE,FRIENDS,YES,YES,NOT_SURE,YES,NOT_SURE,NOT_SURE,NOT_SURE,YES,YES,NOT_SURE,OFTEN,SOMETIMES,OFTEN,OFTEN,SOMETIMES,FRIENDS,OFTEN,NOT_SURE,NOT_SURE,FRIENDS_OF_FRIENDS,SOMETIMES,NEVER,SOMETIMES,NOT_SURE,ANYONE,YES,ANYONE,NO,NONE,OFTEN,NO,NOT_SURE,NEVER,NO,NO,NEVER,NO,NO,SOMETIMES,OFTEN,NO,OFTEN,NOT_SURE,NOT_SURE,SOMETIMES,NEVER,NEVER,YES,NO,SOMETIMES,79.0,73.3,82.4,60.6,62.7,89.3,96.7,92.9,79.7,94.0,80,CRITICAL
SYN-00815,Professional,2026-09-08,PUBLIC,NO,FRIENDS,NOT_SURE,YES,NOT_SURE,NOT_SURE,NOT_SURE,NO,NOT_SURE,NOT_SURE,YES,NO,SOMETIMES,SOMETIMES,SOMETIMES,SOMETIMES,SOMETIMES,PUBLIC,SOMETIMES,SOMETIMES,NOT_SURE,FRIENDS_OF_FRIENDS,OFTEN,OLD,SOMETIMES,YES,FRIENDS,YES,FRIENDS,NOT_SURE,SMS,NOT_SURE,NO,NO,NOT_SURE,NO,SOMETIMES,NEVER,SOMETIMES,SOMETIMES,NOT_SURE,NOT_SURE,SOMETIMES,NOT_SURE,NO,NOT_SURE,SOMETIMES,OLD,OLD,NOT_SURE,SOMETIMES,SOMETIMES,59.0,52.0,50.4,73.3,69.7,36.4,72.2,67.6,41.7,54.0,58,HIGH
SYN-00816,Student,2025-10-27,FRIENDS,NOT_SURE,FRIENDS,NOT_SURE,NOT_SURE,NOT_SURE,NOT_SURE,YES,NOT_SURE,NOT_SURE,NOT_SURE,NOT_SURE,NOT_SURE,NOT_SURE,SOMETIMES,NEVER,OFTEN,SOMETIMES,FRIENDS,NEVER,OFTEN,YES,EVERYONE,SOMETIMES,NEVER,NO,NOT_SURE,FRIENDS,YES,FRIENDS,NOT_SURE,SMS,SOMETIMES,NOT_SURE,NO,OLD,YES,NO,NOT_SURE,NO,NO,SOMETIMES,SOMETIMES,NOT_SURE,SOMETIMES,NOT_SURE,SOMETIMES,NOT_SURE,NEVER,NOT_SURE,YES,NO,SOMETIMES,46.5,65.3,54.4,50.6,84.0,61.4,62.6,85.9,56.6,89.0,63,HIGH
SYN-00817,Student,2026-03-26,FRIENDS,NO,FRIENDS,NO,NO,NO,NOT_SURE,NO,NOT_SURE,NOT_SURE,NOT_SURE,NOT_SURE,NO,SOMETIMES,NEVER,NEVER,NOT_SURE,NEVER,FRIENDS,NOT_SURE,SOMETIMES,NO,APPROVAL,SOMETIMES,NOT_SURE,SOMETIMES,NO,FRIENDS,NOT_SURE,FRIENDS,YES,SMS,NOT_SURE,YES,NOT_SURE,OLD,YES,YES,NOT_SURE,SOMETIMES,YES,SOMETIMES,SOMETIMES,YES,SOMETIMES,NO,SOMETIMES,NEVER,NEVER,OLD,NOT_SURE,NO,SOMETIMES,17.5,40.0,22.4,38.9,46.7,61.4,27.6,50.6,29.7,72.8,36,MODERATE
SYN-00818,Student,2026-02-15,PRIVATE,NO,PRIVATE,NO,NO,NO,NO,NO,NO,NO,NO,NO,NO,SOMETIMES,NEVER,NEVER,NEVER,NEVER,PRIVATE,NEVER,SOMETIMES,NOT_SURE,APPROVAL,NEVER,RECENT,YES,YES,NO_ONE,NO,FRIENDS,NO,NONE,NEVER,YES,NO,OLD,YES,NOT_SURE,OLD,NOT_SURE,YES,NEVER,NEVER,YES,NOT_SURE,NO,YES,NEVER,OLD,RECENT,NOT_SURE,SOMETIMES,NEVER,0.0,0.0,14.4,23.3,0.0,5.0,54.9,35.9,10.3,31.2,17,LOW
SYN-00819,Job Seeker,2026-08-01,FRIENDS,NOT_SURE,FRIENDS,NOT_SURE,NO,NO,NOT_SURE,NOT_SURE,NOT_SURE,NOT_SURE,NOT_SURE,YES,NOT_SURE,SOMETIMES,SOMETIMES,SOMETIMES,SOMETIMES,SOMETIMES,PRIVATE,SOMETIMES,SOMETIMES,NO,FRIENDS_OF_FRIENDS,SOMETIMES,OLD,SOMETIMES,NOT_SURE,FRIENDS,NOT_SURE,FRIENDS,NO,NONE,SOMETIMES,NO,NO,OLD,NOT_SURE,SOMETIMES,NEVER,YES,SOMETIMES,NOT_SURE,SOMETIMES,YES,SOMETIMES,NO,SOMETIMES,SOMETIMES,NEVER,NOT_SURE,YES,NO,SOMETIMES,41.5,52.0,60.0,30.0,53.7,50.7,81.0,55.9,35.9,89.0,55,HIGH
SYN-00820,Student,2025-12-04,PRIVATE,NO,PRIVATE,NO,NO,NO,NO,NO,NO,NO,NOT_SURE,NO,NO,SOMETIMES,NOT_SURE,NOT_SURE,SOMETIMES,NEVER,FRIENDS,SOMETIMES,SOMETIMES,NO,FRIENDS_OF_FRIENDS,NOT_SURE,RECENT,YES,NOT_SURE,NO_ONE,NO,FRIENDS,NOT_SURE,APP_OR_KEY,NEVER,NO,YES,OLD,YES,YES,OLD,SOMETIMES,NOT_SURE,NEVER,NOT_SURE,YES,SOMETIMES,NO,YES,NEVER,OLD,OLD,NOT_SURE,YES,SOMETIMES,0.0,6.0,40.0,41.7,32.0,30.0,28.5,47.6,21.0,46.5,27,MODERATE
SYN-00821,Student,2026-05-23,FRIENDS,NOT_SURE,FRIENDS,NO,NOT_SURE,NOT_SURE,NOT_SURE,NO,NO,NO,NOT_SURE,NOT_SURE,NOT_SURE,SOMETIMES,SOMETIMES,NOT_SURE,SOMETIMES,NEVER,FRIENDS,NOT_SURE,NEVER,NOT_SURE,APPROVAL,NEVER,OLD,YES,NO,FRIENDS,NO,FRIENDS,NOT_SURE,APP_OR_KEY,NOT_SURE,YES,NOT_SURE,OLD,NOT_SURE,SOMETIMES,OLD,SOMETIMES,SOMETIMES,NEVER,NEVER,SOMETIMES,SOMETIMES,NO,SOMETIMES,SOMETIMES,NOT_SURE,OLD,NOT_SURE,SOMETIMES,NEVER,34.5,32.0,51.2,35.6,11.0,50.7,49.6,42.9,32.4,51.2,39,MODERATE
SYN-00822,Student,2026-03-23,FRIENDS,NO,PUBLIC,NO,NO,NOT_SURE,NOT_SURE,NO,NOT_SURE,NOT_SURE,NOT_SURE,NOT_SURE,NOT_SURE,SOMETIMES,SOMETIMES,NOT_SURE,SOMETIMES,NOT_SURE,FRIENDS,SOMETIMES,SOMETIMES,NO,FRIENDS_OF_FRIENDS,SOMETIMES,OLD,NO,NOT_SURE,FRIENDS,NOT_SURE,ANYONE,NOT_SURE,SMS,SOMETIMES,NO,NO,RECENT,YES,NO,NOT_SURE,SOMETIMES,NOT_SURE,OFTEN,SOMETIMES,SOMETIMES,NOT_SURE,NO,SOMETIMES,NOT_SURE,OLD,NEVER,NOT_SURE,NO,OFTEN,30.5,52.0,57.2,41.7,60.3,60.0,60.6,74.1,39.7,78.8,53,HIGH
SYN-00823,Student,2026-06-26,PRIVATE,NOT_SURE,FRIENDS,NO,NO,NO,NO,NO,NO,NO,YES,NO,NOT_SURE,NEVER,NEVER,SOMETIMES,SOMETIMES,NEVER,FRIENDS,NOT_SURE,NEVER,NOT_SURE,FRIENDS_OF_FRIENDS,NEVER,RECENT,YES,NOT_SURE,FRIENDS,NOT_SURE,NO_ONE,NOT_SURE,NOT_SURE,NEVER,YES,NO,RECENT,NOT_SURE,YES,OLD,SOMETIMES,YES,NOT_SURE,NEVER,SOMETIMES,NOT_SURE,NO,YES,NEVER,OLD,OLD,NO,SOMETIMES,NEVER,19.0,10.0,28.8,35.6,12.0,45.7,42.2,40.0,17.2,35.0,27,MODERATE
SYN-00824,Job Seeker,2025-10-04,FRIENDS,NOT_SURE,FRIENDS,YES,NOT_SURE,NO,NOT_SURE,NOT_SURE,NOT_SURE,YES,NOT_SURE,NOT_SURE,YES,SOMETIMES,NOT_SURE,SOMETIMES,NEVER,SOMETIMES,FRIENDS,SOMETIMES,SOMETIMES,NO,EVERYONE,SOMETIMES,NOT_SURE,SOMETIMES,NOT_SURE,FRIENDS,YES,FRIENDS,NO,NONE,SOMETIMES,NO,NO,NOT_SURE,NOT_SURE,NO,NEVER,SOMETIMES,SOMETIMES,SOMETIMES,SOMETIMES,SOMETIMES,SOMETIMES,NOT_SURE,NOT_SURE,SOMETIMES,NEVER,NEVER,YES,NO,NOT_SURE,54.5,53.3,55.2,41.7,73.3,61.4,87.2,69.4,57.6,92.5,63,HIGH
SYN-00825,Educator,2026-03-30,FRIENDS,NO,FRIENDS,NOT_SURE,NOT_SURE,NO,NOT_SURE,NOT_SURE,NO,NOT_SURE,YES,NOT_SURE,NOT_SURE,NOT_SURE,SOMETIMES,NOT_SURE,NOT_SURE,OFTEN,FRIENDS,SOMETIMES,SOMETIMES,NO,FRIENDS_OF_FRIENDS,SOMETIMES,OLD,SOMETIMES,YES,FRIENDS,NOT_SURE,ANYONE,NOT_SURE,APP_OR_KEY,NOT_SURE,YES,NO,NOT_SURE,NOT_SURE,SOMETIMES,NEVER,SOMETIMES,YES,SOMETIMES,SOMETIMES,NO,SOMETIMES,NOT_SURE,SOMETIMES,NOT_SURE,OLD,OLD,NOT_SURE,SOMETIMES,SOMETIMES,34.5,40.0,59.2,41.7,53.7,35.0,55.0,57.6,60.7,54.0,50,HIGH
SYN-00826,Professional,2026-06-08,FRIENDS,NO,FRIENDS,NO,NOT_SURE,NO,NO,NO,NO,NO,NO,NO,NO,SOMETIMES,SOMETIMES,NEVER,NEVER,NEVER,PRIVATE,NEVER,NEVER,NO,FRIENDS_OF_FRIENDS,NOT_SURE,OLD,SOMETIMES,YES,NO_ONE,NO,NO_ONE,YES,APP_OR_KEY,NEVER,YES,YES,RECENT,YES,YES,NOT_SURE,SOMETIMES,YES,SOMETIMES,NOT_SURE,SOMETIMES,NOT_SURE,NOT_SURE,YES,NEVER,OLD,OLD,NOT_SURE,YES,NEVER,22.5,0.0,24.0,0.0,49.7,0.0,0.0,50.6,37.9,37.5,19,LOW
SYN-00827,Educator,2026-04-08,FRIENDS,NO,FRIENDS,NO,NO,NO,NO,NO,NO,NO,NO,NOT_SURE,NO,NEVER,NEVER,NEVER,NEVER,NOT_SURE,FRIENDS,NEVER,SOMETIMES,NO,APPROVAL,NEVER,OLD,SOMETIMES,YES,NO_ONE,NO,FRIENDS,YES,APP_OR_KEY,SOMETIMES,YES,YES,OLD,YES,YES,OLD,YES,YES,NEVER,NEVER,YES,NEVER,NO,YES,NOT_SURE,OLD,OLD,NOT_SURE,SOMETIMES,SOMETIMES,17.5,6.0,6.0,25.0,17.7,5.0,16.2,19.4,5.2,54.0,15,LOW
SYN-00828,Student,2026-04-24,FRIENDS,NO,PRIVATE,NO,NO,NO,NO,NO,NO,NOT_SURE,NO,NOT_SURE,NO,NEVER,NEVER,NEVER,NOT_SURE,NEVER,FRIENDS,NOT_SURE,NEVER,NOT_SURE,FRIENDS_OF_FRIENDS,NOT_SURE,OLD,SOMETIMES,YES,FRIENDS,NOT_SURE,FRIENDS,NOT_SURE,SMS,SOMETIMES,YES,NOT_SURE,RECENT,NOT_SURE,SOMETIMES,OLD,YES,SOMETIMES,SOMETIMES,NEVER,NOT_SURE,SOMETIMES,NO,SOMETIMES,SOMETIMES,OLD,OLD,NO,YES,SOMETIMES,10.5,14.0,8.0,35.6,49.7,25.7,52.5,41.8,35.2,36.5,29,MODERATE
SYN-00829,Professional,2026-08-11,PRIVATE,NO,PRIVATE,NO,NO,NO,NO,NO,NO,NO,NO,NO,NO,NOT_SURE,NEVER,SOMETIMES,SOMETIMES,NEVER,FRIENDS,NEVER,NEVER,NO,APPROVAL,NEVER,OLD,YES,YES,NO_ONE,NOT_SURE,NO_ONE,YES,APP_OR_KEY,NEVER,YES,NOT_SURE,RECENT,YES,YES,RECENT,SOMETIMES,SOMETIMES,NEVER,SOMETIMES,SOMETIMES,NEVER,NO,SOMETIMES,NEVER,RECENT,OLD,NOT_SURE,SOMETIMES,NEVER,0.0,0.0,31.2,11.7,11.0,10.7,7.8,23.5,24.1,31.2,14,LOW
SYN-00830,Job Seeker,2026-06-15,PRIVATE,NOT_SURE,FRIENDS,NOT_SURE,NO,NO,NOT_SURE,NOT_SURE,NO,NO,NO,NO,NO,NOT_SURE,NEVER,NEVER,NEVER,OFTEN,PRIVATE,SOMETIMES,SOMETIMES,NOT_SURE,APPROVAL,SOMETIMES,OLD,SOMETIMES,YES,NO_ONE,NOT_SURE,NO_ONE,YES,SMS,SOMETIMES,YES,NO,NOT_SURE,NOT_SURE,YES,OLD,YES,SOMETIMES,NEVER,NEVER,YES,NOT_SURE,NO,SOMETIMES,SOMETIMES,OLD,OLD,NOT_SURE,NOT_SURE,NOT_SURE,31.0,16.0,24.0,40.0,41.7,10.7,42.8,31.2,23.4,55.5,31,MODERATE
SYN-00831,Professional,2026-04-07,FRIENDS,NO,PUBLIC,NOT_SURE,YES,NOT_SURE,NOT_SURE,YES,NOT_SURE,NOT_SURE,NOT_SURE,NOT_SURE,NOT_SURE,OFTEN,SOMETIMES,NOT_SURE,NOT_SURE,OFTEN,FRIENDS,SOMETIMES,SOMETIMES,NOT_SURE,FRIENDS_OF_FRIENDS,SOMETIMES,OLD,SOMETIMES,NO,FRIENDS,YES,ANYONE,NOT_SURE,SMS,SOMETIMES,NOT_SURE,NOT_SURE,OLD,NOT_SURE,SOMETIMES,NEVER,NOT_SURE,SOMETIMES,NOT_SURE,OFTEN,SOMETIMES,SOMETIMES,NOT_SURE,YES,SOMETIMES,OLD,OLD,YES,SOMETIMES,SOMETIMES,52.5,65.3,71.2,51.7,53.7,81.4,62.9,72.4,54.8,64.0,62,HIGH
SYN-00832,Student,2026-04-12,FRIENDS,YES,FRIENDS,NO,NOT_SURE,NO,NO,NOT_SURE,NO,NO,NOT_SURE,NO,NOT_SURE,SOMETIMES,NEVER,NEVER,SOMETIMES,SOMETIMES,FRIENDS,SOMETIMES,SOMETIMES,NOT_SURE,FRIENDS_OF_FRIENDS,NEVER,OLD,SOMETIMES,YES,FRIENDS,NO,FRIENDS,YES,SMS,NOT_SURE,NOT_SURE,NOT_SURE,NOT_SURE,NOT_SURE,YES,OLD,NOT_SURE,YES,SOMETIMES,NEVER,NO,NEVER,NO,SOMETIMES,NOT_SURE,OLD,OLD,NOT_SURE,SOMETIMES,OFTEN,42.5,14.0,40.8,51.7,29.7,15.0,43.3,46.5,25.9,60.0,36,MODERATE
SYN-00833,Student,2026-02-14,PRIVATE,NO,PRIVATE,NO,NO,NO,NO,NO,NO,NO,NO,NOT_SURE,NOT_SURE,NEVER,NEVER,NEVER,NEVER,NEVER,FRIENDS,NEVER,SOMETIMES,NOT_SURE,APPROVAL,SOMETIMES,RECENT,YES,YES,NO_ONE,NO,NO_ONE,YES,SMS,NEVER,YES,YES,OLD,YES,YES,OLD,SOMETIMES,YES,NEVER,NEVER,YES,NEVER,NO,YES,NEVER,OLD,OLD,NO,NOT_SURE,NEVER,0.0,6.0,9.6,35.0,24.0,0.0,10.1,31.2,0.0,38.0,13,LOW
SYN-00834,Job Seeker,2026-07-04,FRIENDS,YES,PUBLIC,NOT_SURE,YES,NOT_SURE,NOT_SURE,NOT_SURE,NO,YES,NOT_SURE,YES,NOT_SURE,SOMETIMES,NOT_SURE,NOT_SURE,NEVER,SOMETIMES,FRIENDS,SOMETIMES,OFTEN,NOT_SURE,FRIENDS_OF_FRIENDS,SOMETIMES,OLD,SOMETIMES,NOT_SURE,FRIENDS,YES,FRIENDS,NOT_SURE,SMS,SOMETIMES,NO,NOT_SURE,NEVER,YES,YES,NEVER,NOT_SURE,SOMETIMES,SOMETIMES,SOMETIMES,SOMETIMES,SOMETIMES,NO,SOMETIMES,SOMETIMES,NEVER,NEVER,NOT_SURE,NOT_SURE,SOMETIMES,72.5,57.3,47.2,60.6,53.7,61.4,57.2,74.1,42.8,79.5,58,HIGH
SYN-00835,Educator,2025-10-15,PRIVATE,NO,PRIVATE,NO,NO,NO,NO,NO,NO,NO,NO,NO,NO,NEVER,NEVER,NEVER,SOMETIMES,NEVER,FRIENDS,NEVER,NEVER,NO,APPROVAL,NEVER,RECENT,YES,YES,NO_ONE,NO,FRIENDS,YES,APP_OR_KEY,NEVER,YES,YES,OLD,YES,YES,RECENT,SOMETIMES,YES,NEVER,NEVER,YES,NEVER,NO,YES,NOT_SURE,RECENT,RECENT,NO,SOMETIMES,NEVER,0.0,0.0,9.6,11.7,0.0,5.0,4.6,11.8,5.2,7.5,5,LOW
SYN-00836,Student,2026-07-23,PRIVATE,NO,FRIENDS,NO,NO,NO,NO,NO,NO,NOT_SURE,NO,NO,NO,NOT_SURE,NEVER,NEVER,NOT_SURE,NEVER,PRIVATE,NEVER,SOMETIMES,NO,FRIENDS_OF_FRIENDS,NOT_SURE,RECENT,YES,NOT_SURE,FRIENDS,NO,NO_ONE,YES,SMS,NEVER,YES,YES,OLD,YES,YES,OLD,SOMETIMES,YES,NEVER,SOMETIMES,SOMETIMES,SOMETIMES,NO,SOMETIMES,NEVER,OLD,RECENT,NOT_SURE,SOMETIMES,NEVER,7.0,8.0,20.0,13.3,32.0,35.0,10.1,31.2,36.6,31.2,19,LOW
SYN-00837,Educator,2026-01-09,FRIENDS,NOT_SURE,FRIENDS,NO,NOT_SURE,NO,NO,NO,NO,YES,NOT_SURE,YES,NOT_SURE,NOT_SURE,SOMETIMES,NEVER,NOT_SURE,SOMETIMES,FRIENDS,NOT_SURE,NOT_SURE,NOT_SURE,FRIENDS_OF_FRIENDS,SOMETIMES,RECENT,SOMETIMES,NOT_SURE,ANYONE,NOT_SURE,FRIENDS,YES,APP_OR_KEY,SOMETIMES,NOT_SURE,NOT_SURE,OLD,YES,YES,OLD,SOMETIMES,SOMETIMES,SOMETIMES,NOT_SURE,SOMETIMES,SOMETIMES,NOT_SURE,YES,NEVER,OLD,OLD,NO,SOMETIMES,NEVER,34.5,29.3,46.4,46.7,42.7,69.3,29.9,53.5,40.0,35.0,40,MODERATE
SYN-00838,Job Seeker,2026-07-13,FRIENDS,NO,PRIVATE,NO,NO,NO,NO,NO,NO,NO,NOT_SURE,NO,NOT_SURE,NEVER,NEVER,SOMETIMES,NEVER,NEVER,FRIENDS,NOT_SURE,NEVER,NO,APPROVAL,NEVER,OLD,YES,YES,FRIENDS,NO,NO_ONE,NOT_SURE,APP_OR_KEY,NEVER,NOT_SURE,NOT_SURE,OLD,NOT_SURE,SOMETIMES,OLD,YES,SOMETIMES,SOMETIMES,NEVER,YES,SOMETIMES,NO,YES,NOT_SURE,OLD,RECENT,NOT_SURE,SOMETIMES,SOMETIMES,10.5,6.0,19.2,25.6,11.0,10.0,45.7,41.8,17.6,40.3,22,MODERATE
SYN-00839,Student,2026-06-01,FRIENDS,NOT_SURE,FRIENDS,NOT_SURE,YES,NOT_SURE,NOT_SURE,NOT_SURE,NOT_SURE,NOT_SURE,NOT_SURE,NOT_SURE,NO,SOMETIMES,SOMETIMES,NOT_SURE,SOMETIMES,NEVER,PUBLIC,SOMETIMES,SOMETIMES,NOT_SURE,APPROVAL,SOMETIMES,OLD,SOMETIMES,NOT_SURE,FRIENDS,NOT_SURE,FRIENDS,YES,SMS,NOT_SURE,NO,NOT_SURE,NEVER,NO,SOMETIMES,NEVER,SOMETIMES,SOMETIMES,SOMETIMES,SOMETIMES,SOMETIMES,SOMETIMES,NO,SOMETIMES,SOMETIMES,NOT_SURE,OLD,NOT_SURE,SOMETIMES,NEVER,51.5,60.0,41.6,73.3,41.7,50.7,55.0,69.4,42.8,51.2,53,HIGH
SYN-00840,Professional,2026-05-02,FRIENDS,NO,FRIENDS,NOT_SURE,NO,NOT_SURE,NOT_SURE,NO,NO,NOT_SURE,NO,NO,NO,NOT_SURE,NEVER,NEVER,NOT_SURE,NEVER,FRIENDS,SOMETIMES,SOMETIMES,NOT_SURE,FRIENDS_OF_FRIENDS,NEVER,RECENT,SOMETIMES,NOT_SURE,FRIENDS,YES,FRIENDS,YES,SMS,NEVER,NOT_SURE,YES,OLD,YES,SOMETIMES,OLD,SOMETIMES,SOMETIMES,SOMETIMES,SOMETIMES,SOMETIMES,NEVER,NO,SOMETIMES,SOMETIMES,OLD,RECENT,NO,SOMETIMES,NEVER,29.5,28.0,20.0,51.7,18.7,61.4,20.1,53.5,30.3,21.2,30,MODERATE
SYN-00841,Job Seeker,2026-08-12,FRIENDS,NOT_SURE,FRIENDS,NO,YES,NO,NO,YES,NO,NOT_SURE,NOT_SURE,NOT_SURE,NOT_SURE,SOMETIMES,SOMETIMES,NOT_SURE,OFTEN,SOMETIMES,FRIENDS,SOMETIMES,NOT_SURE,NOT_SURE,FRIENDS_OF_FRIENDS,OFTEN,OLD,YES,NO,ANYONE,NOT_SURE,FRIENDS,NOT_SURE,NOT_SURE,NEVER,NOT_SURE,NO,NEVER,NOT_SURE,NO,NEVER,NO,SOMETIMES,NEVER,NOT_SURE,NOT_SURE,OFTEN,NO,NOT_SURE,SOMETIMES,NEVER,NEVER,YES,NO,NOT_SURE,39.5,33.3,64.8,49.4,63.0,80.0,64.7,70.6,54.8,92.5,57,HIGH
SYN-00842,Student,2026-09-04,PRIVATE,NO,FRIENDS,NOT_SURE,NOT_SURE,NO,NO,NO,NO,NO,NOT_SURE,NO,NO,NEVER,NEVER,SOMETIMES,SOMETIMES,SOMETIMES,FRIENDS,NOT_SURE,SOMETIMES,NOT_SURE,FRIENDS_OF_FRIENDS,NEVER,RECENT,SOMETIMES,NOT_SURE,NO_ONE,NOT_SURE,NO_ONE,YES,APP_OR_KEY,SOMETIMES,YES,NO,OLD,NOT_SURE,YES,OLD,YES,SOMETIMES,NEVER,SOMETIMES,YES,SOMETIMES,NO,NOT_SURE,SOMETIMES,OLD,RECENT,NOT_SURE,SOMETIMES,NEVER,24.0,6.0,26.4,48.9,18.7,35.7,35.1,31.2,38.6,31.2,28,MODERATE
SYN-00843,Student,2025-12-07,PUBLIC,YES,FRIENDS,YES,NOT_SURE,NO,NOT_SURE,NOT_SURE,NOT_SURE,YES,NOT_SURE,YES,NOT_SURE,SOMETIMES,OFTEN,NOT_SURE,OFTEN,SOMETIMES,PUBLIC,SOMETIMES,OFTEN,NOT_SURE,FRIENDS_OF_FRIENDS,OFTEN,OLD,NOT_SURE,NOT_SURE,FRIENDS,YES,FRIENDS,NO,NONE,OFTEN,NO,NOT_SURE,NOT_SURE,NO,SOMETIMES,OLD,SOMETIMES,SOMETIMES,OFTEN,SOMETIMES,NO,SOMETIMES,NO,SOMETIMES,SOMETIMES,NEVER,NOT_SURE,YES,NO,SOMETIMES,82.0,57.3,71.2,82.2,72.3,61.4,90.8,60.6,49.7,89.0,72,CRITICAL
SYN-00844,Student,2026-02-20,FRIENDS,NO,PRIVATE,NOT_SURE,NOT_SURE,NO,NO,NO,NO,NO,NO,NO,NO,NEVER,NOT_SURE,NOT_SURE,SOMETIMES,NEVER,PRIVATE,NEVER,SOMETIMES,NO,APPROVAL,NEVER,RECENT,YES,YES,NO_ONE,NO,FRIENDS,YES,APP_OR_KEY,NOT_SURE,NOT_SURE,NOT_SURE,OLD,YES,YES,RECENT,YES,YES,NOT_SURE,NOT_SURE,YES,NOT_SURE,NO,SOMETIMES,NEVER,RECENT,NEVER,NO,SOMETIMES,SOMETIMES,27.5,0.0,25.6,13.3,0.0,5.0,27.9,8.8,25.9,41.5,17,LOW
SYN-00845,Student,2026-03-06,PRIVATE,NOT_SURE,FRIENDS,YES,NOT_SURE,NOT_SURE,NOT_SURE,NOT_SURE,NOT_SURE,NOT_SURE,NOT_SURE,YES,NOT_SURE,SOMETIMES,SOMETIMES,SOMETIMES,SOMETIMES,OFTEN,FRIENDS,SOMETIMES,SOMETIMES,NOT_SURE,FRIENDS_OF_FRIENDS,SOMETIMES,OLD,NO,NOT_SURE,FRIENDS,NOT_SURE,ANYONE,NOT_SURE,SMS,OFTEN,NOT_SURE,NO,NEVER,NOT_SURE,SOMETIMES,NEVER,NO,NO,NOT_SURE,SOMETIMES,NOT_SURE,SOMETIMES,NOT_SURE,NO,OFTEN,NOT_SURE,NEVER,YES,SOMETIMES,SOMETIMES,44.0,64.0,64.8,51.7,60.3,60.0,77.8,91.2,68.6,81.5,65,HIGH
SYN-00846,Job Seeker,2026-03-04,FRIENDS,NOT_SURE,FRIENDS,NOT_SURE,NO,NO,NOT_SURE,NOT_SURE,NO,NOT_SURE,NOT_SURE,NOT_SURE,NOT_SURE,SOMETIMES,SOMETIMES,SOMETIMES,NEVER,NOT_SURE,FRIENDS,NOT_SURE,SOMETIMES,NOT_SURE,FRIENDS_OF_FRIENDS,OFTEN,OLD,NO,NOT_SURE,FRIENDS,NOT_SURE,FRIENDS,NOT_SURE,SMS,NOT_SURE,NOT_SURE,NOT_SURE,NOT_SURE,NOT_SURE,NOT_SURE,RECENT,SOMETIMES,NOT_SURE,NOT_SURE,OFTEN,SOMETIMES,SOMETIMES,NO,NO,SOMETIMES,NEVER,OLD,NOT_SURE,NO,NEVER,41.5,36.0,49.2,48.9,76.3,50.7,64.7,37.1,56.6,63.8,52,HIGH
SYN-00847,Professional,2026-09-24,PRIVATE,NO,FRIENDS,NO,NO,NO,NO,NO,NO,NO,NO,NO,NO,NEVER,SOMETIMES,SOMETIMES,SOMETIMES,NEVER,FRIENDS,NEVER,NEVER,NO,FRIENDS_OF_FRIENDS,SOMETIMES,OLD,NOT_SURE,YES,NO_ONE,NOT_SURE,NO_ONE,YES,APP_OR_KEY,SOMETIMES,YES,NOT_SURE,OLD,YES,SOMETIMES,OLD,YES,YES,NEVER,SOMETIMES,YES,SOMETIMES,NO,YES,SOMETIMES,OLD,RECENT,NOT_SURE,SOMETIMES,SOMETIMES,7.0,0.0,28.8,11.7,56.3,10.7,28.2,19.4,29.0,40.3,22,MODERATE
SYN-00848,Student,2026-03-13,FRIENDS,NO,FRIENDS,NO,NO,NOT_SURE,NO,NO,NO,NO,NO,NO,NOT_SURE,NOT_SURE,SOMETIMES,NEVER,SOMETIMES,NOT_SURE,PRIVATE,NOT_SURE,NEVER,NO,APPROVAL,NEVER,RECENT,YES,NOT_SURE,NO_ONE,NO,FRIENDS,YES,APP_OR_KEY,NOT_SURE,YES,YES,OLD,YES,SOMETIMES,OLD,YES,SOMETIMES,SOMETIMES,SOMETIMES,YES,SOMETIMES,NOT_SURE,SOMETIMES,NEVER,OLD,OLD,NO,SOMETIMES,NEVER,17.5,12.0,46.8,13.9,0.0,30.0,18.5,41.8,41.7,35.0,24,MODERATE
SYN-00849,Professional,2026-05-20,FRIENDS,NOT_SURE,PUBLIC,YES,NOT_SURE,NO,NO,YES,NO,YES,NOT_SURE,NOT_SURE,NOT_SURE,OFTEN,SOMETIMES,SOMETIMES,SOMETIMES,NOT_SURE,FRIENDS,SOMETIMES,SOMETIMES,NO,FRIENDS_OF_FRIENDS,OFTEN,NEVER,NOT_SURE,NOT_SURE,FRIENDS,NOT_SURE,FRIENDS,NOT_SURE,NOT_SURE,NOT_SURE,NO,NO,NEVER,NO,SOMETIMES,OLD,SOMETIMES,SOMETIMES,SOMETIMES,SOMETIMES,SOMETIMES,SOMETIMES,NOT_SURE,SOMETIMES,OFTEN,NOT_SURE,NEVER,NOT_SURE,SOMETIMES,SOMETIMES,67.5,38.7,68.4,41.7,81.3,50.7,76.1,53.5,59.0,71.5,61,HIGH
SYN-00850,Professional,2026-03-22,PUBLIC,YES,FRIENDS,YES,NOT_SURE,NOT_SURE,NOT_SURE,YES,NO,YES,NO,NOT_SURE,NOT_SURE,SOMETIMES,SOMETIMES,OFTEN,SOMETIMES,SOMETIMES,PUBLIC,SOMETIMES,SOMETIMES,NOT_SURE,EVERYONE,SOMETIMES,NOT_SURE,SOMETIMES,NO,FRIENDS,NOT_SURE,FRIENDS,NOT_SURE,NOT_SURE,SOMETIMES,NO,NOT_SURE,OLD,NO,NOT_SURE,NOT_SURE,SOMETIMES,SOMETIMES,NOT_SURE,SOMETIMES,NO,NEVER,NO,SOMETIMES,SOMETIMES,NEVER,NEVER,NOT_SURE,NO,OFTEN,82.0,52.7,66.4,73.3,73.3,61.4,72.6,60.6,37.2,90.0,66,HIGH
SYN-00851,Student,2025-12-17,PUBLIC,NOT_SURE,FRIENDS,NOT_SURE,YES,YES,NOT_SURE,NOT_SURE,NOT_SURE,YES,NOT_SURE,YES,YES,SOMETIMES,OFTEN,SOMETIMES,NOT_SURE,OFTEN,FRIENDS,SOMETIMES,SOMETIMES,NOT_SURE,FRIENDS_OF_FRIENDS,NEVER,NOT_SURE,SOMETIMES,NOT_SURE,FRIENDS,YES,FRIENDS,NOT_SURE,SMS,SOMETIMES,NOT_SURE,NOT_SURE,NOT_SURE,NOT_SURE,NO,NOT_SURE,NO,SOMETIMES,SOMETIMES,NOT_SURE,NO,SOMETIMES,YES,SOMETIMES,SOMETIMES,NEVER,OLD,NOT_SURE,NO,OFTEN,71.0,77.3,76.0,51.7,34.7,61.4,69.2,74.1,72.1,78.8,67,HIGH
SYN-00852,Job Seeker,2026-06-26,FRIENDS,NOT_SURE,PUBLIC,YES,YES,YES,YES,YES,NO,YES,YES,YES,YES,OFTEN,SOMETIMES,SOMETIMES,SOMETIMES,SOMETIMES,PUBLIC,OFTEN,OFTEN,NOT_SURE,EVERYONE,OFTEN,NEVER,NO,NO,FRIENDS,NOT_SURE,FRIENDS,NOT_SURE,SMS,OFTEN,NO,NOT_SURE,NOT_SURE,NO,SOMETIMES,OLD,SOMETIMES,NO,OFTEN,OFTEN,NOT_SURE,SOMETIMES,NOT_SURE,SOMETIMES,OFTEN,NEVER,NEVER,NOT_SURE,SOMETIMES,OFTEN,72.5,80.0,76.0,93.3,100.0,61.4,78.6,72.4,68.6,82.5,79,CRITICAL
SYN-00853,Job Seeker,2026-01-06,FRIENDS,NO,FRIENDS,NOT_SURE,NOT_SURE,NO,NO,NOT_SURE,NO,NOT_SURE,NOT_SURE,NO,NO,NEVER,NOT_SURE,SOMETIMES,SOMETIMES,NEVER,FRIENDS,NEVER,NEVER,NOT_SURE,APPROVAL,NOT_SURE,NOT_SURE,YES,NOT_SURE,ANYONE,NOT_SURE,FRIENDS,NOT_SURE,SMS,SOMETIMES,YES,YES,OLD,YES,YES,OLD,SOMETIMES,SOMETIMES,NOT_SURE,OFTEN,SOMETIMES,NOT_SURE,NO,YES,SOMETIMES,OLD,NEVER,NOT_SURE,SOMETIMES,NOT_SURE,34.5,22.0,27.2,21.7,36.0,69.3,37.4,51.8,40.7,63.8,36,MODERATE
SYN-00854,Student,2026-09-23,FRIENDS,NO,PRIVATE,NO,NO,NO,NOT_SURE,NO,NO,NOT_SURE,NO,NO,NO,NEVER,NEVER,NEVER,SOMETIMES,SOMETIMES,PRIVATE,NEVER,SOMETIMES,NO,FRIENDS_OF_FRIENDS,NEVER,RECENT,YES,YES,FRIENDS,NO,FRIENDS,NOT_SURE,APP_OR_KEY,NEVER,YES,YES,NEVER,YES,YES,RECENT,YES,YES,NEVER,NEVER,YES,NOT_SURE,NO,SOMETIMES,NEVER,RECENT,RECENT,NOT_SURE,YES,NEVER,10.5,16.0,16.8,13.3,12.0,15.0,23.9,0.0,17.2,10.0,15,LOW
SYN-00855,Professional,2025-12-13,FRIENDS,NO,PRIVATE,NO,NO,NO,NO,NO,NO,NO,NO,NO,NO,NEVER,NEVER,NEVER,NEVER,NEVER,FRIENDS,NEVER,NEVER,NO,APPROVAL,NEVER,RECENT,YES,YES,NO_ONE,NO,NO_ONE,YES,APP_OR_KEY,NEVER,YES,YES,RECENT,YES,YES,RECENT,YES,YES,NEVER,NEVER,YES,SOMETIMES,NO,YES,NEVER,OLD,OLD,NO,YES,NEVER,10.5,0.0,0.0,11.7,0.0,0.0,0.0,0.0,12.4,27.5,5,LOW
SYN-00856,Professional,2026-04-27,FRIENDS,NO,FRIENDS,NO,NO,NOT_SURE,NO,NOT_SURE,NO,NOT_SURE,NOT_SURE,NO,NO,NEVER,SOMETIMES,SOMETIMES,SOMETIMES,SOMETIMES,FRIENDS,NOT_SURE,SOMETIMES,NOT_SURE,FRIENDS_OF_FRIENDS,NOT_SURE,OLD,SOMETIMES,YES,FRIENDS,NO,FRIENDS,YES,SMS,NOT_SURE,NOT_SURE,NOT_SURE,OLD,NOT_SURE,YES,OLD,YES,YES,NEVER,NEVER,SOMETIMES,NEVER,NO,SOMETIMES,NEVER,OLD,OLD,YES,NO,NOT_SURE,17.5,34.0,36.0,48.9,49.7,15.0,41.2,19.4,13.8,70.0,35,MODERATE
SYN-00857,SMB Owner,2026-09-08,FRIENDS,NOT_SURE,FRIENDS,NOT_SURE,YES,NOT_SURE,NOT_SURE,NO,NO,NOT_SURE,YES,NOT_SURE,NOT_SURE,NEVER,SOMETIMES,SOMETIMES,SOMETIMES,SOMETIMES,FRIENDS,SOMETIMES,OFTEN,NOT_SURE,FRIENDS_OF_FRIENDS,OFTEN,OLD,NOT_SURE,NO,NO_ONE,NOT_SURE,FRIENDS,NO,NONE,NEVER,NO,NOT_SURE,NEVER,NO,SOMETIMES,NEVER,SOMETIMES,SOMETIMES,SOMETIMES,SOMETIMES,SOMETIMES,SOMETIMES,NOT_SURE,SOMETIMES,SOMETIMES,NEVER,NEVER,NOT_SURE,NO,SOMETIMES,51.5,44.0,45.6,60.6,72.3,51.4,73.1,69.4,54.8,84.0,59,HIGH
SYN-00858,Professional,2026-01-09,FRIENDS,NOT_SURE,PUBLIC,NOT_SURE,NOT_SURE,NOT_SURE,NOT_SURE,NOT_SURE,NOT_SURE,NOT_SURE,NOT_SURE,NOT_SURE,YES,SOMETIMES,SOMETIMES,SOMETIMES,SOMETIMES,OFTEN,PUBLIC,SOMETIMES,SOMETIMES,YES,FRIENDS_OF_FRIENDS,NOT_SURE,NOT_SURE,SOMETIMES,NOT_SURE,ANYONE,NOT_SURE,FRIENDS,YES,SMS,SOMETIMES,NOT_SURE,NOT_SURE,NOT_SURE,YES,NO,NEVER,NOT_SURE,SOMETIMES,SOMETIMES,SOMETIMES,SOMETIMES,SOMETIMES,NO,YES,SOMETIMES,NOT_SURE,NOT_SURE,YES,SOMETIMES,NEVER,59.5,60.0,71.2,80.0,54.7,69.3,45.8,74.1,35.9,67.5,60,HIGH
SYN-00859,Job Seeker,2025-11-03,FRIENDS,NO,PRIVATE,NOT_SURE,NO,NO,NOT_SURE,NO,NO,NOT_SURE,NO,NO,NOT_SURE,SOMETIMES,NEVER,NOT_SURE,NEVER,SOMETIMES,PRIVATE,SOMETIMES,NEVER,NOT_SURE,FRIENDS_OF_FRIENDS,NEVER,RECENT,YES,YES,FRIENDS,NO,NO_ONE,NOT_SURE,APP_OR_KEY,NEVER,NO,NO,RECENT,YES,YES,RECENT,NOT_SURE,YES,SOMETIMES,NEVER,YES,NEVER,NO,YES,NOT_SURE,OLD,OLD,NO,SOMETIMES,NEVER,22.5,16.0,39.2,26.7,12.0,10.0,35.0,27.1,5.2,35.0,24,MODERATE
SYN-00860,Job Seeker,2026-07-27,FRIENDS,NOT_SURE,FRIENDS,NOT_SURE,YES,NOT_SURE,NOT_SURE,NOT_SURE,NOT_SURE,NOT_SURE,NOT_SURE,NOT_SURE,YES,SOMETIMES,NOT_SURE,SOMETIMES,NOT_SURE,SOMETIMES,PUBLIC,SOMETIMES,NOT_SURE,NOT_SURE,FRIENDS_OF_FRIENDS,SOMETIMES,OLD,SOMETIMES,NO,ANYONE,YES,ANYONE,NO,NONE,SOMETIMES,NO,NO,NEVER,NOT_SURE,NO,OLD,SOMETIMES,NO,NOT_SURE,OFTEN,SOMETIMES,NOT_SURE,YES,NO,OFTEN,OLD,NOT_SURE,YES,NOT_SURE,SOMETIMES,51.5,60.0,63.2,71.1,53.7,100.0,88.9,63.5,82.8,73.2,70,HIGH
SYN-00861,Job Seeker,2026-05-21,PUBLIC,NOT_SURE,FRIENDS,NOT_SURE,NO,NO,NOT_SURE,NO,NOT_SURE,NOT_SURE,NO,NO,NOT_SURE,SOMETIMES,SOMETIMES,SOMETIMES,SOMETIMES,SOMETIMES,FRIENDS,SOMETIMES,SOMETIMES,NOT_SURE,APPROVAL,SOMETIMES,NOT_SURE,NO,YES,FRIENDS,YES,FRIENDS,YES,SMS,SOMETIMES,NOT_SURE,NOT_SURE,OLD,YES,YES,OLD,NO,YES,NEVER,SOMETIMES,SOMETIMES,SOMETIMES,NO,NOT_SURE,SOMETIMES,NEVER,NOT_SURE,NOT_SURE,SOMETIMES,SOMETIMES,61.0,28.0,60.0,51.7,53.3,36.4,35.4,42.9,45.5,71.5,47,HIGH
SYN-00862,Job Seeker,2026-06-07,PUBLIC,YES,PUBLIC,NOT_SURE,YES,NOT_SURE,NO,YES,NOT_SURE,YES,YES,NOT_SURE,NOT_SURE,OFTEN,OFTEN,OFTEN,OFTEN,SOMETIMES,PUBLIC,SOMETIMES,SOMETIMES,NO,EVERYONE,SOMETIMES,OLD,NO,NO,FRIENDS,YES,ANYONE,NO,NONE,OFTEN,NO,NO,NEVER,NO,SOMETIMES,NEVER,SOMETIMES,SOMETIMES,OFTEN,OFTEN,NO,NOT_SURE,YES,SOMETIMES,OFTEN,NEVER,OLD,NOT_SURE,NO,NOT_SURE,92.0,66.7,88.8,63.3,75.0,81.4,95.8,76.5,82.8,71.2,80,CRITICAL
SYN-00863,Job Seeker,2026-07-03,FRIENDS,YES,PUBLIC,NOT_SURE,NO,NOT_SURE,NO,NOT_SURE,NO,NOT_SURE,NO,NOT_SURE,NOT_SURE,SOMETIMES,NEVER,SOMETIMES,SOMETIMES,NOT_SURE,FRIENDS,NEVER,NOT_SURE,NOT_SURE,FRIENDS_OF_FRIENDS,SOMETIMES,OLD,SOMETIMES,NO,NO_ONE,NO,NO_ONE,YES,APP_OR_KEY,SOMETIMES,NOT_SURE,NOT_SURE,OLD,NO,SOMETIMES,OLD,SOMETIMES,SOMETIMES,NOT_SURE,SOMETIMES,SOMETIMES,SOMETIMES,NO,SOMETIMES,SOMETIMES,OLD,OLD,YES,SOMETIMES,NEVER,62.5,34.0,49.2,32.8,53.7,35.7,45.1,51.8,42.8,55.0,46,HIGH
SYN-00864,Job Seeker,2026-02-01,FRIENDS,YES,FRIENDS,NOT_SURE,NOT_SURE,NOT_SURE,NOT_SURE,NOT_SURE,NOT_SURE,NOT_SURE,NO,NO,NOT_SURE,NOT_SURE,SOMETIMES,OFTEN,OFTEN,SOMETIMES,PRIVATE,NOT_SURE,SOMETIMES,YES,EVERYONE,OFTEN,RECENT,SOMETIMES,NO,ANYONE,YES,FRIENDS,NO,NONE,NEVER,NO,NO,OLD,NO,SOMETIMES,NEVER,SOMETIMES,SOMETIMES,NEVER,SOMETIMES,SOMETIMES,SOMETIMES,NOT_SURE,SOMETIMES,SOMETIMES,NOT_SURE,OLD,NOT_SURE,NO,SOMETIMES,54.5,48.0,70.4,43.9,73.3,90.7,72.6,58.8,54.8,67.8,62,HIGH
SYN-00865,Professional,2026-01-30,FRIENDS,NOT_SURE,FRIENDS,NOT_SURE,NOT_SURE,NO,NO,NOT_SURE,NO,NOT_SURE,YES,NO,NOT_SURE,NEVER,SOMETIMES,SOMETIMES,SOMETIMES,SOMETIMES,FRIENDS,SOMETIMES,SOMETIMES,NOT_SURE,FRIENDS_OF_FRIENDS,SOMETIMES,NOT_SURE,NO,NOT_SURE,FRIENDS,NOT_SURE,FRIENDS,YES,SMS,SOMETIMES,NOT_SURE,NOT_SURE,OLD,YES,NO,NEVER,SOMETIMES,NOT_SURE,NEVER,SOMETIMES,SOMETIMES,OFTEN,NOT_SURE,NO,NOT_SURE,OLD,RECENT,NOT_SURE,NOT_SURE,SOMETIMES,46.5,26.0,45.6,51.7,65.3,50.7,43.8,63.5,69.0,43.2,48,HIGH
SYN-00866,Professional,2025-11-19,PRIVATE,NO,PRIVATE,NO,NO,NO,NO,NO,NO,NO,NOT_SURE,NOT_SURE,NO,NOT_SURE,NEVER,NEVER,NOT_SURE,NEVER,FRIENDS,NEVER,NEVER,NO,FRIENDS_OF_FRIENDS,SOMETIMES,RECENT,YES,YES,NO_ONE,NOT_SURE,FRIENDS,NOT_SURE,APP_OR_KEY,NEVER,YES,NOT_SURE,OLD,YES,YES,OLD,YES,YES,NEVER,NOT_SURE,YES,NOT_SURE,NO,YES,NOT_SURE,OLD,OLD,NO,SOMETIMES,NEVER,0.0,12.0,20.0,11.7,36.0,15.7,27.9,19.4,24.1,35.0,20,LOW
SYN-00867,Student,2025-11-14,FRIENDS,YES,FRIENDS,NOT_SURE,NOT_SURE,NOT_SURE,NOT_SURE,NOT_SURE,NO,NOT_SURE,NOT_SURE,NOT_SURE,NO,OFTEN,SOMETIMES,SOMETIMES,NOT_SURE,SOMETIMES,PUBLIC,NOT_SURE,OFTEN,NOT_SURE,FRIENDS_OF_FRIENDS,NOT_SURE,OLD,SOMETIMES,NOT_SURE,ANYONE,YES,FRIENDS,NO,NONE,SOMETIMES,NO,NO,NEVER,NOT_SURE,SOMETIMES,NEVER,SOMETIMES,SOMETIMES,NOT_SURE,NOT_SURE,SOMETIMES,NOT_SURE,NOT_SURE,NOT_SURE,SOMETIMES,NEVER,NEVER,NOT_SURE,SOMETIMES,OFTEN,54.5,48.0,58.4,79.4,49.7,80.0,84.7,67.6,53.8,82.5,64,HIGH
SYN-00868,Educator,2026-06-15,PUBLIC,NOT_SURE,PUBLIC,NOT_SURE,YES,NOT_SURE,NOT_SURE,YES,NOT_SURE,YES,NOT_SURE,NOT_SURE,NOT_SURE,SOMETIMES,SOMETIMES,OFTEN,SOMETIMES,NOT_SURE,PUBLIC,SOMETIMES,SOMETIMES,NOT_SURE,FRIENDS_OF_FRIENDS,SOMETIMES,NEVER,SOMETIMES,NO,ANYONE,YES,FRIENDS,NOT_SURE,SMS,NOT_SURE,NO,NO,NEVER,NOT_SURE,NO,NEVER,NO,NOT_SURE,SOMETIMES,NEVER,NO,SOMETIMES,NOT_SURE,NO,SOMETIMES,NEVER,NOT_SURE,YES,NO,SOMETIMES,84.0,70.7,65.2,73.3,62.7,90.7,74.7,85.9,58.3,89.0,73,CRITICAL
SYN-00869,Student,2026-07-06,PUBLIC,YES,PUBLIC,YES,YES,NOT_SURE,NOT_SURE,YES,NO,NOT_SURE,NOT_SURE,YES,NOT_SURE,OFTEN,OFTEN,SOMETIMES,SOMETIMES,SOMETIMES,PUBLIC,OFTEN,OFTEN,YES,FRIENDS_OF_FRIENDS,SOMETIMES,NEVER,NO,NOT_SURE,ANYONE,NOT_SURE,FRIENDS,NOT_SURE,SMS,SOMETIMES,NO,NOT_SURE,NEVER,NOT_SURE,SOMETIMES,NOT_SURE,SOMETIMES,SOMETIMES,OFTEN,OFTEN,NOT_SURE,SOMETIMES,NOT_SURE,SOMETIMES,OFTEN,NEVER,NEVER,YES,NO,OFTEN,100.0,57.3,76.0,100.0,69.3,69.3,69.2,69.4,68.6,100.0,76,CRITICAL
SYN-00870,SMB Owner,2026-04-15,FRIENDS,NOT_SURE,FRIENDS,NO,NOT_SURE,NO,NOT_SURE,NO,NOT_SURE,NO,NOT_SURE,NO,NO,NEVER,NOT_SURE,NEVER,NEVER,NOT_SURE,FRIENDS,NEVER,NOT_SURE,NO,FRIENDS_OF_FRIENDS,SOMETIMES,OLD,SOMETIMES,YES,FRIENDS,YES,FRIENDS,NO,NONE,NEVER,NOT_SURE,NO,OLD,NOT_SURE,NOT_SURE,OLD,YES,SOMETIMES,SOMETIMES,SOMETIMES,SOMETIMES,OFTEN,NO,SOMETIMES,NOT_SURE,NEVER,NOT_SURE,NOT_SURE,YES,SOMETIMES,34.5,26.0,14.0,22.8,53.7,36.4,68.5,41.8,50.0,64.0,39,MODERATE
SYN-00871,SMB Owner,2026-08-14,FRIENDS,NOT_SURE,PUBLIC,NOT_SURE,YES,NOT_SURE,NOT_SURE,YES,YES,NOT_SURE,NOT_SURE,YES,YES,SOMETIMES,SOMETIMES,OFTEN,SOMETIMES,SOMETIMES,FRIENDS,OFTEN,NOT_SURE,YES,FRIENDS_OF_FRIENDS,OFTEN,NEVER,SOMETIMES,NOT_SURE,ANYONE,YES,ANYONE,NO,NONE,SOMETIMES,NOT_SURE,NO,NOT_SURE,NO,NOT_SURE,OLD,SOMETIMES,SOMETIMES,OFTEN,SOMETIMES,SOMETIMES,NOT_SURE,NOT_SURE,SOMETIMES,OFTEN,OLD,NEVER,YES,NO,SOMETIMES,64.5,77.3,72.8,67.2,78.7,89.3,85.6,60.6,56.9,82.8,74,CRITICAL
SYN-00872,SMB Owner,2026-03-02,FRIENDS,YES,FRIENDS,NOT_SURE,YES,NOT_SURE,YES,YES,NOT_SURE,NOT_SURE,YES,YES,YES,SOMETIMES,OFTEN,SOMETIMES,OFTEN,OFTEN,PUBLIC,OFTEN,OFTEN,YES,EVERYONE,SOMETIMES,NEVER,SOMETIMES,NO,ANYONE,YES,ANYONE,NOT_SURE,SMS,OFTEN,NOT_SURE,NO,NEVER,NO,NO,NEVER,NOT_SURE,SOMETIMES,SOMETIMES,OFTEN,NO,OFTEN,NOT_SURE,NOT_SURE,SOMETIMES,NOT_SURE,NEVER,YES,NO,OFTEN,59.5,78.7,84.0,100.0,77.3,100.0,85.3,74.1,79.7,95.0,82,CRITICAL
SYN-00873,Professional,2026-05-28,PRIVATE,NO,FRIENDS,NOT_SURE,NO,NO,NO,NOT_SURE,NO,NOT_SURE,NO,NOT_SURE,NO,NOT_SURE,NEVER,NEVER,NEVER,SOMETIMES,FRIENDS,SOMETIMES,SOMETIMES,NO,FRIENDS_OF_FRIENDS,NOT_SURE,RECENT,YES,YES,FRIENDS,NO,FRIENDS,YES,SMS,NEVER,YES,YES,NOT_SURE,YES,SOMETIMES,RECENT,YES,SOMETIMES,SOMETIMES,NOT_SURE,SOMETIMES,NOT_SURE,NO,YES,NEVER,NOT_SURE,OLD,NO,SOMETIMES,SOMETIMES,19.0,22.0,19.2,41.7,32.0,15.0,16.4,22.4,25.9,50.3,25,MODERATE
SYN-00874,Educator,2026-07-23,PRIVATE,NO,FRIENDS,YES,YES,NOT_SURE,NO,NOT_SURE,NO,NO,NOT_SURE,NO,NO,SOMETIMES,SOMETIMES,SOMETIMES,SOMETIMES,SOMETIMES,FRIENDS,SOMETIMES,OFTEN,YES,FRIENDS_OF_FRIENDS,OFTEN,OLD,SOMETIMES,NO,FRIENDS,YES,FRIENDS,NOT_SURE,SMS,SOMETIMES,NO,NO,OLD,NOT_SURE,SOMETIMES,OLD,NOT_SURE,NO,NEVER,SOMETIMES,SOMETIMES,SOMETIMES,NO,YES,SOMETIMES,OLD,OLD,YES,SOMETIMES,SOMETIMES,37.0,26.0,50.4,67.2,69.7,72.1,68.8,59.4,35.9,64.0,53,HIGH
SYN-00875,Professional,2025-10-14,PUBLIC,NOT_SURE,PUBLIC,NOT_SURE,YES,NOT_SURE,NOT_SURE,YES,NOT_SURE,NO,YES,YES,YES,SOMETIMES,SOMETIMES,OFTEN,SOMETIMES,NOT_SURE,PUBLIC,OFTEN,NOT_SURE,NOT_SURE,FRIENDS_OF_FRIENDS,SOMETIMES,NEVER,NO,NO,ANYONE,NOT_SURE,ANYONE,YES,SMS,OFTEN,NO,NO,NEVER,NOT_SURE,NO,NEVER,SOMETIMES,SOMETIMES,SOMETIMES,SOMETIMES,SOMETIMES,SOMETIMES,NOT_SURE,NOT_SURE,SOMETIMES,NOT_SURE,NOT_SURE,YES,NO,OFTEN,84.0,65.3,71.6,82.2,69.3,89.3,68.9,69.4,57.6,90.0,73,CRITICAL
SYN-00876,Educator,2026-06-16,FRIENDS,NO,FRIENDS,NOT_SURE,NOT_SURE,NO,YES,NOT_SURE,NO,NO,NO,NO,NO,NEVER,NOT_SURE,SOMETIMES,NEVER,SOMETIMES,FRIENDS,NEVER,NEVER,NO,FRIENDS_OF_FRIENDS,NEVER,RECENT,YES,YES,NO_ONE,NO,FRIENDS,YES,SMS,NEVER,YES,NOT_SURE,OLD,YES,SOMETIMES,OLD,YES,SOMETIMES,NEVER,NOT_SURE,YES,SOMETIMES,NO,SOMETIMES,SOMETIMES,RECENT,NOT_SURE,YES,SOMETIMES,NOT_SURE,34.5,21.3,24.8,11.7,12.0,5.0,22.1,31.2,34.1,55.0,24,MODERATE
SYN-00877,Student,2025-10-04,FRIENDS,YES,PRIVATE,YES,NOT_SURE,NOT_SURE,NOT_SURE,NOT_SURE,NO,NOT_SURE,NOT_SURE,NOT_SURE,NOT_SURE,SOMETIMES,SOMETIMES,NEVER,OFTEN,NOT_SURE,FRIENDS,SOMETIMES,SOMETIMES,NOT_SURE,FRIENDS_OF_FRIENDS,SOMETIMES,OLD,YES,YES,FRIENDS,YES,FRIENDS,NO,NONE,NEVER,NOT_SURE,NOT_SURE,NEVER,NOT_SURE,NO,NEVER,SOMETIMES,SOMETIMES,NOT_SURE,SOMETIMES,SOMETIMES,NOT_SURE,NO,YES,NOT_SURE,OLD,OLD,YES,NO,SOMETIMES,55.5,48.0,55.6,51.7,47.0,36.4,71.4,67.6,32.8,71.5,54,HIGH
SYN-00878,Job Seeker,2025-10-19,PRIVATE,NOT_SURE,FRIENDS,NOT_SURE,NO,NO,NOT_SURE,YES,NO,NOT_SURE,NO,NOT_SURE,NOT_SURE,SOMETIMES,NOT_SURE,SOMETIMES,SOMETIMES,SOMETIMES,FRIENDS,SOMETIMES,NOT_SURE,NOT_SURE,FRIENDS_OF_FRIENDS,SOMETIMES,OLD,SOMETIMES,YES,NO_ONE,NO,FRIENDS,YES,SMS,NOT_SURE,NOT_SURE,NOT_SURE,NEVER,YES,NOT_SURE,OLD,YES,YES,SOMETIMES,SOMETIMES,SOMETIMES,NOT_SURE,NO,SOMETIMES,SOMETIMES,NEVER,OLD,NO,SOMETIMES,NOT_SURE,31.0,35.3,58.4,49.4,53.7,5.0,43.1,30.0,40.7,53.8,42,HIGH
SYN-00879,Student,2026-04-08,FRIENDS,NOT_SURE,FRIENDS,NOT_SURE,NOT_SURE,NO,NO,NOT_SURE,NOT_SURE,NO,NO,NOT_SURE,NO,SOMETIMES,SOMETIMES,SOMETIMES,NEVER,NEVER,FRIENDS,NEVER,OFTEN,NOT_SURE,FRIENDS_OF_FRIENDS,NEVER,OLD,NOT_SURE,NO,ANYONE,NOT_SURE,FRIENDS,YES,SMS,NEVER,YES,YES,NOT_SURE,NOT_SURE,SOMETIMES,OLD,YES,YES,SOMETIMES,SOMETIMES,YES,SOMETIMES,NO,NOT_SURE,NOT_SURE,OLD,NEVER,NO,NO,SOMETIMES,46.5,26.0,33.6,43.9,32.3,80.0,24.2,30.0,37.6,62.8,37,MODERATE
SYN-00880,Student,2026-09-07,PRIVATE,NO,FRIENDS,NO,NO,NO,NO,NO,NO,NO,NO,NO,NO,NEVER,NEVER,NEVER,NEVER,NEVER,PRIVATE,NEVER,NOT_SURE,NOT_SURE,APPROVAL,NOT_SURE,RECENT,YES,YES,FRIENDS,NOT_SURE,FRIENDS,YES,APP_OR_KEY,NOT_SURE,NOT_SURE,YES,OLD,YES,YES,OLD,YES,SOMETIMES,NEVER,NEVER,YES,SOMETIMES,NO,YES,NEVER,OLD,RECENT,NOT_SURE,NOT_SURE,NEVER,7.0,0.0,0.0,21.1,20.0,25.7,20.1,31.2,12.4,34.2,14,LOW
SYN-00881,Student,2025-11-19,FRIENDS,YES,PUBLIC,YES,YES,NOT_SURE,YES,YES,YES,YES,YES,YES,NOT_SURE,NOT_SURE,NOT_SURE,OFTEN,SOMETIMES,SOMETIMES,FRIENDS,OFTEN,SOMETIMES,NO,FRIENDS_OF_FRIENDS,SOMETIMES,NOT_SURE,NO,NO,ANYONE,YES,FRIENDS,NOT_SURE,SMS,NOT_SURE,NO,NOT_SURE,NOT_SURE,YES,NOT_SURE,NEVER,SOMETIMES,NO,SOMETIMES,SOMETIMES,NOT_SURE,SOMETIMES,NOT_SURE,NOT_SURE,OFTEN,NEVER,NEVER,NOT_SURE,NOT_SURE,SOMETIMES,80.5,92.0,62.4,52.8,65.3,90.7,59.4,81.2,64.5,79.5,71,CRITICAL
SYN-00882,Job Seeker,2026-03-28,PUBLIC,YES,FRIENDS,NOT_SURE,YES,NO,NOT_SURE,NOT_SURE,YES,YES,YES,YES,YES,OFTEN,SOMETIMES,NOT_SURE,OFTEN,SOMETIMES,FRIENDS,SOMETIMES,SOMETIMES,NOT_SURE,EVERYONE,SOMETIMES,OLD,SOMETIMES,NOT_SURE,ANYONE,YES,ANYONE,NO,NONE,OFTEN,NOT_SURE,NO,NEVER,NOT_SURE,NO,NEVER,SOMETIMES,SOMETIMES,OFTEN,SOMETIMES,NO,OFTEN,NO,NO,NOT_SURE,NEVER,NOT_SURE,YES,NO,NEVER,79.0,69.3,80.8,51.7,68.3,89.3,94.2,76.5,63.8,80.0,75,CRITICAL
SYN-00883,SMB Owner,2026-07-24,FRIENDS,NO,PRIVATE,NO,NOT_SURE,NO,NO,NO,NO,NOT_SURE,NOT_SURE,YES,NOT_SURE,SOMETIMES,SOMETIMES,SOMETIMES,OFTEN,SOMETIMES,FRIENDS,SOMETIMES,SOMETIMES,NO,FRIENDS_OF_FRIENDS,NEVER,OLD,NOT_SURE,NOT_SURE,FRIENDS,NOT_SURE,NO_ONE,YES,SMS,NOT_SURE,NOT_SURE,NOT_SURE,NEVER,NOT_SURE,SOMETIMES,NOT_SURE,YES,SOMETIMES,SOMETIMES,NOT_SURE,SOMETIMES,NOT_SURE,NO,SOMETIMES,NOT_SURE,OLD,OLD,NOT_SURE,SOMETIMES,SOMETIMES,15.5,24.0,66.4,41.7,32.3,45.7,49.2,50.6,37.9,54.0,41,HIGH
SYN-00884,Job Seeker,2026-09-13,FRIENDS,NO,PRIVATE,NOT_SURE,NO,NO,NO,NOT_SURE,NO,NO,NO,NO,NO,NEVER,NEVER,SOMETIMES,NEVER,NOT_SURE,PRIVATE,NEVER,NEVER,NO,FRIENDS_OF_FRIENDS,NEVER,RECENT,YES,NOT_SURE,FRIENDS,NOT_SURE,NO_ONE,YES,APP_OR_KEY,NEVER,YES,YES,OLD,YES,YES,RECENT,YES,YES,NEVER,NEVER,SOMETIMES,NEVER,NO,YES,SOMETIMES,OLD,RECENT,NO,SOMETIMES,NEVER,22.5,8.0,15.6,0.0,12.0,45.7,4.6,0.0,13.1,21.2,12,LOW
SYN-00885,SMB Owner,2026-07-30,FRIENDS,NOT_SURE,FRIENDS,NOT_SURE,NOT_SURE,NO,NOT_SURE,YES,NO,NOT_SURE,YES,YES,NOT_SURE,SOMETIMES,SOMETIMES,SOMETIMES,SOMETIMES,SOMETIMES,PUBLIC,NOT_SURE,NOT_SURE,NOT_SURE,FRIENDS_OF_FRIENDS,OFTEN,OLD,NOT_SURE,NOT_SURE,FRIENDS,YES,FRIENDS,NO,NONE,NOT_SURE,NOT_SURE,NOT_SURE,NEVER,NOT_SURE,SOMETIMES,OLD,SOMETIMES,SOMETIMES,OFTEN,SOMETIMES,SOMETIMES,SOMETIMES,NO,SOMETIMES,SOMETIMES,OLD,OLD,YES,SOMETIMES,SOMETIMES,46.5,49.3,60.0,68.3,72.3,61.4,76.9,60.6,42.8,64.0,60,HIGH
SYN-00886,Job Seeker,2026-06-27,PRIVATE,NO,PRIVATE,NO,NO,NO,NO,NO,NO,NO,NO,NO,NO,NOT_SURE,SOMETIMES,NOT_SURE,NOT_SURE,SOMETIMES,FRIENDS,NOT_SURE,SOMETIMES,NO,FRIENDS_OF_FRIENDS,NOT_SURE,NOT_SURE,SOMETIMES,NOT_SURE,FRIENDS,NOT_SURE,NO_ONE,YES,SMS,SOMETIMES,NOT_SURE,YES,RECENT,YES,YES,RECENT,YES,SOMETIMES,NOT_SURE,NOT_SURE,SOMETIMES,NEVER,NO,SOMETIMES,SOMETIMES,NEVER,RECENT,NOT_SURE,SOMETIMES,NOT_SURE,0.0,0.0,44.8,38.9,54.7,45.7,23.1,20.6,28.6,50.0,28,MODERATE
SYN-00887,Job Seeker,2025-12-13,FRIENDS,NOT_SURE,FRIENDS,NOT_SURE,NOT_SURE,NOT_SURE,NO,NOT_SURE,NO,NOT_SURE,NOT_SURE,YES,YES,OFTEN,SOMETIMES,OFTEN,OFTEN,SOMETIMES,FRIENDS,SOMETIMES,OFTEN,NOT_SURE,FRIENDS_OF_FRIENDS,SOMETIMES,NEVER,NOT_SURE,NO,FRIENDS,YES,ANYONE,NO,NONE,OFTEN,NOT_SURE,YES,NEVER,NOT_SURE,SOMETIMES,NEVER,NOT_SURE,NOT_SURE,NOT_SURE,NOT_SURE,NO,SOMETIMES,NOT_SURE,SOMETIMES,SOMETIMES,NEVER,OLD,YES,NOT_SURE,OFTEN,46.5,44.0,88.8,60.6,65.3,81.4,78.9,77.1,60.0,84.3,67,HIGH
SYN-00888,Student,2026-06-23,FRIENDS,NOT_SURE,FRIENDS,NOT_SURE,NOT_SURE,NOT_SURE,NOT_SURE,NOT_SURE,NOT_SURE,NOT_SURE,YES,NOT_SURE,YES,SOMETIMES,SOMETIMES,OFTEN,SOMETIMES,SOMETIMES,PUBLIC,SOMETIMES,SOMETIMES,NOT_SURE,FRIENDS_OF_FRIENDS,SOMETIMES,OLD,SOMETIMES,NOT_SURE,FRIENDS,NOT_SURE,ANYONE,NOT_SURE,SMS,SOMETIMES,NOT_SURE,NO,NOT_SURE,NOT_SURE,NO,NEVER,NO,SOMETIMES,SOMETIMES,SOMETIMES,SOMETIMES,OFTEN,NO,SOMETIMES,OFTEN,NOT_SURE,NEVER,YES,NO,OFTEN,46.5,64.0,72.8,73.3,53.7,60.0,72.5,81.2,55.2,95.0,66,HIGH
SYN-00889,Educator,2026-07-11,FRIENDS,NO,FRIENDS,NO,NO,NOT_SURE,NO,NO,NO,NO,NO,NOT_SURE,NO,NEVER,NEVER,SOMETIMES,NEVER,NEVER,FRIENDS,NEVER,NEVER,NO,FRIENDS_OF_FRIENDS,NEVER,RECENT,SOMETIMES,NOT_SURE,FRIENDS,NO,FRIENDS,NOT_SURE,APP_OR_KEY,NOT_SURE,YES,YES,OLD,NOT_SURE,YES,OLD,YES,YES,SOMETIMES,SOMETIMES,YES,SOMETIMES,NO,YES,NOT_SURE,RECENT,RECENT,NO,YES,NEVER,17.5,18.0,9.6,11.7,18.7,40.0,37.6,30.0,27.9,0.0,21,MODERATE
SYN-00890,Job Seeker,2026-02-26,FRIENDS,NOT_SURE,FRIENDS,NOT_SURE,NOT_SURE,NO,YES,NOT_SURE,NO,NO,YES,YES,NOT_SURE,SOMETIMES,SOMETIMES,SOMETIMES,NEVER,SOMETIMES,FRIENDS,SOMETIMES,SOMETIMES,NOT_SURE,FRIENDS_OF_FRIENDS,NEVER,OLD,SOMETIMES,NO,ANYONE,YES,ANYONE,YES,SMS,NOT_SURE,NOT_SURE,NO,OLD,NOT_SURE,YES,OLD,NOT_SURE,NO,SOMETIMES,SOMETIMES,SOMETIMES,SOMETIMES,NO,SOMETIMES,NEVER,NEVER,NOT_SURE,YES,SOMETIMES,SOMETIMES,46.5,41.3,50.4,51.7,29.7,100.0,44.6,70.0,36.6,81.5,49,HIGH
SYN-00891,SMB Owner,2026-05-21,FRIENDS,NOT_SURE,PRIVATE,NO,NO,NO,NO,NOT_SURE,NO,NOT_SURE,NOT_SURE,NOT_SURE,NO,SOMETIMES,NOT_SURE,NEVER,SOMETIMES,SOMETIMES,FRIENDS,NEVER,NEVER,NO,APPROVAL,NEVER,OLD,SOMETIMES,NOT_SURE,FRIENDS,NO,FRIENDS,YES,APP_OR_KEY,NOT_SURE,YES,NOT_SURE,OLD,YES,YES,OLD,SOMETIMES,SOMETIMES,NEVER,NOT_SURE,YES,NEVER,NO,SOMETIMES,NOT_SURE,OLD,RECENT,NO,NOT_SURE,SOMETIMES,22.5,28.0,39.2,11.7,17.7,40.0,22.1,42.9,20.7,33.2,26,MODERATE
SYN-00892,Student,2025-11-07,FRIENDS,NO,FRIENDS,YES,NO,NO,NO,NOT_SURE,NO,NO,NO,NO,NO,NOT_SURE,NEVER,SOMETIMES,NOT_SURE,NOT_SURE,PRIVATE,NOT_SURE,NOT_SURE,NOT_SURE,FRIENDS_OF_FRIENDS,NEVER,OLD,YES,YES,FRIENDS,NOT_SURE,FRIENDS,YES,SMS,NEVER,NOT_SURE,YES,OLD,NOT_SURE,SOMETIMES,OLD,SOMETIMES,YES,SOMETIMES,NEVER,YES,NOT_SURE,NO,YES,NEVER,OLD,RECENT,NOT_SURE,SOMETIMES,SOMETIMES,37.5,8.0,35.6,35.0,23.0,25.7,27.9,41.8,10.3,40.3,27,MODERATE
SYN-00893,Professional,2025-10-22,FRIENDS,NO,PRIVATE,NOT_SURE,NOT_SURE,NO,NO,NO,NO,NO,NO,NOT_SURE,NOT_SURE,NOT_SURE,SOMETIMES,SOMETIMES,NEVER,NEVER,FRIENDS,NEVER,NOT_SURE,NOT_SURE,FRIENDS_OF_FRIENDS,NEVER,OLD,SOMETIMES,NOT_SURE,FRIENDS,NOT_SURE,FRIENDS,NOT_SURE,SMS,SOMETIMES,NO,YES,OLD,NO,SOMETIMES,OLD,SOMETIMES,YES,NEVER,NEVER,SOMETIMES,NEVER,NO,SOMETIMES,NOT_SURE,OLD,NOT_SURE,NOT_SURE,SOMETIMES,SOMETIMES,27.5,6.0,40.8,32.8,29.7,50.7,61.0,31.2,19.0,60.2,34,MODERATE
SYN-00894,SMB Owner,2026-04-03,FRIENDS,NO,FRIENDS,NO,YES,NOT_SURE,NO,NO,NOT_SURE,YES,NOT_SURE,NO,NOT_SURE,SOMETIMES,SOMETIMES,SOMETIMES,SOMETIMES,SOMETIMES,FRIENDS,SOMETIMES,NOT_SURE,NO,FRIENDS_OF_FRIENDS,NOT_SURE,OLD,NOT_SURE,NO,ANYONE,YES,FRIENDS,YES,SMS,SOMETIMES,NOT_SURE,NO,NEVER,NOT_SURE,NOT_SURE,NEVER,NO,SOMETIMES,SOMETIMES,NOT_SURE,NOT_SURE,SOMETIMES,NO,SOMETIMES,NOT_SURE,OLD,OLD,NOT_SURE,SOMETIMES,NOT_SURE,27.5,43.3,60.0,39.4,52.3,90.7,56.1,81.2,42.8,52.5,51,HIGH
SYN-00895,Student,2026-01-03,PRIVATE,NOT_SURE,PRIVATE,NO,NO,NO,NO,NO,NO,NO,YES,NO,NO,NEVER,NEVER,NEVER,NEVER,SOMETIMES,FRIENDS,SOMETIMES,SOMETIMES,NO,FRIENDS_OF_FRIENDS,NEVER,OLD,YES,YES,FRIENDS,NO,NO_ONE,YES,SMS,NEVER,NOT_SURE,NOT_SURE,OLD,YES,YES,OLD,YES,YES,NEVER,NEVER,SOMETIMES,NEVER,NO,NOT_SURE,NEVER,RECENT,RECENT,NOT_SURE,YES,NOT_SURE,12.0,10.0,7.2,41.7,23.0,10.0,23.7,19.4,16.6,17.5,18,LOW
SYN-00896,Student,2026-02-06,FRIENDS,NOT_SURE,FRIENDS,NOT_SURE,NO,NO,NO,NOT_SURE,NO,NOT_SURE,NOT_SURE,NO,NOT_SURE,NEVER,NOT_SURE,SOMETIMES,SOMETIMES,SOMETIMES,FRIENDS,SOMETIMES,SOMETIMES,NOT_SURE,FRIENDS_OF_FRIENDS,SOMETIMES,NOT_SURE,SOMETIMES,NOT_SURE,FRIENDS,NOT_SURE,FRIENDS,YES,APP_OR_KEY,SOMETIMES,NOT_SURE,NOT_SURE,NOT_SURE,YES,YES,OLD,SOMETIMES,YES,NEVER,SOMETIMES,YES,NOT_SURE,NO,YES,NEVER,OLD,NOT_SURE,NOT_SURE,NOT_SURE,NEVER,41.5,22.0,44.0,51.7,58.7,50.7,31.9,31.2,20.7,54.2,39,MODERATE
SYN-00897,Student,2026-08-21,FRIENDS,NO,PRIVATE,NOT_SURE,NOT_SURE,NO,NOT_SURE,NOT_SURE,NOT_SURE,NOT_SURE,NO,NOT_SURE,YES,SOMETIMES,NOT_SURE,NEVER,SOMETIMES,SOMETIMES,PRIVATE,SOMETIMES,NEVER,NOT_SURE,EVERYONE,NEVER,RECENT,SOMETIMES,NO,FRIENDS,NOT_SURE,FRIENDS,YES,APP_OR_KEY,NEVER,NO,NO,NOT_SURE,NOT_SURE,YES,OLD,SOMETIMES,SOMETIMES,SOMETIMES,NOT_SURE,SOMETIMES,SOMETIMES,NO,YES,NOT_SURE,OLD,OLD,NOT_SURE,NO,SOMETIMES,27.5,42.0,55.2,26.7,33.3,61.4,33.9,53.5,33.1,61.5,41,HIGH
SYN-00898,Student,2026-07-02,FRIENDS,NOT_SURE,PUBLIC,NOT_SURE,YES,NOT_SURE,NO,NOT_SURE,NOT_SURE,NOT_SURE,YES,NOT_SURE,YES,NOT_SURE,SOMETIMES,SOMETIMES,SOMETIMES,NOT_SURE,FRIENDS,NOT_SURE,NOT_SURE,NOT_SURE,EVERYONE,SOMETIMES,OLD,SOMETIMES,NOT_SURE,ANYONE,YES,FRIENDS,NO,NONE,SOMETIMES,NOT_SURE,NOT_SURE,NEVER,NOT_SURE,SOMETIMES,OLD,SOMETIMES,NOT_SURE,SOMETIMES,NOT_SURE,NOT_SURE,SOMETIMES,NO,NO,NOT_SURE,OLD,OLD,YES,SOMETIMES,SOMETIMES,64.5,56.0,62.8,46.7,68.3,80.0,78.9,58.2,49.7,64.0,63,HIGH
SYN-00899,Job Seeker,2025-11-11,FRIENDS,NO,PRIVATE,NOT_SURE,NOT_SURE,NO,NO,NO,NO,NO,NOT_SURE,NO,NOT_SURE,SOMETIMES,SOMETIMES,SOMETIMES,NEVER,NEVER,FRIENDS,NEVER,NEVER,NO,APPROVAL,NEVER,RECENT,YES,YES,NO_ONE,NO,NO_ONE,YES,SMS,NEVER,YES,YES,OLD,YES,YES,OLD,SOMETIMES,SOMETIMES,NEVER,NEVER,YES,NEVER,NO,YES,SOMETIMES,RECENT,RECENT,NOT_SURE,YES,NEVER,27.5,6.0,43.2,11.7,0.0,0.0,10.1,42.9,6.2,10.0,16,LOW
SYN-00900,SMB Owner,2025-12-06,PUBLIC,NOT_SURE,FRIENDS,YES,NOT_SURE,YES,YES,YES,YES,YES,YES,YES,YES,SOMETIMES,OFTEN,SOMETIMES,SOMETIMES,OFTEN,PUBLIC,OFTEN,OFTEN,NOT_SURE,FRIENDS_OF_FRIENDS,SOMETIMES,OLD,SOMETIMES,NO,FRIENDS,YES,FRIENDS,NOT_SURE,NOT_SURE,OFTEN,NO,NO,NEVER,NO,NOT_SURE,NEVER,NO,NOT_SURE,OFTEN,SOMETIMES,NOT_SURE,SOMETIMES,NO,NOT_SURE,OFTEN,NEVER,NEVER,YES,NO,OFTEN,74.0,100.0,77.6,93.3,53.7,72.1,87.5,92.9,52.4,100.0,80,CRITICAL
SYN-00901,Professional,2026-09-16,FRIENDS,NOT_SURE,FRIENDS,NOT_SURE,NOT_SURE,NO,NOT_SURE,YES,NOT_SURE,YES,NOT_SURE,NOT_SURE,NOT_SURE,SOMETIMES,SOMETIMES,OFTEN,SOMETIMES,NOT_SURE,PUBLIC,NOT_SURE,NOT_SURE,NOT_SURE,FRIENDS_OF_FRIENDS,SOMETIMES,OLD,NOT_SURE,NO,FRIENDS,NOT_SURE,ANYONE,NO,NONE,SOMETIMES,NOT_SURE,NOT_SURE,NEVER,NO,NOT_SURE,NOT_SURE,NOT_SURE,NOT_SURE,SOMETIMES,SOMETIMES,NOT_SURE,SOMETIMES,NO,SOMETIMES,SOMETIMES,OLD,NEVER,YES,NO,SOMETIMES,46.5,58.7,65.2,68.3,56.3,70.7,83.9,71.8,45.5,82.8,64,HIGH
SYN-00902,Student,2025-12-06,PRIVATE,NOT_SURE,FRIENDS,NOT_SURE,NOT_SURE,NO,NOT_SURE,NOT_SURE,NO,YES,NOT_SURE,YES,NO,NOT_SURE,NOT_SURE,SOMETIMES,SOMETIMES,NOT_SURE,PUBLIC,SOMETIMES,SOMETIMES,NOT_SURE,FRIENDS_OF_FRIENDS,OFTEN,NOT_SURE,SOMETIMES,NOT_SURE,FRIENDS,YES,FRIENDS,NOT_SURE,SMS,SOMETIMES,NO,NOT_SURE,NOT_SURE,NO,NO,OLD,SOMETIMES,SOMETIMES,SOMETIMES,OFTEN,SOMETIMES,NEVER,NO,SOMETIMES,SOMETIMES,NOT_SURE,OLD,NOT_SURE,NO,SOMETIMES,36.0,45.3,45.2,73.3,74.7,61.4,75.0,53.5,37.2,67.8,56,HIGH
SYN-00903,Student,2026-01-13,PRIVATE,NOT_SURE,PRIVATE,NO,NO,NO,NO,NOT_SURE,NO,NO,NO,NO,NOT_SURE,NOT_SURE,NEVER,SOMETIMES,SOMETIMES,SOMETIMES,PRIVATE,NEVER,NEVER,NOT_SURE,APPROVAL,SOMETIMES,RECENT,SOMETIMES,NOT_SURE,ANYONE,NOT_SURE,NO_ONE,YES,SMS,NOT_SURE,NOT_SURE,NOT_SURE,OLD,YES,SOMETIMES,OLD,YES,YES,SOMETIMES,SOMETIMES,SOMETIMES,NEVER,NO,SOMETIMES,NOT_SURE,OLD,OLD,NOT_SURE,SOMETIMES,SOMETIMES,12.0,8.0,48.0,10.0,30.7,64.3,37.6,30.0,29.3,54.0,30,MODERATE
SYN-00904,Student,2026-05-24,PUBLIC,NOT_SURE,FRIENDS,YES,YES,NOT_SURE,NOT_SURE,NOT_SURE,NO,NOT_SURE,YES,YES,NOT_SURE,SOMETIMES,SOMETIMES,OFTEN,OFTEN,SOMETIMES,FRIENDS,NOT_SURE,OFTEN,NOT_SURE,EVERYONE,OFTEN,NOT_SURE,SOMETIMES,NO,ANYONE,NOT_SURE,FRIENDS,NO,NONE,SOMETIMES,NO,NO,NEVER,NOT_SURE,SOMETIMES,NOT_SURE,SOMETIMES,SOMETIMES,OFTEN,NOT_SURE,NO,OFTEN,NO,NOT_SURE,SOMETIMES,OLD,OLD,NOT_SURE,NO,SOMETIMES,79.0,56.0,72.8,57.8,89.3,80.0,84.7,69.4,59.0,61.5,71,CRITICAL
SYN-00905,SMB Owner,2026-08-10,FRIENDS,NO,FRIENDS,YES,NOT_SURE,NO,NO,NO,NO,NOT_SURE,NO,NO,NOT_SURE,NOT_SURE,NEVER,NEVER,NEVER,SOMETIMES,FRIENDS,NEVER,NEVER,NO,APPROVAL,NEVER,OLD,SOMETIMES,YES,FRIENDS,NO,FRIENDS,YES,APP_OR_KEY,SOMETIMES,YES,NOT_SURE,OLD,NOT_SURE,SOMETIMES,OLD,YES,SOMETIMES,NEVER,SOMETIMES,SOMETIMES,NEVER,NO,NOT_SURE,NEVER,RECENT,RECENT,NOT_SURE,YES,NEVER,42.5,8.0,28.8,11.7,17.7,15.0,36.0,31.2,26.9,10.0,24,MODERATE
SYN-00906,Professional,2025-11-18,PRIVATE,NOT_SURE,FRIENDS,NOT_SURE,NOT_SURE,NO,NOT_SURE,NOT_SURE,NO,NOT_SURE,NO,NO,NO,SOMETIMES,NOT_SURE,SOMETIMES,NEVER,SOMETIMES,FRIENDS,NEVER,NEVER,NOT_SURE,APPROVAL,NEVER,OLD,SOMETIMES,NOT_SURE,FRIENDS,NO,FRIENDS,NOT_SURE,SMS,SOMETIMES,NOT_SURE,YES,RECENT,YES,SOMETIMES,OLD,NOT_SURE,SOMETIMES,NEVER,NOT_SURE,SOMETIMES,NEVER,NO,YES,NOT_SURE,OLD,OLD,YES,SOMETIMES,SOMETIMES,36.0,24.0,39.2,21.7,17.7,40.0,42.8,47.6,20.7,64.0,33,MODERATE
SYN-00907,Job Seeker,2026-07-18,FRIENDS,NO,PRIVATE,NO,NO,NO,NO,NO,NO,NO,NO,NOT_SURE,NO,NEVER,NEVER,NEVER,NEVER,NEVER,FRIENDS,NEVER,NEVER,NOT_SURE,APPROVAL,NEVER,RECENT,YES,YES,NO_ONE,NO,NO_ONE,YES,APP_OR_KEY,NEVER,YES,YES,RECENT,YES,YES,RECENT,YES,YES,NEVER,NEVER,YES,NEVER,NO,YES,NEVER,OLD,OLD,NO,SOMETIMES,NEVER,10.5,6.0,0.0,21.7,0.0,0.0,0.0,0.0,0.0,35.0,6,LOW
SYN-00908,Job Seeker,2026-04-30,PRIVATE,NOT_SURE,PRIVATE,NO,NO,NO,NOT_SURE,NO,NO,NOT_SURE,NO,NO,NO,SOMETIMES,SOMETIMES,NOT_SURE,NEVER,NEVER,PRIVATE,NEVER,NOT_SURE,NOT_SURE,FRIENDS_OF_FRIENDS,NEVER,RECENT,NOT_SURE,NOT_SURE,FRIENDS,NO,NO_ONE,NOT_SURE,APP_OR_KEY,NEVER,YES,YES,RECENT,NOT_SURE,YES,OLD,YES,SOMETIMES,SOMETIMES,NEVER,SOMETIMES,SOMETIMES,NO,SOMETIMES,NOT_SURE,OLD,OLD,NOT_SURE,SOMETIMES,NEVER,12.0,16.0,32.0,21.1,21.3,35.0,23.3,41.8,31.4,45.0,25,MODERATE
SYN-00909,SMB Owner,2026-05-09,PRIVATE,NO,FRIENDS,NOT_SURE,NO,NO,NO,NO,NO,NO,NO,NOT_SURE,NO,NEVER,NEVER,SOMETIMES,NEVER,NOT_SURE,FRIENDS,NEVER,NEVER,NO,APPROVAL,NEVER,RECENT,YES,YES,NO_ONE,NO,FRIENDS,NOT_SURE,APP_OR_KEY,NEVER,YES,NOT_SURE,OLD,YES,YES,RECENT,YES,YES,NEVER,NEVER,SOMETIMES,NOT_SURE,NO,SOMETIMES,NEVER,OLD,RECENT,NO,SOMETIMES,NEVER,19.0,6.0,15.6,11.7,0.0,5.0,27.9,0.0,24.1,21.2,14,LOW
SYN-00910,Job Seeker,2026-02-22,FRIENDS,NOT_SURE,FRIENDS,NOT_SURE,YES,NO,YES,NOT_SURE,NOT_SURE,NOT_SURE,NOT_SURE,NOT_SURE,NOT_SURE,OFTEN,OFTEN,OFTEN,SOMETIMES,SOMETIMES,PUBLIC,OFTEN,SOMETIMES,NO,FRIENDS_OF_FRIENDS,SOMETIMES,NOT_SURE,NOT_SURE,NO,ANYONE,NOT_SURE,ANYONE,NO,NONE,SOMETIMES,NOT_SURE,NOT_SURE,NEVER,NOT_SURE,NO,NOT_SURE,NO,NOT_SURE,SOMETIMES,SOMETIMES,NO,SOMETIMES,NO,SOMETIMES,SOMETIMES,NEVER,NOT_SURE,YES,SOMETIMES,NOT_SURE,51.5,53.3,82.4,74.4,61.3,89.3,83.1,78.8,49.7,80.0,69,HIGH
SYN-00911,Job Seeker,2026-02-05,FRIENDS,YES,FRIENDS,NOT_SURE,YES,NOT_SURE,NOT_SURE,NOT_SURE,NO,NOT_SURE,YES,NOT_SURE,YES,SOMETIMES,SOMETIMES,OFTEN,SOMETIMES,SOMETIMES,FRIENDS,SOMETIMES,SOMETIMES,YES,EVERYONE,SOMETIMES,OLD,YES,NOT_SURE,FRIENDS,NOT_SURE,ANYONE,NOT_SURE,SMS,SOMETIMES,NOT_SURE,NOT_SURE,NOT_SURE,NOT_SURE,SOMETIMES,NEVER,SOMETIMES,SOMETIMES,SOMETIMES,SOMETIMES,SOMETIMES,NOT_SURE,NOT_SURE,YES,SOMETIMES,OLD,NEVER,YES,SOMETIMES,SOMETIMES,59.5,52.0,72.8,58.3,61.7,60.0,65.0,69.4,45.9,75.2,61,HIGH
SYN-00912,Student,2026-05-29,PUBLIC,NO,FRIENDS,NOT_SURE,YES,NOT_SURE,YES,NOT_SURE,YES,NOT_SURE,YES,NOT_SURE,NOT_SURE,SOMETIMES,NOT_SURE,OFTEN,SOMETIMES,SOMETIMES,PUBLIC,SOMETIMES,SOMETIMES,YES,FRIENDS_OF_FRIENDS,OFTEN,NEVER,SOMETIMES,NO,ANYONE,YES,ANYONE,NOT_SURE,SMS,OFTEN,NO,NO,OLD,NO,SOMETIMES,OLD,NO,SOMETIMES,OFTEN,OFTEN,NO,NOT_SURE,NOT_SURE,SOMETIMES,OFTEN,NEVER,NOT_SURE,YES,NO,SOMETIMES,59.0,77.3,64.8,80.0,78.7,100.0,79.9,72.4,70.7,89.0,75,CRITICAL
SYN-00913,Student,2026-06-24,FRIENDS,YES,FRIENDS,NOT_SURE,NOT_SURE,NO,NO,NO,NOT_SURE,NOT_SURE,NOT_SURE,NO,NOT_SURE,SOMETIMES,NEVER,NOT_SURE,NEVER,NOT_SURE,FRIENDS,SOMETIMES,SOMETIMES,NOT_SURE,FRIENDS_OF_FRIENDS,SOMETIMES,RECENT,SOMETIMES,YES,FRIENDS,NOT_SURE,FRIENDS,NOT_SURE,APP_OR_KEY,SOMETIMES,NO,NO,NOT_SURE,YES,SOMETIMES,OLD,NOT_SURE,SOMETIMES,SOMETIMES,NEVER,SOMETIMES,NOT_SURE,NO,SOMETIMES,SOMETIMES,OLD,OLD,YES,NO,SOMETIMES,54.5,26.0,38.0,51.7,42.7,25.7,57.5,58.2,30.3,71.5,44,HIGH
SYN-00914,Educator,2026-03-02,FRIENDS,NO,PUBLIC,NOT_SURE,NOT_SURE,NO,NO,NOT_SURE,NOT_SURE,NOT_SURE,NO,NO,NOT_SURE,NOT_SURE,NOT_SURE,NEVER,SOMETIMES,SOMETIMES,PUBLIC,NOT_SURE,NEVER,NO,FRIENDS_OF_FRIENDS,OFTEN,RECENT,NOT_SURE,NOT_SURE,FRIENDS,NOT_SURE,FRIENDS,NOT_SURE,SMS,NOT_SURE,NOT_SURE,NOT_SURE,OLD,YES,SOMETIMES,OLD,SOMETIMES,NOT_SURE,NOT_SURE,SOMETIMES,YES,NOT_SURE,NO,NOT_SURE,SOMETIMES,OLD,OLD,YES,SOMETIMES,NEVER,47.5,28.0,46.4,47.2,61.3,50.7,53.2,56.5,36.6,55.0,47,HIGH
SYN-00915,Educator,2026-08-19,PRIVATE,NOT_SURE,PRIVATE,NO,NO,NO,NO,NOT_SURE,NO,NO,NO,NOT_SURE,NO,NEVER,NEVER,NOT_SURE,NEVER,NEVER,PRIVATE,NEVER,NEVER,NO,APPROVAL,SOMETIMES,RECENT,SOMETIMES,YES,FRIENDS,NO,ANYONE,YES,APP_OR_KEY,NEVER,NOT_SURE,YES,OLD,YES,SOMETIMES,RECENT,SOMETIMES,YES,NEVER,SOMETIMES,SOMETIMES,NOT_SURE,NO,YES,SOMETIMES,RECENT,RECENT,NOT_SURE,SOMETIMES,NOT_SURE,12.0,14.0,8.0,0.0,30.7,24.3,14.6,11.8,33.8,25.0,16,LOW
SYN-00916,Professional,2026-04-18,PRIVATE,NO,PRIVATE,NOT_SURE,NOT_SURE,NOT_SURE,NO,NOT_SURE,NO,NO,NO,NO,NO,SOMETIMES,NEVER,NEVER,NEVER,SOMETIMES,PRIVATE,NEVER,NEVER,NO,FRIENDS_OF_FRIENDS,NEVER,RECENT,YES,YES,FRIENDS,NO,NO_ONE,YES,APP_OR_KEY,NEVER,YES,YES,RECENT,YES,SOMETIMES,RECENT,YES,SOMETIMES,NEVER,NEVER,SOMETIMES,SOMETIMES,NO,SOMETIMES,NEVER,OLD,RECENT,YES,YES,SOMETIMES,17.0,20.0,21.6,0.0,12.0,10.0,4.2,11.8,26.2,42.8,16,LOW
SYN-00917,Job Seeker,2026-01-08,FRIENDS,NO,FRIENDS,NO,NO,NO,NO,NO,NO,NO,NO,NO,NO,NEVER,NEVER,SOMETIMES,NEVER,NOT_SURE,PRIVATE,NOT_SURE,NEVER,NO,APPROVAL,NEVER,RECENT,YES,NOT_SURE,FRIENDS,NOT_SURE,FRIENDS,YES,APP_OR_KEY,SOMETIMES,YES,YES,OLD,YES,SOMETIMES,OLD,YES,YES,SOMETIMES,NEVER,YES,NOT_SURE,NO,YES,NEVER,OLD,RECENT,YES,YES,NEVER,17.5,0.0,15.6,13.9,0.0,50.7,20.4,30.0,10.3,33.8,15,LOW
SYN-00918,Professional,2026-03-05,PRIVATE,NOT_SURE,PRIVATE,NOT_SURE,NO,NOT_SURE,NOT_SURE,NO,NO,NOT_SURE,NOT_SURE,NO,NOT_SURE,NEVER,NEVER,NOT_SURE,SOMETIMES,NOT_SURE,PRIVATE,SOMETIMES,NOT_SURE,NOT_SURE,FRIENDS_OF_FRIENDS,SOMETIMES,OLD,SOMETIMES,YES,ANYONE,NO,NO_ONE,YES,SMS,OFTEN,NOT_SURE,NOT_SURE,NEVER,YES,SOMETIMES,OLD,YES,SOMETIMES,SOMETIMES,SOMETIMES,YES,SOMETIMES,NO,SOMETIMES,SOMETIMES,NOT_SURE,OLD,NOT_SURE,SOMETIMES,SOMETIMES,24.0,34.0,33.2,37.8,53.7,28.6,51.1,41.8,35.9,60.2,39,MODERATE
SYN-00919,Student,2025-10-16,FRIENDS,NO,FRIENDS,YES,NOT_SURE,NO,NOT_SURE,NOT_SURE,NOT_SURE,YES,NOT_SURE,NO,NOT_SURE,NOT_SURE,SOMETIMES,SOMETIMES,SOMETIMES,OFTEN,FRIENDS,NOT_SURE,NOT_SURE,NOT_SURE,FRIENDS_OF_FRIENDS,SOMETIMES,OLD,SOMETIMES,NOT_SURE,FRIENDS,NOT_SURE,FRIENDS,NOT_SURE,SMS,SOMETIMES,NO,NO,OLD,NOT_SURE,SOMETIMES,OLD,YES,SOMETIMES,NOT_SURE,NOT_SURE,SOMETIMES,NOT_SURE,NO,SOMETIMES,OFTEN,OLD,OLD,NOT_SURE,SOMETIMES,SOMETIMES,42.5,47.3,62.4,46.7,53.7,50.7,68.8,40.0,43.1,54.0,53,HIGH
SYN-00920,Professional,2026-02-12,PUBLIC,NOT_SURE,FRIENDS,NOT_SURE,YES,NO,NOT_SURE,NOT_SURE,YES,NOT_SURE,NO,NOT_SURE,NOT_SURE,SOMETIMES,SOMETIMES,NOT_SURE,SOMETIMES,SOMETIMES,FRIENDS,SOMETIMES,SOMETIMES,NOT_SURE,EVERYONE,NEVER,OLD,SOMETIMES,NOT_SURE,FRIENDS,NOT_SURE,FRIENDS,NOT_SURE,SMS,OFTEN,NO,NOT_SURE,OLD,NOT_SURE,SOMETIMES,NEVER,NOT_SURE,SOMETIMES,SOMETIMES,SOMETIMES,SOMETIMES,SOMETIMES,NO,SOMETIMES,NOT_SURE,OLD,OLD,NOT_SURE,SOMETIMES,OFTEN,71.0,50.0,58.4,51.7,44.3,50.7,73.2,74.1,41.7,60.0,57,HIGH
SYN-00921,Professional,2026-04-20,PRIVATE,NOT_SURE,PRIVATE,NO,NOT_SURE,NO,NOT_SURE,NO,NO,NO,NO,NO,NO,NOT_SURE,NOT_SURE,NEVER,SOMETIMES,NEVER,PRIVATE,NEVER,SOMETIMES,NO,FRIENDS_OF_FRIENDS,NEVER,OLD,YES,NOT_SURE,FRIENDS,NO,NO_ONE,YES,SMS,NEVER,NOT_SURE,YES,NOT_SURE,NOT_SURE,YES,RECENT,YES,SOMETIMES,NEVER,SOMETIMES,YES,NEVER,NO,SOMETIMES,NEVER,OLD,OLD,YES,NOT_SURE,SOMETIMES,17.0,8.0,29.6,13.3,23.0,35.0,25.8,11.8,17.2,67.0,22,MODERATE
SYN-00922,Professional,2026-08-12,FRIENDS,NOT_SURE,FRIENDS,NO,NOT_SURE,NO,NO,NOT_SURE,NO,NO,YES,NO,NOT_SURE,NEVER,NEVER,NEVER,NEVER,NEVER,PRIVATE,SOMETIMES,NOT_SURE,YES,APPROVAL,SOMETIMES,OLD,YES,NOT_SURE,NO_ONE,NO,NO_ONE,NO,NONE,SOMETIMES,NOT_SURE,NOT_SURE,RECENT,NOT_SURE,SOMETIMES,NOT_SURE,YES,NOT_SURE,SOMETIMES,NEVER,NOT_SURE,SOMETIMES,NO,YES,NEVER,OLD,OLD,YES,YES,SOMETIMES,34.5,18.0,9.6,44.4,35.0,25.0,70.6,55.3,22.1,56.5,35,MODERATE
SYN-00923,Job Seeker,2026-01-24,PUBLIC,YES,FRIENDS,YES,NOT_SURE,NO,NOT_SURE,NOT_SURE,NO,YES,NOT_SURE,NOT_SURE,NOT_SURE,SOMETIMES,NEVER,SOMETIMES,NOT_SURE,NOT_SURE,PUBLIC,SOMETIMES,SOMETIMES,NOT_SURE,FRIENDS_OF_FRIENDS,NOT_SURE,OLD,YES,NO,FRIENDS,NOT_SURE,ANYONE,NO,NONE,NOT_SURE,NO,NOT_SURE,OLD,NOT_SURE,SOMETIMES,NEVER,SOMETIMES,SOMETIMES,OFTEN,SOMETIMES,SOMETIMES,SOMETIMES,NOT_SURE,SOMETIMES,OFTEN,OLD,NOT_SURE,NOT_SURE,SOMETIMES,SOMETIMES,82.0,41.3,47.6,73.3,43.0,70.7,75.7,76.5,59.0,60.2,61,HIGH
SYN-00924,Professional,2026-08-14,FRIENDS,NOT_SURE,FRIENDS,NO,NOT_SURE,NO,NO,NOT_SURE,NO,NOT_SURE,NO,NO,NOT_SURE,SOMETIMES,NEVER,NOT_SURE,NOT_SURE,SOMETIMES,FRIENDS,OFTEN,OFTEN,YES,FRIENDS_OF_FRIENDS,SOMETIMES,RECENT,SOMETIMES,NOT_SURE,ANYONE,NOT_SURE,ANYONE,YES,SMS,SOMETIMES,NOT_SURE,NO,NEVER,YES,SOMETIMES,OLD,SOMETIMES,SOMETIMES,SOMETIMES,NOT_SURE,SOMETIMES,SOMETIMES,NO,SOMETIMES,SOMETIMES,OLD,OLD,NOT_SURE,SOMETIMES,SOMETIMES,34.5,16.0,47.2,78.3,42.7,78.6,46.7,53.5,41.0,54.0,45,HIGH
SYN-00925,Educator,2026-07-26,PRIVATE,NO,FRIENDS,NO,NO,NO,NO,NO,NO,NO,NO,NO,NO,NEVER,NEVER,SOMETIMES,NEVER,NEVER,FRIENDS,NEVER,NOT_SURE,NO,APPROVAL,NEVER,RECENT,YES,YES,FRIENDS,NO,NO_ONE,YES,APP_OR_KEY,NEVER,YES,YES,RECENT,YES,YES,RECENT,YES,YES,NEVER,NEVER,YES,NEVER,NO,YES,NEVER,OLD,RECENT,NO,NOT_SURE,NEVER,7.0,0.0,9.6,22.8,0.0,10.0,0.0,0.0,0.0,24.2,6,LOW
SYN-00926,Job Seeker,2026-09-25,PRIVATE,YES,FRIENDS,NOT_SURE,NOT_SURE,YES,NOT_SURE,NO,NO,NOT_SURE,NOT_SURE,YES,YES,SOMETIMES,SOMETIMES,SOMETIMES,SOMETIMES,OFTEN,PUBLIC,SOMETIMES,SOMETIMES,YES,FRIENDS_OF_FRIENDS,SOMETIMES,NEVER,NO,NO,ANYONE,NOT_SURE,NO_ONE,NO,NONE,SOMETIMES,NO,NOT_SURE,NEVER,NOT_SURE,SOMETIMES,NEVER,SOMETIMES,SOMETIMES,NOT_SURE,SOMETIMES,SOMETIMES,NOT_SURE,NOT_SURE,SOMETIMES,SOMETIMES,NEVER,NEVER,NOT_SURE,SOMETIMES,SOMETIMES,44.0,52.0,71.2,80.0,69.3,75.0,81.4,67.6,52.8,76.5,66,HIGH
SYN-00927,Educator,2026-07-11,PUBLIC,YES,FRIENDS,NO,NOT_SURE,NOT_SURE,NO,NOT_SURE,NO,NOT_SURE,NO,NO,NOT_SURE,SOMETIMES,OFTEN,SOMETIMES,SOMETIMES,SOMETIMES,FRIENDS,SOMETIMES,SOMETIMES,NOT_SURE,APPROVAL,SOMETIMES,OLD,SOMETIMES,NOT_SURE,FRIENDS,YES,FRIENDS,NO,NONE,SOMETIMES,NO,NOT_SURE,OLD,NO,SOMETIMES,OLD,SOMETIMES,YES,NOT_SURE,NEVER,NOT_SURE,NOT_SURE,NO,NOT_SURE,SOMETIMES,OLD,OLD,YES,NO,SOMETIMES,62.0,28.0,66.4,51.7,41.7,61.4,81.0,40.0,35.9,71.5,54,HIGH
SYN-00928,SMB Owner,2026-09-27,FRIENDS,YES,PUBLIC,NOT_SURE,YES,NOT_SURE,NOT_SURE,NOT_SURE,NO,YES,YES,NOT_SURE,NOT_SURE,SOMETIMES,SOMETIMES,OFTEN,OFTEN,SOMETIMES,PUBLIC,SOMETIMES,SOMETIMES,NOT_SURE,FRIENDS_OF_FRIENDS,OFTEN,NEVER,SOMETIMES,NOT_SURE,ANYONE,NOT_SURE,ANYONE,NOT_SURE,NOT_SURE,OFTEN,NOT_SURE,NO,NEVER,NO,NO,NEVER,NO,NO,OFTEN,SOMETIMES,NO,SOMETIMES,NOT_SURE,NOT_SURE,SOMETIMES,OLD,NEVER,NOT_SURE,NOT_SURE,SOMETIMES,72.5,57.3,72.8,73.3,78.7,78.6,87.5,100.0,64.5,68.2,74,CRITICAL
SYN-00929,Student,2026-02-12,FRIENDS,YES,FRIENDS,NOT_SURE,YES,NOT_SURE,NOT_SURE,YES,YES,YES,NOT_SURE,YES,NOT_SURE,SOMETIMES,SOMETIMES,SOMETIMES,SOMETIMES,OFTEN,FRIENDS,OFTEN,NOT_SURE,NOT_SURE,FRIENDS_OF_FRIENDS,SOMETIMES,OLD,NO,NOT_SURE,ANYONE,NOT_SURE,ANYONE,NO,NONE,SOMETIMES,NOT_SURE,NO,NOT_SURE,NO,SOMETIMES,OLD,NO,NO,SOMETIMES,SOMETIMES,SOMETIMES,SOMETIMES,NOT_SURE,NOT_SURE,NOT_SURE,NEVER,OLD,YES,NO,OFTEN,59.5,82.7,64.8,60.6,60.3,78.6,83.9,77.1,56.6,88.8,71,CRITICAL
SYN-00930,Job Seeker,2025-12-03,FRIENDS,YES,FRIENDS,NOT_SURE,YES,NOT_SURE,NOT_SURE,NOT_SURE,NOT_SURE,YES,NOT_SURE,YES,NOT_SURE,OFTEN,SOMETIMES,OFTEN,OFTEN,SOMETIMES,PUBLIC,SOMETIMES,SOMETIMES,YES,FRIENDS_OF_FRIENDS,SOMETIMES,NOT_SURE,NOT_SURE,NO,FRIENDS,YES,ANYONE,NO,NONE,OFTEN,NO,NOT_SURE,OLD,NO,SOMETIMES,NOT_SURE,NO,SOMETIMES,SOMETIMES,SOMETIMES,SOMETIMES,SOMETIMES,NOT_SURE,SOMETIMES,SOMETIMES,NOT_SURE,NOT_SURE,YES,NO,SOMETIMES,59.5,69.3,82.4,80.0,61.3,81.4,88.8,74.1,54.8,84.0,74,CRITICAL
SYN-00931,SMB Owner,2026-02-11,FRIENDS,NO,FRIENDS,NO,NOT_SURE,NOT_SURE,NO,NO,NO,NO,NO,NO,NO,NOT_SURE,NEVER,NEVER,SOMETIMES,NOT_SURE,FRIENDS,NEVER,NEVER,NO,APPROVAL,NOT_SURE,RECENT,YES,NOT_SURE,NO_ONE,NO,FRIENDS,YES,SMS,NOT_SURE,YES,YES,OLD,YES,SOMETIMES,RECENT,YES,YES,NEVER,NEVER,YES,NEVER,NO,SOMETIMES,NEVER,RECENT,RECENT,NOT_SURE,SOMETIMES,NEVER,22.5,12.0,27.6,11.7,20.0,30.0,24.0,0.0,6.9,17.5,18,LOW
SYN-00932,Professional,2025-12-26,PRIVATE,NOT_SURE,PRIVATE,NOT_SURE,YES,NO,NOT_SURE,NOT_SURE,NO,NOT_SURE,NO,NOT_SURE,NOT_SURE,SOMETIMES,OFTEN,NOT_SURE,NEVER,NEVER,FRIENDS,NOT_SURE,SOMETIMES,NOT_SURE,FRIENDS_OF_FRIENDS,NOT_SURE,OLD,NOT_SURE,NOT_SURE,NO_ONE,NOT_SURE,FRIENDS,NOT_SURE,SMS,SOMETIMES,YES,NOT_SURE,OLD,YES,SOMETIMES,NOT_SURE,NOT_SURE,NOT_SURE,NEVER,SOMETIMES,SOMETIMES,SOMETIMES,NO,SOMETIMES,NEVER,OLD,NOT_SURE,NOT_SURE,SOMETIMES,NOT_SURE,34.0,30.0,48.0,48.9,52.3,40.7,49.3,61.2,36.6,58.8,44,HIGH
SYN-00933,Professional,2025-12-04,FRIENDS,NOT_SURE,FRIENDS,YES,YES,NOT_SURE,NOT_SURE,YES,NOT_SURE,YES,YES,YES,NOT_SURE,SOMETIMES,SOMETIMES,SOMETIMES,OFTEN,SOMETIMES,PUBLIC,SOMETIMES,SOMETIMES,NOT_SURE,FRIENDS_OF_FRIENDS,SOMETIMES,OLD,NOT_SURE,NOT_SURE,ANYONE,YES,ANYONE,NO,NONE,SOMETIMES,NOT_SURE,NO,NEVER,NO,NOT_SURE,NOT_SURE,SOMETIMES,NOT_SURE,OFTEN,SOMETIMES,SOMETIMES,SOMETIMES,NOT_SURE,NOT_SURE,OFTEN,OLD,NOT_SURE,YES,SOMETIMES,NOT_SURE,59.5,78.7,66.4,73.3,56.3,89.3,87.2,74.1,61.7,68.8,72,CRITICAL
SYN-00934,Student,2025-11-27,FRIENDS,NO,FRIENDS,NO,NO,NOT_SURE,NO,NO,NO,NO,NO,NO,NOT_SURE,NEVER,SOMETIMES,SOMETIMES,SOMETIMES,NEVER,FRIENDS,SOMETIMES,NOT_SURE,NOT_SURE,FRIENDS_OF_FRIENDS,SOMETIMES,OLD,YES,NOT_SURE,FRIENDS,YES,FRIENDS,YES,APP_OR_KEY,SOMETIMES,NO,NO,NOT_SURE,YES,SOMETIMES,OLD,SOMETIMES,SOMETIMES,NOT_SURE,NEVER,SOMETIMES,NEVER,NO,NOT_SURE,NOT_SURE,OLD,OLD,YES,SOMETIMES,SOMETIMES,17.5,12.0,38.4,49.4,47.0,61.4,41.9,51.8,21.7,64.0,36,MODERATE
SYN-00935,Professional,2026-09-19,FRIENDS,NO,FRIENDS,NOT_SURE,NOT_SURE,NOT_SURE,NO,YES,NOT_SURE,YES,NOT_SURE,NOT_SURE,NO,SOMETIMES,SOMETIMES,SOMETIMES,OFTEN,SOMETIMES,FRIENDS,SOMETIMES,OFTEN,NOT_SURE,FRIENDS_OF_FRIENDS,NOT_SURE,OLD,NO,YES,FRIENDS,NOT_SURE,ANYONE,NOT_SURE,SMS,NOT_SURE,NOT_SURE,NOT_SURE,OLD,NO,NOT_SURE,OLD,SOMETIMES,SOMETIMES,OFTEN,SOMETIMES,YES,SOMETIMES,NOT_SURE,SOMETIMES,SOMETIMES,NEVER,NEVER,YES,NO,SOMETIMES,34.5,62.7,56.8,60.6,56.3,35.0,66.0,60.6,47.9,94.0,57,HIGH
SYN-00936,Student,2025-10-05,PRIVATE,NO,PRIVATE,NOT_SURE,NO,NO,NO,NO,NO,NO,NO,NO,NOT_SURE,NEVER,NOT_SURE,NEVER,NEVER,NEVER,PRIVATE,NEVER,NEVER,NO,APPROVAL,NOT_SURE,RECENT,SOMETIMES,YES,NO_ONE,NO,NO_ONE,YES,APP_OR_KEY,NEVER,YES,YES,OLD,YES,YES,RECENT,SOMETIMES,NOT_SURE,NEVER,NEVER,YES,NEVER,NO,SOMETIMES,NOT_SURE,OLD,RECENT,NO,SOMETIMES,NEVER,12.0,0.0,17.6,0.0,26.7,0.0,4.6,28.2,12.1,21.2,11,LOW
SYN-00937,Student,2026-09-23,PUBLIC,NOT_SURE,PUBLIC,NOT_SURE,YES,NOT_SURE,YES,NOT_SURE,YES,NOT_SURE,NOT_SURE,YES,YES,SOMETIMES,OFTEN,SOMETIMES,NOT_SURE,OFTEN,PUBLIC,SOMETIMES,OFTEN,YES,EVERYONE,OFTEN,NOT_SURE,NOT_SURE,NO,ANYONE,YES,ANYONE,NO,NONE,OFTEN,NO,NO,NOT_SURE,NOT_SURE,NO,NEVER,NO,NOT_SURE,OFTEN,SOMETIMES,NO,OFTEN,YES,SOMETIMES,OFTEN,NEVER,OLD,YES,NO,OFTEN,84.0,77.3,76.0,88.9,92.0,100.0,95.0,92.9,86.2,88.8,86,CRITICAL
SYN-00938,Job Seeker,2026-06-09,PUBLIC,YES,FRIENDS,YES,YES,NOT_SURE,NOT_SURE,YES,NO,YES,NOT_SURE,NOT_SURE,NOT_SURE,SOMETIMES,SOMETIMES,OFTEN,OFTEN,OFTEN,FRIENDS,SOMETIMES,OFTEN,NOT_SURE,EVERYONE,OFTEN,NOT_SURE,SOMETIMES,NO,ANYONE,YES,ANYONE,NO,NONE,NOT_SURE,NO,NO,NEVER,NOT_SURE,NOT_SURE,NEVER,SOMETIMES,NO,SOMETIMES,OFTEN,YES,OFTEN,NO,NO,OFTEN,NEVER,OLD,YES,SOMETIMES,OFTEN,87.0,58.7,77.6,60.6,89.3,100.0,84.4,81.2,62.1,81.2,76,CRITICAL
SYN-00939,Professional,2026-02-06,FRIENDS,NOT_SURE,FRIENDS,NOT_SURE,YES,NO,NOT_SURE,NOT_SURE,NO,NOT_SURE,NOT_SURE,NOT_SURE,NOT_SURE,NOT_SURE,SOMETIMES,SOMETIMES,SOMETIMES,SOMETIMES,FRIENDS,NEVER,NEVER,NO,FRIENDS_OF_FRIENDS,SOMETIMES,OLD,SOMETIMES,NOT_SURE,ANYONE,NOT_SURE,FRIENDS,NOT_SURE,SMS,NOT_SURE,NOT_SURE,NOT_SURE,OLD,YES,YES,OLD,NO,SOMETIMES,SOMETIMES,SOMETIMES,NOT_SURE,SOMETIMES,NOT_SURE,SOMETIMES,SOMETIMES,NEVER,NEVER,YES,SOMETIMES,SOMETIMES,51.5,36.0,57.6,11.7,53.7,69.3,49.0,65.3,57.6,86.5,50,HIGH
SYN-00940,Educator,2026-08-21,FRIENDS,NO,FRIENDS,NO,NOT_SURE,NO,NO,NOT_SURE,NO,NO,NOT_SURE,NO,NO,NOT_SURE,SOMETIMES,SOMETIMES,SOMETIMES,NOT_SURE,FRIENDS,NOT_SURE,NEVER,NO,FRIENDS_OF_FRIENDS,SOMETIMES,OLD,SOMETIMES,YES,NO_ONE,NOT_SURE,FRIENDS,NOT_SURE,SMS,SOMETIMES,NOT_SURE,NOT_SURE,OLD,NOT_SURE,YES,OLD,SOMETIMES,NOT_SURE,NEVER,NEVER,SOMETIMES,NOT_SURE,NO,SOMETIMES,SOMETIMES,OLD,OLD,NO,SOMETIMES,SOMETIMES,22.5,14.0,46.8,25.6,53.7,15.7,58.8,47.6,30.3,44.0,37,MODERATE
SYN-00941,Student,2025-11-29,FRIENDS,NOT_SURE,FRIENDS,YES,YES,NOT_SURE,NOT_SURE,NOT_SURE,NOT_SURE,YES,NOT_SURE,NOT_SURE,NO,OFTEN,SOMETIMES,SOMETIMES,SOMETIMES,OFTEN,FRIENDS,SOMETIMES,SOMETIMES,NOT_SURE,EVERYONE,NOT_SURE,OLD,NOT_SURE,NO,ANYONE,NOT_SURE,ANYONE,NOT_SURE,SMS,SOMETIMES,NOT_SURE,NO,NEVER,NO,SOMETIMES,NEVER,NOT_SURE,SOMETIMES,OFTEN,SOMETIMES,SOMETIMES,SOMETIMES,NO,NOT_SURE,OFTEN,NOT_SURE,NOT_SURE,NOT_SURE,NO,OFTEN,59.5,65.3,64.8,51.7,67.0,89.3,73.3,81.2,49.7,80.0,66,HIGH
SYN-00942,Job Seeker,2026-06-05,PRIVATE,NO,FRIENDS,NO,NO,NO,NO,NO,NO,NO,NO,NOT_SURE,NO,NEVER,NEVER,NOT_SURE,NEVER,NEVER,FRIENDS,NEVER,NEVER,NO,APPROVAL,NEVER,RECENT,YES,YES,FRIENDS,NO,FRIENDS,YES,APP_OR_KEY,NEVER,YES,YES,OLD,YES,YES,RECENT,YES,YES,NEVER,NEVER,YES,NEVER,NO,YES,NEVER,RECENT,RECENT,NOT_SURE,SOMETIMES,SOMETIMES,7.0,6.0,8.0,11.7,0.0,15.0,4.6,0.0,0.0,26.5,7,LOW
SYN-00943,Job Seeker,2026-02-14,PRIVATE,NO,PRIVATE,NO,NOT_SURE,NO,NO,NOT_SURE,NO,NOT_SURE,NOT_SURE,YES,NO,NOT_SURE,SOMETIMES,SOMETIMES,NEVER,NOT_SURE,PRIVATE,NEVER,NOT_SURE,NO,FRIENDS_OF_FRIENDS,NEVER,OLD,NOT_SURE,NOT_SURE,NO_ONE,NOT_SURE,FRIENDS,NOT_SURE,APP_OR_KEY,SOMETIMES,YES,NOT_SURE,OLD,NOT_SURE,YES,OLD,SOMETIMES,SOMETIMES,NOT_SURE,NEVER,YES,NOT_SURE,NO,SOMETIMES,SOMETIMES,RECENT,NOT_SURE,NOT_SURE,SOMETIMES,NEVER,5.0,32.0,37.2,11.1,32.3,40.7,47.4,51.8,23.4,37.5,31,MODERATE
SYN-00944,Professional,2026-01-08,FRIENDS,NO,FRIENDS,NOT_SURE,NOT_SURE,NO,NOT_SURE,NO,NO,NOT_SURE,NO,NOT_SURE,NOT_SURE,NOT_SURE,SOMETIMES,NEVER,NEVER,NOT_SURE,FRIENDS,NEVER,NOT_SURE,NO,FRIENDS_OF_FRIENDS,NEVER,OLD,YES,NO,FRIENDS,NOT_SURE,NO_ONE,NOT_SURE,NOT_SURE,SOMETIMES,YES,YES,NOT_SURE,YES,NO,NOT_SURE,SOMETIMES,SOMETIMES,SOMETIMES,NEVER,NOT_SURE,SOMETIMES,NO,NOT_SURE,SOMETIMES,OLD,OLD,YES,NOT_SURE,NOT_SURE,34.5,22.0,37.2,22.8,23.0,56.4,50.0,62.4,37.9,65.5,37,MODERATE
SYN-00945,Professional,2026-02-11,FRIENDS,NO,PRIVATE,NOT_SURE,NOT_SURE,NOT_SURE,NO,YES,NO,NO,YES,YES,YES,SOMETIMES,SOMETIMES,SOMETIMES,SOMETIMES,SOMETIMES,FRIENDS,NEVER,NOT_SURE,NOT_SURE,FRIENDS_OF_FRIENDS,SOMETIMES,OLD,NOT_SURE,YES,FRIENDS,YES,FRIENDS,NOT_SURE,SMS,NEVER,NO,NOT_SURE,NOT_SURE,YES,NOT_SURE,NOT_SURE,SOMETIMES,SOMETIMES,NEVER,SOMETIMES,SOMETIMES,NOT_SURE,NO,SOMETIMES,SOMETIMES,NEVER,OLD,NOT_SURE,SOMETIMES,SOMETIMES,27.5,45.3,66.4,32.8,56.3,36.4,49.7,51.8,40.7,65.2,48,HIGH
SYN-00946,SMB Owner,2025-12-07,FRIENDS,YES,PUBLIC,YES,NOT_SURE,NOT_SURE,NO,YES,NO,YES,YES,NOT_SURE,NOT_SURE,SOMETIMES,SOMETIMES,SOMETIMES,SOMETIMES,SOMETIMES,FRIENDS,SOMETIMES,SOMETIMES,YES,FRIENDS_OF_FRIENDS,SOMETIMES,OLD,NOT_SURE,NO,FRIENDS,YES,FRIENDS,NO,NONE,SOMETIMES,NO,NO,NOT_SURE,YES,SOMETIMES,NEVER,NOT_SURE,NO,SOMETIMES,SOMETIMES,SOMETIMES,SOMETIMES,NO,SOMETIMES,SOMETIMES,NOT_SURE,OLD,NOT_SURE,SOMETIMES,OFTEN,75.5,54.7,60.0,58.3,56.3,72.1,75.3,85.9,42.8,66.2,63,HIGH
SYN-00947,Educator,2026-08-12,PRIVATE,NO,PRIVATE,NOT_SURE,NO,NOT_SURE,NO,NO,NO,NO,NO,NO,NO,NEVER,NEVER,NEVER,NEVER,NEVER,FRIENDS,NEVER,NEVER,NO,APPROVAL,NEVER,RECENT,YES,YES,FRIENDS,NO,FRIENDS,YES,SMS,SOMETIMES,YES,YES,OLD,YES,YES,RECENT,SOMETIMES,YES,SOMETIMES,NEVER,YES,NEVER,NO,YES,NEVER,NOT_SURE,OLD,NO,SOMETIMES,NEVER,12.0,12.0,0.0,11.7,0.0,15.0,21.8,22.4,0.0,41.2,11,LOW
SYN-00948,Student,2026-01-13,PRIVATE,NOT_SURE,PUBLIC,NOT_SURE,NO,NOT_SURE,NO,NO,NO,NO,NO,NO,NOT_SURE,SOMETIMES,SOMETIMES,SOMETIMES,SOMETIMES,SOMETIMES,FRIENDS,SOMETIMES,SOMETIMES,NO,APPROVAL,NOT_SURE,OLD,NOT_SURE,YES,FRIENDS,NO,FRIENDS,YES,APP_OR_KEY,NEVER,NO,YES,NEVER,YES,SOMETIMES,OLD,YES,YES,NOT_SURE,NEVER,SOMETIMES,NEVER,NO,SOMETIMES,NOT_SURE,NOT_SURE,NEVER,NOT_SURE,SOMETIMES,NEVER,44.0,12.0,60.0,41.7,40.3,15.0,20.8,28.2,19.0,62.5,34,MODERATE
SYN-00949,Professional,2026-07-03,FRIENDS,NO,PRIVATE,NO,NO,NO,NO,NO,NO,NO,NO,NOT_SURE,NO,NEVER,NEVER,NEVER,NEVER,NOT_SURE,PRIVATE,NEVER,NEVER,NO,APPROVAL,NEVER,RECENT,YES,YES,NO_ONE,NO,NO_ONE,YES,APP_OR_KEY,NEVER,YES,YES,RECENT,YES,YES,RECENT,YES,YES,NEVER,NEVER,YES,NEVER,NO,YES,NEVER,OLD,RECENT,NOT_SURE,YES,SOMETIMES,10.5,6.0,6.0,0.0,0.0,0.0,0.0,0.0,0.0,32.8,4,LOW
SYN-00950,Student,2025-11-02,FRIENDS,NOT_SURE,FRIENDS,NOT_SURE,NO,NO,NO,NO,NO,NO,NO,NO,NO,SOMETIMES,NEVER,NEVER,SOMETIMES,NOT_SURE,FRIENDS,SOMETIMES,NEVER,NO,APPROVAL,NEVER,RECENT,YES,YES,FRIENDS,NO,NO_ONE,YES,APP_OR_KEY,NEVER,NOT_SURE,YES,RECENT,YES,YES,OLD,YES,SOMETIMES,NEVER,NEVER,YES,NEVER,NO,SOMETIMES,NEVER,OLD,NOT_SURE,NO,NOT_SURE,NEVER,41.5,0.0,30.0,28.3,0.0,10.0,5.8,31.2,6.9,44.2,17,LOW
SYN-00951,Student,2026-05-14,FRIENDS,NOT_SURE,FRIENDS,NOT_SURE,NO,NO,NO,NO,NOT_SURE,NOT_SURE,NO,NOT_SURE,NO,NEVER,NEVER,SOMETIMES,NOT_SURE,NEVER,PRIVATE,NEVER,NOT_SURE,NOT_SURE,FRIENDS_OF_FRIENDS,NEVER,OLD,SOMETIMES,NOT_SURE,FRIENDS,NOT_SURE,FRIENDS,NO,NONE,NEVER,NOT_SURE,NOT_SURE,OLD,YES,SOMETIMES,NEVER,NOT_SURE,SOMETIMES,SOMETIMES,SOMETIMES,SOMETIMES,SOMETIMES,NO,SOMETIMES,NEVER,NOT_SURE,OLD,NOT_SURE,NOT_SURE,NEVER,41.5,26.0,17.6,21.1,29.7,50.7,55.7,74.1,36.6,54.2,37,MODERATE
SYN-00952,Professional,2025-10-27,FRIENDS,YES,FRIENDS,NOT_SURE,NOT_SURE,NOT_SURE,NO,YES,NO,NO,NOT_SURE,NO,NO,SOMETIMES,SOMETIMES,SOMETIMES,OFTEN,SOMETIMES,FRIENDS,NOT_SURE,NOT_SURE,NOT_SURE,FRIENDS_OF_FRIENDS,NEVER,RECENT,SOMETIMES,NO,FRIENDS,YES,FRIENDS,NOT_SURE,SMS,NEVER,YES,NO,NOT_SURE,YES,NOT_SURE,OLD,SOMETIMES,NOT_SURE,SOMETIMES,SOMETIMES,SOMETIMES,NEVER,NOT_SURE,YES,NOT_SURE,NOT_SURE,OLD,YES,NOT_SURE,SOMETIMES,54.5,31.3,56.8,46.7,18.7,72.1,44.7,58.2,34.5,73.2,46,HIGH
SYN-00953,Student,2025-10-28,FRIENDS,NO,FRIENDS,NOT_SURE,YES,NO,NOT_SURE,NO,NOT_SURE,NOT_SURE,YES,NOT_SURE,NO,SOMETIMES,NOT_SURE,NOT_SURE,SOMETIMES,SOMETIMES,PRIVATE,OFTEN,NOT_SURE,NO,FRIENDS_OF_FRIENDS,SOMETIMES,RECENT,SOMETIMES,NO,FRIENDS,YES,FRIENDS,YES,SMS,NEVER,NO,NO,NOT_SURE,NO,SOMETIMES,OLD,SOMETIMES,NOT_SURE,SOMETIMES,NEVER,SOMETIMES,SOMETIMES,NO,SOMETIMES,SOMETIMES,NOT_SURE,OLD,YES,SOMETIMES,SOMETIMES,39.5,44.0,47.2,38.9,42.7,72.1,46.9,58.2,32.4,70.2,46,HIGH
SYN-00954,Job Seeker,2026-04-18,FRIENDS,NO,FRIENDS,NOT_SURE,YES,NO,NOT_SURE,NOT_SURE,NO,NO,NO,YES,NO,SOMETIMES,SOMETIMES,SOMETIMES,NEVER,NOT_SURE,FRIENDS,NOT_SURE,NOT_SURE,NO,APPROVAL,NOT_SURE,OLD,YES,YES,FRIENDS,NOT_SURE,FRIENDS,NOT_SURE,SMS,NEVER,YES,NOT_SURE,OLD,YES,SOMETIMES,OLD,SOMETIMES,YES,NEVER,NOT_SURE,SOMETIMES,SOMETIMES,NO,YES,NEVER,NEVER,NEVER,YES,NOT_SURE,SOMETIMES,39.5,26.0,39.6,36.7,31.0,25.7,37.6,31.2,27.9,89.5,36,MODERATE
SYN-00955,Professional,2026-02-09,FRIENDS,NOT_SURE,FRIENDS,NOT_SURE,NOT_SURE,YES,NOT_SURE,YES,NO,NO,NOT_SURE,NOT_SURE,NOT_SURE,NOT_SURE,SOMETIMES,SOMETIMES,NOT_SURE,SOMETIMES,FRIENDS,SOMETIMES,NEVER,NOT_SURE,FRIENDS_OF_FRIENDS,NOT_SURE,OLD,NO,NOT_SURE,FRIENDS,NO,FRIENDS,YES,APP_OR_KEY,SOMETIMES,NOT_SURE,NOT_SURE,NEVER,NOT_SURE,SOMETIMES,NEVER,NOT_SURE,SOMETIMES,SOMETIMES,SOMETIMES,SOMETIMES,SOMETIMES,NOT_SURE,SOMETIMES,NEVER,OLD,OLD,NOT_SURE,NO,SOMETIMES,46.5,53.3,56.0,38.3,56.3,40.0,45.6,74.1,48.6,61.5,51,HIGH
SYN-00956,Student,2026-01-12,PRIVATE,YES,PRIVATE,NOT_SURE,NOT_SURE,NO,NO,NOT_SURE,NO,NOT_SURE,NOT_SURE,NOT_SURE,NOT_SURE,SOMETIMES,SOMETIMES,SOMETIMES,SOMETIMES,OFTEN,PUBLIC,SOMETIMES,SOMETIMES,NOT_SURE,APPROVAL,SOMETIMES,OLD,SOMETIMES,NO,FRIENDS,NO,FRIENDS,YES,SMS,NOT_SURE,NOT_SURE,NOT_SURE,OLD,YES,YES,OLD,YES,YES,NEVER,SOMETIMES,NOT_SURE,NOT_SURE,NO,SOMETIMES,SOMETIMES,NEVER,OLD,YES,NOT_SURE,SOMETIMES,37.0,28.0,64.8,73.3,41.7,50.7,33.5,19.4,43.4,78.2,46,HIGH
SYN-00957,Job Seeker,2026-06-18,FRIENDS,NO,FRIENDS,NOT_SURE,NOT_SURE,NO,NO,NO,NOT_SURE,NO,NO,NO,NO,NEVER,NEVER,NOT_SURE,SOMETIMES,SOMETIMES,PRIVATE,SOMETIMES,NEVER,NOT_SURE,FRIENDS_OF_FRIENDS,SOMETIMES,RECENT,YES,NO,FRIENDS,NO,FRIENDS,YES,APP_OR_KEY,NEVER,NO,NOT_SURE,RECENT,YES,YES,OLD,NOT_SURE,YES,NEVER,NEVER,YES,NEVER,NO,SOMETIMES,NOT_SURE,OLD,RECENT,NOT_SURE,SOMETIMES,NEVER,34.5,12.0,24.8,26.7,36.0,50.7,16.1,35.9,12.1,31.2,25,MODERATE
SYN-00958,Educator,2026-05-21,FRIENDS,NOT_SURE,FRIENDS,NOT_SURE,NOT_SURE,NOT_SURE,NOT_SURE,NOT_SURE,NO,YES,NOT_SURE,NO,NOT_SURE,NOT_SURE,SOMETIMES,SOMETIMES,OFTEN,SOMETIMES,PRIVATE,SOMETIMES,SOMETIMES,NO,EVERYONE,SOMETIMES,OLD,NOT_SURE,NOT_SURE,FRIENDS,NOT_SURE,ANYONE,NOT_SURE,SMS,SOMETIMES,NO,NOT_SURE,OLD,YES,NO,OLD,SOMETIMES,SOMETIMES,NOT_SURE,SOMETIMES,SOMETIMES,NOT_SURE,NO,NOT_SURE,SOMETIMES,NEVER,OLD,NOT_SURE,NOT_SURE,SOMETIMES,46.5,47.3,64.0,30.0,71.0,60.0,61.8,51.8,43.4,68.2,54,HIGH
SYN-00959,Job Seeker,2026-05-19,FRIENDS,NO,PRIVATE,NO,NO,NO,NO,NO,NO,NO,NO,NO,NO,NEVER,NEVER,NEVER,NEVER,SOMETIMES,FRIENDS,NOT_SURE,NEVER,NO,FRIENDS_OF_FRIENDS,NEVER,RECENT,YES,YES,NO_ONE,NOT_SURE,FRIENDS,YES,APP_OR_KEY,NEVER,YES,YES,OLD,YES,YES,OLD,YES,YES,NEVER,NEVER,YES,NEVER,NO,SOMETIMES,NEVER,OLD,OLD,NOT_SURE,SOMETIMES,NEVER,10.5,0.0,7.2,25.6,12.0,15.7,4.6,19.4,6.9,45.0,11,LOW
SYN-00960,Educator,2026-06-27,PRIVATE,YES,FRIENDS,NO,NOT_SURE,NO,NOT_SURE,NO,NO,NOT_SURE,NO,NOT_SURE,NO,NEVER,SOMETIMES,NOT_SURE,NOT_SURE,SOMETIMES,PRIVATE,NEVER,NOT_SURE,NO,FRIENDS_OF_FRIENDS,SOMETIMES,OLD,SOMETIMES,YES,FRIENDS,YES,FRIENDS,YES,SMS,SOMETIMES,NOT_SURE,NOT_SURE,NOT_SURE,YES,NOT_SURE,OLD,YES,YES,NOT_SURE,NOT_SURE,SOMETIMES,NEVER,NO,SOMETIMES,SOMETIMES,NEVER,OLD,NOT_SURE,SOMETIMES,NOT_SURE,32.0,22.0,32.8,11.1,53.7,36.4,43.3,28.2,28.6,63.8,34,MODERATE
SYN-00961,Student,2026-02-02,FRIENDS,NOT_SURE,PUBLIC,NOT_SURE,YES,NO,YES,YES,NOT_SURE,YES,NOT_SURE,YES,NO,NOT_SURE,NOT_SURE,NOT_SURE,OFTEN,NOT_SURE,PUBLIC,OFTEN,SOMETIMES,YES,EVERYONE,SOMETIMES,OLD,NO,YES,ANYONE,NOT_SURE,FRIENDS,NO,NONE,OFTEN,NOT_SURE,NOT_SURE,OLD,NO,NOT_SURE,NEVER,SOMETIMES,SOMETIMES,NOT_SURE,SOMETIMES,SOMETIMES,SOMETIMES,NOT_SURE,NOT_SURE,NOT_SURE,NEVER,NOT_SURE,NOT_SURE,NOT_SURE,OFTEN,64.5,68.0,50.0,91.1,75.0,44.3,87.9,67.6,56.6,80.5,69,HIGH
SYN-00962,Job Seeker,2026-04-29,PUBLIC,NOT_SURE,FRIENDS,NO,NO,NO,NO,NO,NO,NO,NOT_SURE,NO,NOT_SURE,NEVER,SOMETIMES,NEVER,NOT_SURE,SOMETIMES,PRIVATE,NOT_SURE,SOMETIMES,NO,FRIENDS_OF_FRIENDS,SOMETIMES,OLD,YES,NO,FRIENDS,NOT_SURE,FRIENDS,YES,APP_OR_KEY,NOT_SURE,YES,NOT_SURE,OLD,YES,YES,OLD,SOMETIMES,YES,SOMETIMES,SOMETIMES,YES,SOMETIMES,NO,YES,NEVER,NEVER,OLD,NO,SOMETIMES,SOMETIMES,49.0,6.0,34.4,27.2,47.0,61.4,22.1,41.8,22.8,55.2,32,MODERATE
SYN-00963,Educator,2026-09-06,FRIENDS,YES,FRIENDS,NO,NO,NO,NO,NO,NO,NO,NO,NO,NO,NOT_SURE,SOMETIMES,NEVER,NEVER,NOT_SURE,PRIVATE,NEVER,SOMETIMES,NO,APPROVAL,SOMETIMES,RECENT,SOMETIMES,NO,NO_ONE,NOT_SURE,NO_ONE,YES,APP_OR_KEY,NEVER,NOT_SURE,NOT_SURE,OLD,YES,YES,OLD,NOT_SURE,SOMETIMES,NEVER,OFTEN,SOMETIMES,NEVER,NO,YES,SOMETIMES,OLD,OLD,NOT_SURE,NO,SOMETIMES,37.5,0.0,27.6,13.3,30.7,46.4,18.2,47.6,30.3,61.5,26,MODERATE
SYN-00964,Student,2025-11-17,FRIENDS,NO,PRIVATE,NO,NOT_SURE,NOT_SURE,NOT_SURE,NOT_SURE,NO,NOT_SURE,NOT_SURE,NOT_SURE,NOT_SURE,SOMETIMES,OFTEN,NEVER,NOT_SURE,SOMETIMES,FRIENDS,OFTEN,NOT_SURE,NOT_SURE,FRIENDS_OF_FRIENDS,OFTEN,OLD,SOMETIMES,NOT_SURE,ANYONE,NOT_SURE,FRIENDS,NO,NONE,NEVER,NOT_SURE,NO,OLD,NOT_SURE,NOT_SURE,OLD,SOMETIMES,SOMETIMES,SOMETIMES,SOMETIMES,NO,NEVER,NO,NOT_SURE,SOMETIMES,NEVER,OLD,NOT_SURE,SOMETIMES,SOMETIMES,15.5,48.0,55.2,60.6,69.7,69.3,68.5,53.5,40.0,65.2,54,HIGH
SYN-00965,Student,2026-02-18,PUBLIC,NOT_SURE,FRIENDS,YES,YES,NO,YES,NOT_SURE,NOT_SURE,YES,YES,NOT_SURE,NOT_SURE,SOMETIMES,OFTEN,OFTEN,SOMETIMES,SOMETIMES,PUBLIC,SOMETIMES,SOMETIMES,NOT_SURE,FRIENDS_OF_FRIENDS,OFTEN,NOT_SURE,SOMETIMES,NO,ANYONE,YES,ANYONE,NOT_SURE,SMS,OFTEN,NO,NO,NOT_SURE,NO,NO,NOT_SURE,SOMETIMES,SOMETIMES,SOMETIMES,OFTEN,SOMETIMES,SOMETIMES,NOT_SURE,NO,OFTEN,NOT_SURE,NEVER,YES,NO,OFTEN,79.0,62.7,72.8,73.3,74.7,100.0,86.1,62.4,72.8,95.0,76,CRITICAL
SYN-00966,Job Seeker,2025-11-18,FRIENDS,NOT_SURE,PUBLIC,NOT_SURE,NOT_SURE,YES,NO,NOT_SURE,NOT_SURE,NOT_SURE,YES,NOT_SURE,NOT_SURE,SOMETIMES,SOMETIMES,SOMETIMES,SOMETIMES,OFTEN,PUBLIC,SOMETIMES,SOMETIMES,YES,EVERYONE,SOMETIMES,NEVER,SOMETIMES,NO,ANYONE,YES,ANYONE,NO,NONE,OFTEN,NO,NO,OLD,NOT_SURE,NO,NEVER,NOT_SURE,NO,NOT_SURE,SOMETIMES,NOT_SURE,NOT_SURE,NO,NO,OFTEN,NEVER,NEVER,NOT_SURE,SOMETIMES,OFTEN,59.5,64.0,64.8,80.0,77.3,100.0,92.9,84.1,54.5,82.5,74,CRITICAL
SYN-00967,SMB Owner,2026-07-05,FRIENDS,NO,PRIVATE,NO,NO,NO,NO,NO,NO,NO,NO,NOT_SURE,NO,NEVER,SOMETIMES,OFTEN,NOT_SURE,NEVER,FRIENDS,NOT_SURE,SOMETIMES,NO,FRIENDS_OF_FRIENDS,SOMETIMES,OLD,SOMETIMES,NO,NO_ONE,NO,NO_ONE,YES,NOT_SURE,SOMETIMES,NOT_SURE,NOT_SURE,OLD,NO,SOMETIMES,OLD,YES,NOT_SURE,SOMETIMES,NOT_SURE,YES,NEVER,NO,NOT_SURE,NEVER,OLD,OLD,YES,NOT_SURE,SOMETIMES,10.5,6.0,33.6,38.9,53.7,35.7,52.9,46.5,18.3,67.0,33,MODERATE
SYN-00968,Professional,2026-01-08,FRIENDS,NOT_SURE,PUBLIC,YES,YES,NO,NOT_SURE,YES,YES,YES,NOT_SURE,NOT_SURE,YES,SOMETIMES,SOMETIMES,OFTEN,OFTEN,OFTEN,FRIENDS,OFTEN,OFTEN,NOT_SURE,FRIENDS_OF_FRIENDS,OFTEN,NOT_SURE,NO,NO,ANYONE,NOT_SURE,ANYONE,NOT_SURE,SMS,SOMETIMES,NO,NO,NEVER,NOT_SURE,SOMETIMES,NOT_SURE,SOMETIMES,SOMETIMES,OFTEN,NOT_SURE,NOT_SURE,OFTEN,NO,NOT_SURE,NOT_SURE,NEVER,NOT_SURE,YES,SOMETIMES,OFTEN,72.5,66.7,84.0,71.7,81.3,89.3,72.5,69.4,53.8,87.5,74,CRITICAL
SYN-00969,Student,2025-12-22,PRIVATE,NOT_SURE,FRIENDS,NO,NO,NO,NO,NO,NO,NO,NOT_SURE,NO,NOT_SURE,SOMETIMES,NEVER,SOMETIMES,NEVER,SOMETIMES,FRIENDS,SOMETIMES,NOT_SURE,NO,APPROVAL,SOMETIMES,OLD,SOMETIMES,NO,FRIENDS,NOT_SURE,FRIENDS,YES,SMS,SOMETIMES,YES,NOT_SURE,OLD,YES,SOMETIMES,OLD,SOMETIMES,SOMETIMES,SOMETIMES,NOT_SURE,SOMETIMES,NOT_SURE,NO,SOMETIMES,NOT_SURE,OLD,NEVER,NOT_SURE,SOMETIMES,NEVER,19.0,6.0,40.8,39.4,41.7,61.4,33.8,53.5,37.9,56.2,34,MODERATE
SYN-00970,Student,2025-12-28,FRIENDS,NOT_SURE,FRIENDS,NO,NOT_SURE,NO,YES,NOT_SURE,NO,YES,NOT_SURE,NOT_SURE,NOT_SURE,NEVER,NOT_SURE,NEVER,NEVER,NEVER,FRIENDS,NOT_SURE,SOMETIMES,NOT_SURE,FRIENDS_OF_FRIENDS,SOMETIMES,OLD,SOMETIMES,NOT_SURE,ANYONE,NO,FRIENDS,YES,SMS,NOT_SURE,NOT_SURE,NO,NEVER,YES,SOMETIMES,OLD,SOMETIMES,SOMETIMES,NOT_SURE,SOMETIMES,SOMETIMES,SOMETIMES,NOT_SURE,SOMETIMES,OFTEN,NEVER,NOT_SURE,NOT_SURE,SOMETIMES,SOMETIMES,34.5,46.7,17.6,48.9,53.7,58.6,44.7,51.8,59.0,71.5,45,HIGH
SYN-00971,Professional,2026-08-22,FRIENDS,NOT_SURE,FRIENDS,NOT_SURE,NOT_SURE,NOT_SURE,YES,NOT_SURE,NO,NO,NOT_SURE,NOT_SURE,YES,SOMETIMES,SOMETIMES,SOMETIMES,SOMETIMES,SOMETIMES,FRIENDS,SOMETIMES,NOT_SURE,NOT_SURE,EVERYONE,SOMETIMES,NEVER,SOMETIMES,NO,FRIENDS,NO,FRIENDS,YES,SMS,SOMETIMES,NO,NOT_SURE,NOT_SURE,NOT_SURE,SOMETIMES,NOT_SURE,SOMETIMES,SOMETIMES,NOT_SURE,SOMETIMES,YES,NOT_SURE,NOT_SURE,SOMETIMES,SOMETIMES,OLD,OLD,NOT_SURE,NO,NOT_SURE,46.5,45.3,66.4,49.4,77.3,50.7,51.9,60.6,45.9,60.0,55,HIGH
SYN-00972,Student,2026-04-07,PUBLIC,YES,PUBLIC,YES,YES,YES,YES,YES,YES,NOT_SURE,YES,YES,NOT_SURE,OFTEN,OFTEN,OFTEN,OFTEN,OFTEN,PUBLIC,OFTEN,OFTEN,YES,EVERYONE,SOMETIMES,NOT_SURE,NO,NO,ANYONE,YES,ANYONE,NO,NONE,OFTEN,NO,NO,NOT_SURE,NO,NO,NEVER,NOT_SURE,YES,SOMETIMES,OFTEN,NO,OFTEN,NOT_SURE,NO,OFTEN,NEVER,NEVER,YES,NOT_SURE,SOMETIMES,100.0,94.7,93.6,100.0,80.0,100.0,98.3,62.4,87.9,89.5,92,CRITICAL
SYN-00973,Job Seeker,2026-04-20,PUBLIC,NOT_SURE,FRIENDS,YES,YES,YES,YES,YES,NO,YES,YES,YES,YES,NEVER,SOMETIMES,SOMETIMES,OFTEN,SOMETIMES,PUBLIC,OFTEN,OFTEN,NOT_SURE,EVERYONE,OFTEN,NEVER,SOMETIMES,NO,ANYONE,YES,ANYONE,NOT_SURE,SMS,NOT_SURE,NO,NO,NEVER,NOT_SURE,NO,NOT_SURE,NOT_SURE,NO,NOT_SURE,NOT_SURE,NO,SOMETIMES,NO,SOMETIMES,SOMETIMES,NEVER,NEVER,YES,SOMETIMES,SOMETIMES,79.0,80.0,58.4,93.3,93.3,100.0,74.7,77.1,47.9,86.5,77,CRITICAL
SYN-00974,Student,2026-02-12,FRIENDS,NO,FRIENDS,NO,NO,NO,NO,NOT_SURE,NO,NO,NO,NO,NO,NEVER,NOT_SURE,NEVER,SOMETIMES,SOMETIMES,FRIENDS,NOT_SURE,SOMETIMES,NO,FRIENDS_OF_FRIENDS,NEVER,OLD,SOMETIMES,NOT_SURE,FRIENDS,NO,NO_ONE,YES,SMS,NEVER,NO,NOT_SURE,OLD,NOT_SURE,SOMETIMES,OLD,SOMETIMES,NOT_SURE,NEVER,NEVER,SOMETIMES,NEVER,NO,YES,NEVER,OLD,OLD,NOT_SURE,SOMETIMES,SOMETIMES,17.5,8.0,24.8,38.9,29.7,35.0,38.2,47.6,6.9,54.0,27,MODERATE
SYN-00975,Professional,2026-03-22,PRIVATE,NOT_SURE,FRIENDS,NOT_SURE,NO,NO,NO,NO,NO,NO,NOT_SURE,NOT_SURE,NO,SOMETIMES,NEVER,SOMETIMES,NEVER,NOT_SURE,FRIENDS,NEVER,SOMETIMES,NO,FRIENDS_OF_FRIENDS,NOT_SURE,RECENT,YES,NOT_SURE,FRIENDS,NOT_SURE,FRIENDS,YES,APP_OR_KEY,NEVER,YES,NOT_SURE,OLD,YES,YES,OLD,SOMETIMES,YES,NOT_SURE,SOMETIMES,SOMETIMES,SOMETIMES,NO,YES,NEVER,NEVER,OLD,NOT_SURE,SOMETIMES,NEVER,31.0,12.0,30.0,25.0,32.0,50.7,12.4,40.0,29.7,56.2,27,MODERATE
SYN-00976,Student,2025-11-25,FRIENDS,NOT_SURE,PUBLIC,YES,YES,NOT_SURE,YES,NOT_SURE,NO,NO,YES,YES,YES,OFTEN,SOMETIMES,NEVER,OFTEN,NOT_SURE,PUBLIC,SOMETIMES,SOMETIMES,NOT_SURE,EVERYONE,SOMETIMES,NEVER,SOMETIMES,NO,ANYONE,YES,ANYONE,NO,NONE,NOT_SURE,NO,NO,OLD,NO,SOMETIMES,OLD,NO,NOT_SURE,SOMETIMES,OFTEN,SOMETIMES,OFTEN,NOT_SURE,SOMETIMES,OFTEN,NEVER,OLD,YES,SOMETIMES,NOT_SURE,72.5,53.3,71.6,73.3,77.3,100.0,82.4,70.0,74.1,73.8,73,CRITICAL
SYN-00977,Professional,2025-11-08,PRIVATE,NOT_SURE,FRIENDS,NOT_SURE,NOT_SURE,NO,NO,NOT_SURE,NO,NO,NO,NO,NO,NEVER,SOMETIMES,NOT_SURE,NEVER,NEVER,FRIENDS,NOT_SURE,NOT_SURE,NO,APPROVAL,NEVER,RECENT,SOMETIMES,YES,NO_ONE,NO,FRIENDS,YES,SMS,NEVER,YES,YES,NEVER,YES,SOMETIMES,NOT_SURE,YES,SOMETIMES,SOMETIMES,SOMETIMES,YES,NEVER,NO,SOMETIMES,NEVER,RECENT,OLD,YES,SOMETIMES,NOT_SURE,36.0,8.0,17.6,36.7,6.7,5.0,18.1,50.6,17.2,48.8,21,MODERATE
SYN-00978,Student,2026-05-08,FRIENDS,NOT_SURE,FRIENDS,NO,NOT_SURE,NO,NO,NOT_SURE,NO,NOT_SURE,YES,NO,NOT_SURE,SOMETIMES,SOMETIMES,OFTEN,NOT_SURE,SOMETIMES,PRIVATE,NEVER,SOMETIMES,NOT_SURE,FRIENDS_OF_FRIENDS,SOMETIMES,OLD,SOMETIMES,NOT_SURE,NO_ONE,NOT_SURE,FRIENDS,YES,SMS,NEVER,NO,NOT_SURE,NEVER,YES,SOMETIMES,NOT_SURE,YES,SOMETIMES,SOMETIMES,SOMETIMES,SOMETIMES,NOT_SURE,NOT_SURE,SOMETIMES,NOT_SURE,NOT_SURE,OLD,NO,NOT_SURE,SOMETIMES,34.5,26.0,64.8,23.3,53.7,40.7,34.2,50.6,51.7,53.2,42,HIGH
SYN-00979,SMB Owner,2025-11-14,PRIVATE,NO,PRIVATE,NO,NO,NOT_SURE,NO,NO,NO,NO,NOT_SURE,NOT_SURE,NO,SOMETIMES,NEVER,NEVER,NEVER,NOT_SURE,FRIENDS,SOMETIMES,SOMETIMES,NO,APPROVAL,NEVER,RECENT,YES,NOT_SURE,FRIENDS,NOT_SURE,FRIENDS,YES,APP_OR_KEY,NEVER,NOT_SURE,NOT_SURE,OLD,NOT_SURE,SOMETIMES,OLD,SOMETIMES,YES,SOMETIMES,NOT_SURE,NOT_SURE,NOT_SURE,NO,YES,SOMETIMES,OLD,OLD,NOT_SURE,SOMETIMES,NEVER,0.0,24.0,20.4,41.7,0.0,50.7,30.1,41.8,34.8,45.0,26,MODERATE
SYN-00980,Professional,2025-12-31,FRIENDS,NO,FRIENDS,NOT_SURE,NO,NO,NO,NO,NO,NO,NO,NO,NO,NEVER,NOT_SURE,NEVER,SOMETIMES,NEVER,PRIVATE,NEVER,NOT_SURE,NO,APPROVAL,NEVER,RECENT,YES,YES,FRIENDS,NO,FRIENDS,YES,APP_OR_KEY,NEVER,YES,YES,OLD,YES,YES,RECENT,SOMETIMES,YES,NEVER,SOMETIMES,SOMETIMES,NEVER,NO,YES,NEVER,NEVER,RECENT,NO,SOMETIMES,NEVER,29.5,0.0,17.6,11.1,0.0,15.0,4.6,11.8,17.2,32.5,12,LOW
SYN-00981,Student,2025-11-04,FRIENDS,YES,FRIENDS,YES,YES,NOT_SURE,NOT_SURE,YES,NOT_SURE,YES,YES,NOT_SURE,NOT_SURE,OFTEN,SOMETIMES,SOMETIMES,OFTEN,OFTEN,FRIENDS,OFTEN,SOMETIMES,YES,EVERYONE,NOT_SURE,OLD,SOMETIMES,NO,ANYONE,YES,ANYONE,NOT_SURE,SMS,OFTEN,NO,NO,NEVER,NOT_SURE,SOMETIMES,NEVER,NO,NO,OFTEN,SOMETIMES,SOMETIMES,SOMETIMES,NOT_SURE,NOT_SURE,OFTEN,NOT_SURE,NEVER,YES,NO,OFTEN,67.5,74.7,80.8,69.4,64.3,100.0,80.3,100.0,61.7,95.0,76,CRITICAL
SYN-00982,Job Seeker,2025-12-02,FRIENDS,NOT_SURE,FRIENDS,NOT_SURE,NOT_SURE,NOT_SURE,NOT_SURE,NOT_SURE,NO,NOT_SURE,YES,YES,YES,SOMETIMES,SOMETIMES,NEVER,NOT_SURE,SOMETIMES,PUBLIC,SOMETIMES,NOT_SURE,NOT_SURE,FRIENDS_OF_FRIENDS,NOT_SURE,NOT_SURE,SOMETIMES,NO,ANYONE,YES,FRIENDS,NO,NONE,SOMETIMES,NOT_SURE,NO,OLD,YES,SOMETIMES,OLD,SOMETIMES,SOMETIMES,SOMETIMES,SOMETIMES,NOT_SURE,OFTEN,NOT_SURE,SOMETIMES,NOT_SURE,OLD,NEVER,NOT_SURE,SOMETIMES,SOMETIMES,46.5,56.0,55.2,71.1,54.7,90.7,70.7,53.5,64.8,65.2,61,HIGH
SYN-00983,Professional,2025-10-21,PRIVATE,NOT_SURE,FRIENDS,YES,NOT_SURE,NO,NO,NOT_SURE,NO,NOT_SURE,NOT_SURE,NOT_SURE,NOT_SURE,NEVER,NOT_SURE,NEVER,NEVER,NOT_SURE,FRIENDS,NEVER,SOMETIMES,NO,APPROVAL,SOMETIMES,OLD,SOMETIMES,NOT_SURE,FRIENDS,NOT_SURE,FRIENDS,YES,SMS,SOMETIMES,NOT_SURE,NOT_SURE,NEVER,YES,YES,OLD,YES,SOMETIMES,NEVER,NEVER,NO,NOT_SURE,NO,SOMETIMES,NEVER,RECENT,RECENT,NOT_SURE,SOMETIMES,SOMETIMES,44.0,28.0,23.6,25.0,41.7,50.7,39.2,31.2,31.0,26.5,33,MODERATE
SYN-00984,Job Seeker,2026-03-18,PUBLIC,YES,PUBLIC,YES,YES,NO,NOT_SURE,NOT_SURE,YES,NOT_SURE,NOT_SURE,YES,NOT_SURE,SOMETIMES,OFTEN,SOMETIMES,OFTEN,NOT_SURE,PUBLIC,OFTEN,SOMETIMES,YES,EVERYONE,OFTEN,OLD,NO,NO,ANYONE,YES,ANYONE,NOT_SURE,SMS,SOMETIMES,NO,NO,OLD,NOT_SURE,NO,NEVER,NOT_SURE,NOT_SURE,OFTEN,SOMETIMES,SOMETIMES,NOT_SURE,NOT_SURE,SOMETIMES,OFTEN,NEVER,OLD,NOT_SURE,NO,OFTEN,100.0,60.0,71.6,91.1,91.0,100.0,72.9,85.9,56.9,78.8,78,CRITICAL
SYN-00985,Professional,2026-09-05,PRIVATE,NOT_SURE,FRIENDS,NOT_SURE,NOT_SURE,NOT_SURE,NO,NOT_SURE,NO,NOT_SURE,NOT_SURE,NO,NO,SOMETIMES,OFTEN,SOMETIMES,NEVER,NEVER,FRIENDS,NEVER,SOMETIMES,NOT_SURE,FRIENDS_OF_FRIENDS,SOMETIMES,OLD,SOMETIMES,YES,FRIENDS,NO,FRIENDS,NOT_SURE,SMS,NOT_SURE,NOT_SURE,NOT_SURE,RECENT,NOT_SURE,SOMETIMES,OLD,YES,SOMETIMES,SOMETIMES,SOMETIMES,YES,SOMETIMES,NO,SOMETIMES,SOMETIMES,OLD,OLD,YES,SOMETIMES,SOMETIMES,36.0,34.0,40.0,35.0,53.7,15.0,56.4,41.8,35.9,64.0,42,HIGH
SYN-00986,Job Seeker,2026-07-20,FRIENDS,NO,FRIENDS,NO,NO,NO,NO,NO,NO,NO,NOT_SURE,NOT_SURE,NOT_SURE,SOMETIMES,NOT_SURE,NEVER,SOMETIMES,NOT_SURE,PUBLIC,SOMETIMES,NOT_SURE,NOT_SURE,FRIENDS_OF_FRIENDS,NOT_SURE,RECENT,SOMETIMES,YES,FRIENDS,NOT_SURE,FRIENDS,YES,SMS,SOMETIMES,YES,NOT_SURE,NEVER,NOT_SURE,YES,OLD,SOMETIMES,SOMETIMES,OFTEN,NEVER,SOMETIMES,NEVER,NO,SOMETIMES,NOT_SURE,OLD,OLD,NOT_SURE,NO,OFTEN,17.5,12.0,47.6,71.1,38.7,25.7,41.1,60.6,19.0,67.5,37,MODERATE
SYN-00987,Professional,2026-01-02,PRIVATE,YES,FRIENDS,NOT_SURE,NOT_SURE,NO,NO,NOT_SURE,NO,NO,NO,NO,NO,SOMETIMES,SOMETIMES,SOMETIMES,NOT_SURE,NEVER,FRIENDS,NOT_SURE,SOMETIMES,NO,FRIENDS_OF_FRIENDS,NEVER,OLD,YES,YES,NO_ONE,NO,FRIENDS,YES,SMS,SOMETIMES,NOT_SURE,NO,OLD,YES,YES,RECENT,YES,NOT_SURE,NEVER,SOMETIMES,SOMETIMES,SOMETIMES,NO,YES,NOT_SURE,OLD,NEVER,NOT_SURE,NO,SOMETIMES,44.0,8.0,41.6,38.9,23.0,5.0,38.8,16.5,34.8,72.8,32,MODERATE
SYN-00988,Professional,2025-10-30,FRIENDS,NOT_SURE,PRIVATE,NOT_SURE,NO,NO,NOT_SURE,NO,NO,NO,NOT_SURE,NOT_SURE,NO,SOMETIMES,NEVER,SOMETIMES,NOT_SURE,OFTEN,FRIENDS,SOMETIMES,SOMETIMES,NOT_SURE,FRIENDS_OF_FRIENDS,NEVER,OLD,NOT_SURE,NOT_SURE,NO_ONE,NOT_SURE,NO_ONE,YES,SMS,SOMETIMES,NOT_SURE,NOT_SURE,OLD,YES,SOMETIMES,OLD,NOT_SURE,SOMETIMES,SOMETIMES,SOMETIMES,SOMETIMES,SOMETIMES,NO,SOMETIMES,SOMETIMES,NEVER,NOT_SURE,NOT_SURE,NOT_SURE,NOT_SURE,34.5,20.0,44.0,51.7,32.3,35.7,39.6,58.2,42.8,73.0,40,MODERATE
SYN-00989,Student,2025-12-27,FRIENDS,NOT_SURE,PRIVATE,NO,NOT_SURE,NO,NO,NO,NO,NO,NO,NOT_SURE,NOT_SURE,NEVER,SOMETIMES,NOT_SURE,SOMETIMES,SOMETIMES,FRIENDS,NEVER,NEVER,NOT_SURE,FRIENDS_OF_FRIENDS,NEVER,RECENT,SOMETIMES,NOT_SURE,NO_ONE,NOT_SURE,FRIENDS,NOT_SURE,SMS,NEVER,YES,YES,OLD,YES,YES,NOT_SURE,YES,SOMETIMES,NOT_SURE,NOT_SURE,YES,NEVER,NO,YES,NEVER,OLD,RECENT,NO,SOMETIMES,NEVER,27.5,6.0,44.0,21.7,18.7,40.7,25.7,48.8,8.6,21.2,25,MODERATE
SYN-00990,Job Seeker,2026-08-05,PRIVATE,NOT_SURE,FRIENDS,NOT_SURE,NOT_SURE,NO,NO,NO,NO,NO,YES,NO,NOT_SURE,SOMETIMES,NEVER,NOT_SURE,NOT_SURE,SOMETIMES,PRIVATE,SOMETIMES,SOMETIMES,NO,FRIENDS_OF_FRIENDS,SOMETIMES,OLD,YES,YES,FRIENDS,NO,FRIENDS,YES,SMS,SOMETIMES,NOT_SURE,NOT_SURE,NEVER,YES,SOMETIMES,OLD,SOMETIMES,SOMETIMES,NEVER,NEVER,YES,NOT_SURE,NO,SOMETIMES,OFTEN,NEVER,OLD,NOT_SURE,NOT_SURE,SOMETIMES,36.0,10.0,47.2,30.0,47.0,15.0,43.3,42.9,27.6,68.2,35,MODERATE
SYN-00991,Job Seeker,2025-10-15,PRIVATE,NOT_SURE,FRIENDS,NOT_SURE,NOT_SURE,NO,NO,NO,NO,NOT_SURE,NOT_SURE,NOT_SURE,NOT_SURE,SOMETIMES,SOMETIMES,SOMETIMES,NEVER,NEVER,FRIENDS,SOMETIMES,NEVER,NOT_SURE,FRIENDS_OF_FRIENDS,NOT_SURE,OLD,SOMETIMES,NO,NO_ONE,NOT_SURE,FRIENDS,NOT_SURE,NOT_SURE,NOT_SURE,YES,NOT_SURE,OLD,NOT_SURE,SOMETIMES,OLD,SOMETIMES,SOMETIMES,NEVER,SOMETIMES,SOMETIMES,OFTEN,NO,SOMETIMES,SOMETIMES,OLD,NOT_SURE,NOT_SURE,NOT_SURE,SOMETIMES,36.0,20.0,43.2,38.3,49.7,51.4,57.4,42.9,51.0,63.2,43,HIGH
SYN-00992,Professional,2026-05-02,FRIENDS,NOT_SURE,FRIENDS,NOT_SURE,NOT_SURE,NO,NO,YES,NO,NOT_SURE,YES,NOT_SURE,NOT_SURE,SOMETIMES,SOMETIMES,NOT_SURE,SOMETIMES,SOMETIMES,FRIENDS,SOMETIMES,SOMETIMES,NOT_SURE,EVERYONE,NEVER,OLD,SOMETIMES,NOT_SURE,ANYONE,YES,FRIENDS,YES,SMS,SOMETIMES,NOT_SURE,NO,NEVER,NOT_SURE,SOMETIMES,OLD,SOMETIMES,SOMETIMES,SOMETIMES,SOMETIMES,SOMETIMES,OFTEN,NOT_SURE,SOMETIMES,NOT_SURE,OLD,OLD,NOT_SURE,NOT_SURE,OFTEN,46.5,37.3,58.4,51.7,44.3,80.0,54.4,53.5,62.1,63.0,53,HIGH
SYN-00993,Job Seeker,2026-02-24,PRIVATE,NOT_SURE,FRIENDS,NO,NO,NO,NO,NO,NO,NO,NO,NO,NO,NEVER,NEVER,NEVER,NEVER,NEVER,FRIENDS,NEVER,NEVER,NO,APPROVAL,SOMETIMES,RECENT,YES,YES,NO_ONE,NO,FRIENDS,YES,APP_OR_KEY,NOT_SURE,YES,YES,RECENT,YES,YES,RECENT,SOMETIMES,SOMETIMES,NEVER,SOMETIMES,YES,NEVER,NOT_SURE,YES,NEVER,RECENT,RECENT,NOT_SURE,YES,NEVER,19.0,0.0,0.0,11.7,24.0,5.0,9.7,23.5,22.4,10.0,11,LOW
SYN-00994,Job Seeker,2026-07-18,FRIENDS,NO,FRIENDS,NOT_SURE,NO,NO,NO,NO,NO,NO,NO,NO,NO,NEVER,NEVER,NEVER,SOMETIMES,SOMETIMES,PRIVATE,SOMETIMES,NOT_SURE,NO,FRIENDS_OF_FRIENDS,SOMETIMES,RECENT,SOMETIMES,YES,FRIENDS,NO,FRIENDS,YES,SMS,SOMETIMES,NOT_SURE,NOT_SURE,OLD,YES,YES,RECENT,SOMETIMES,SOMETIMES,NEVER,NOT_SURE,YES,NEVER,NO,YES,NEVER,OLD,RECENT,NOT_SURE,SOMETIMES,NEVER,29.5,0.0,16.8,27.8,42.7,15.0,35.4,23.5,8.6,31.2,22,MODERATE
SYN-00995,Student,2026-03-08,FRIENDS,NOT_SURE,FRIENDS,NOT_SURE,NOT_SURE,YES,NOT_SURE,NO,NO,NOT_SURE,NO,NO,NOT_SURE,SOMETIMES,SOMETIMES,SOMETIMES,SOMETIMES,SOMETIMES,FRIENDS,SOMETIMES,SOMETIMES,NOT_SURE,APPROVAL,NOT_SURE,OLD,SOMETIMES,NO,ANYONE,NOT_SURE,FRIENDS,YES,SMS,NEVER,NOT_SURE,NOT_SURE,NEVER,NOT_SURE,YES,RECENT,SOMETIMES,SOMETIMES,NEVER,SOMETIMES,NOT_SURE,NOT_SURE,NO,SOMETIMES,OFTEN,NOT_SURE,OLD,NOT_SURE,NOT_SURE,SOMETIMES,46.5,36.0,60.0,51.7,37.7,80.0,35.3,23.5,47.6,63.2,46,HIGH
SYN-00996,Student,2025-12-28,FRIENDS,NO,PRIVATE,NO,YES,NOT_SURE,NO,NOT_SURE,NOT_SURE,YES,NOT_SURE,NO,NO,SOMETIMES,OFTEN,NOT_SURE,OFTEN,SOMETIMES,FRIENDS,SOMETIMES,SOMETIMES,NOT_SURE,FRIENDS_OF_FRIENDS,SOMETIMES,OLD,SOMETIMES,NOT_SURE,FRIENDS,NOT_SURE,FRIENDS,YES,SMS,SOMETIMES,YES,NOT_SURE,NOT_SURE,YES,YES,OLD,SOMETIMES,SOMETIMES,SOMETIMES,NOT_SURE,SOMETIMES,SOMETIMES,NO,SOMETIMES,SOMETIMES,OLD,NOT_SURE,NOT_SURE,SOMETIMES,SOMETIMES,20.5,51.3,61.6,51.7,53.7,50.7,31.7,53.5,41.0,60.2,47,HIGH
SYN-00997,SMB Owner,2026-04-11,FRIENDS,NOT_SURE,PUBLIC,NOT_SURE,NOT_SURE,NOT_SURE,NOT_SURE,NOT_SURE,NOT_SURE,NOT_SURE,NOT_SURE,YES,YES,SOMETIMES,NOT_SURE,SOMETIMES,NOT_SURE,NOT_SURE,FRIENDS,NOT_SURE,OFTEN,NOT_SURE,FRIENDS_OF_FRIENDS,NOT_SURE,OLD,SOMETIMES,NO,FRIENDS,YES,NO_ONE,NO,NONE,OFTEN,NOT_SURE,NO,NEVER,NOT_SURE,SOMETIMES,OLD,SOMETIMES,SOMETIMES,SOMETIMES,SOMETIMES,YES,SOMETIMES,NOT_SURE,NOT_SURE,SOMETIMES,OLD,NOT_SURE,YES,NO,NOT_SURE,59.5,64.0,62.0,57.8,49.7,67.1,90.0,53.5,50.7,76.2,64,HIGH
SYN-00998,SMB Owner,2026-05-17,FRIENDS,YES,PUBLIC,NOT_SURE,YES,NOT_SURE,NOT_SURE,NOT_SURE,NO,NOT_SURE,NOT_SURE,YES,NOT_SURE,SOMETIMES,SOMETIMES,SOMETIMES,SOMETIMES,NOT_SURE,PRIVATE,SOMETIMES,SOMETIMES,YES,FRIENDS_OF_FRIENDS,SOMETIMES,OLD,SOMETIMES,NO,FRIENDS,NOT_SURE,FRIENDS,NOT_SURE,NOT_SURE,OFTEN,NOT_SURE,NO,NOT_SURE,YES,SOMETIMES,NEVER,SOMETIMES,SOMETIMES,SOMETIMES,SOMETIMES,SOMETIMES,SOMETIMES,NOT_SURE,SOMETIMES,NOT_SURE,NEVER,NOT_SURE,YES,NO,NOT_SURE,72.5,52.0,58.8,46.7,53.7,61.4,70.6,69.4,53.8,87.5,61,HIGH
SYN-00999,Job Seeker,2026-04-05,PRIVATE,NO,FRIENDS,NO,NO,NO,NO,NO,NO,NOT_SURE,NO,NOT_SURE,NO,NEVER,NEVER,NEVER,NOT_SURE,NEVER,PUBLIC,NEVER,NEVER,NOT_SURE,FRIENDS_OF_FRIENDS,NEVER,OLD,YES,NOT_SURE,NO_ONE,NOT_SURE,FRIENDS,YES,SMS,SOMETIMES,YES,YES,RECENT,YES,SOMETIMES,OLD,SOMETIMES,SOMETIMES,NEVER,NEVER,YES,NEVER,NO,YES,NOT_SURE,OLD,OLD,NOT_SURE,SOMETIMES,NEVER,7.0,14.0,8.0,43.3,23.0,40.7,21.4,42.9,5.2,45.0,21,MODERATE
SYN-01000,Educator,2025-10-10,PUBLIC,YES,PUBLIC,NOT_SURE,NOT_SURE,NOT_SURE,NOT_SURE,NOT_SURE,NOT_SURE,NOT_SURE,YES,NO,YES,SOMETIMES,SOMETIMES,SOMETIMES,OFTEN,SOMETIMES,FRIENDS,SOMETIMES,OFTEN,YES,FRIENDS_OF_FRIENDS,NEVER,OLD,SOMETIMES,NOT_SURE,FRIENDS,YES,FRIENDS,NO,NONE,NEVER,NOT_SURE,NOT_SURE,NEVER,YES,SOMETIMES,NEVER,SOMETIMES,SOMETIMES,NOT_SURE,SOMETIMES,NOT_SURE,SOMETIMES,NO,YES,SOMETIMES,OLD,OLD,YES,NO,SOMETIMES,87.0,58.0,72.8,67.2,29.7,61.4,59.4,67.6,38.6,71.5,61,HIGH
SYN-01001,SMB Owner,2025-11-21,FRIENDS,NOT_SURE,FRIENDS,NOT_SURE,YES,NO,YES,NOT_SURE,NO,NOT_SURE,NO,YES,YES,NEVER,NOT_SURE,SOMETIMES,SOMETIMES,OFTEN,FRIENDS,SOMETIMES,NEVER,NOT_SURE,EVERYONE,NOT_SURE,OLD,SOMETIMES,NOT_SURE,ANYONE,YES,NO_ONE,YES,SMS,SOMETIMES,NO,NO,OLD,NO,NOT_SURE,OLD,SOMETIMES,NOT_SURE,SOMETIMES,SOMETIMES,NOT_SURE,SOMETIMES,YES,SOMETIMES,SOMETIMES,OLD,OLD,NOT_SURE,SOMETIMES,NOT_SURE,51.5,39.3,55.2,38.3,64.3,75.0,58.2,58.2,69.7,52.5,55,HIGH
SYN-01002,Educator,2026-01-12,PRIVATE,NOT_SURE,FRIENDS,NO,NOT_SURE,NO,NO,NOT_SURE,NO,NOT_SURE,NOT_SURE,NOT_SURE,NOT_SURE,SOMETIMES,NOT_SURE,OFTEN,SOMETIMES,SOMETIMES,FRIENDS,SOMETIMES,SOMETIMES,NO,FRIENDS_OF_FRIENDS,SOMETIMES,OLD,SOMETIMES,NOT_SURE,FRIENDS,NOT_SURE,FRIENDS,NOT_SURE,NOT_SURE,SOMETIMES,NOT_SURE,NO,OLD,YES,SOMETIMES,NEVER,SOMETIMES,SOMETIMES,NOT_SURE,SOMETIMES,SOMETIMES,NOT_SURE,NOT_SURE,SOMETIMES,SOMETIMES,NEVER,OLD,YES,SOMETIMES,SOMETIMES,24.0,28.0,64.8,41.7,53.7,50.7,60.7,67.6,52.8,75.2,50,HIGH
SYN-01003,Professional,2026-07-24,PRIVATE,NO,FRIENDS,NO,NOT_SURE,NOT_SURE,NO,NOT_SURE,NO,NO,NOT_SURE,NO,YES,NOT_SURE,SOMETIMES,SOMETIMES,SOMETIMES,NEVER,FRIENDS,SOMETIMES,SOMETIMES,NOT_SURE,EVERYONE,NEVER,OLD,NOT_SURE,YES,FRIENDS,NOT_SURE,ANYONE,YES,APP_OR_KEY,SOMETIMES,NOT_SURE,NO,NOT_SURE,YES,SOMETIMES,OLD,SOMETIMES,SOMETIMES,NEVER,NEVER,NOT_SURE,NEVER,NO,SOMETIMES,NOT_SURE,OLD,OLD,NOT_SURE,SOMETIMES,NOT_SURE,12.0,26.0,56.8,51.7,47.0,35.0,39.4,42.9,21.7,52.5,38,MODERATE
SYN-01004,Professional,2026-02-27,FRIENDS,NO,PRIVATE,NO,NO,NO,NO,NO,NO,NO,NOT_SURE,NO,NOT_SURE,NEVER,NEVER,SOMETIMES,NEVER,NEVER,FRIENDS,NEVER,NEVER,NO,FRIENDS_OF_FRIENDS,NEVER,RECENT,YES,NOT_SURE,NO_ONE,NO,NO_ONE,YES,APP_OR_KEY,NOT_SURE,YES,NOT_SURE,OLD,YES,YES,OLD,YES,YES,SOMETIMES,NOT_SURE,SOMETIMES,NEVER,NO,YES,SOMETIMES,OLD,OLD,NO,SOMETIMES,NEVER,10.5,6.0,19.2,11.7,12.0,25.0,22.1,30.0,21.7,35.0,17,LOW
SYN-01005,Student,2025-12-30,FRIENDS,NOT_SURE,FRIENDS,NOT_SURE,NO,NO,NOT_SURE,NO,NO,NOT_SURE,NOT_SURE,NO,NO,SOMETIMES,NEVER,OFTEN,NOT_SURE,SOMETIMES,FRIENDS,SOMETIMES,NOT_SURE,NOT_SURE,APPROVAL,SOMETIMES,OLD,SOMETIMES,NOT_SURE,FRIENDS,NO,FRIENDS,NO,NONE,SOMETIMES,NOT_SURE,NOT_SURE,OLD,NOT_SURE,SOMETIMES,OLD,SOMETIMES,SOMETIMES,NEVER,SOMETIMES,YES,SOMETIMES,NO,SOMETIMES,SOMETIMES,OLD,NOT_SURE,NOT_SURE,SOMETIMES,NOT_SURE,41.5,22.0,45.6,49.4,41.7,40.0,75.1,42.9,35.9,58.8,45,HIGH
SYN-01006,SMB Owner,2026-03-08,PRIVATE,NO,FRIENDS,NO,NOT_SURE,NO,NO,NO,NO,NOT_SURE,YES,NO,NOT_SURE,NEVER,SOMETIMES,SOMETIMES,NEVER,NEVER,FRIENDS,SOMETIMES,NEVER,NO,FRIENDS_OF_FRIENDS,NEVER,RECENT,SOMETIMES,NOT_SURE,FRIENDS,NO,NO_ONE,YES,SMS,NOT_SURE,YES,YES,OLD,NOT_SURE,SOMETIMES,OLD,YES,SOMETIMES,SOMETIMES,SOMETIMES,SOMETIMES,NEVER,NO,NO,SOMETIMES,OLD,OLD,NOT_SURE,SOMETIMES,SOMETIMES,12.0,18.0,28.8,28.3,18.7,35.0,31.8,41.8,37.2,54.0,28,MODERATE
SYN-01007,Student,2026-04-27,PRIVATE,NOT_SURE,FRIENDS,NO,NO,NO,NO,NOT_SURE,NO,NO,NO,NO,NO,NEVER,NEVER,NEVER,NEVER,NEVER,PRIVATE,NEVER,NOT_SURE,NO,APPROVAL,SOMETIMES,RECENT,SOMETIMES,YES,NO_ONE,NO,NO_ONE,YES,APP_OR_KEY,NEVER,YES,YES,OLD,YES,YES,RECENT,YES,SOMETIMES,NEVER,NOT_SURE,YES,NEVER,NO,YES,NOT_SURE,OLD,RECENT,NOT_SURE,SOMETIMES,SOMETIMES,19.0,8.0,0.0,11.1,30.7,0.0,4.6,11.8,13.8,40.3,12,LOW
SYN-01008,Professional,2026-04-09,FRIENDS,NO,PRIVATE,NO,NO,NO,NO,NO,NO,NO,NO,NO,NO,NEVER,SOMETIMES,NEVER,NEVER,NEVER,PRIVATE,NEVER,NEVER,NO,APPROVAL,NEVER,RECENT,YES,NOT_SURE,NO_ONE,NOT_SURE,NO_ONE,YES,APP_OR_KEY,NEVER,YES,YES,OLD,YES,SOMETIMES,OLD,YES,YES,NEVER,NEVER,SOMETIMES,NEVER,NO,SOMETIMES,SOMETIMES,OLD,RECENT,NOT_SURE,SOMETIMES,NEVER,10.5,0.0,9.6,0.0,0.0,35.7,8.8,19.4,20.0,31.2,10,LOW
SYN-01009,Professional,2026-05-02,FRIENDS,NO,FRIENDS,NOT_SURE,NO,NO,NOT_SURE,NOT_SURE,NO,NO,NO,NO,NO,NEVER,NEVER,NEVER,NEVER,NOT_SURE,FRIENDS,NOT_SURE,NOT_SURE,NO,APPROVAL,NEVER,RECENT,YES,YES,FRIENDS,YES,FRIENDS,NOT_SURE,SMS,NEVER,YES,YES,OLD,YES,YES,OLD,YES,YES,NOT_SURE,NOT_SURE,SOMETIMES,SOMETIMES,NO,SOMETIMES,SOMETIMES,OLD,OLD,NOT_SURE,NOT_SURE,NOT_SURE,29.5,16.0,6.0,36.7,0.0,36.4,25.7,28.2,41.0,55.5,24,MODERATE
SYN-01010,Professional,2026-08-25,FRIENDS,NO,PRIVATE,NO,NO,NO,NO,NO,NO,NO,NO,NO,NO,NEVER,NEVER,NEVER,NEVER,NEVER,PRIVATE,NEVER,NEVER,NOT_SURE,APPROVAL,NEVER,RECENT,YES,YES,FRIENDS,NO,FRIENDS,YES,APP_OR_KEY,NOT_SURE,YES,YES,OLD,YES,NOT_SURE,OLD,YES,YES,NEVER,NEVER,YES,NEVER,NO,YES,NOT_SURE,OLD,OLD,NO,YES,SOMETIMES,10.5,0.0,0.0,10.0,0.0,15.0,20.1,19.4,5.2,36.5,9,LOW
SYN-01011,Educator,2025-11-15,PRIVATE,NO,PRIVATE,NO,NO,NOT_SURE,NO,NO,NO,NO,NO,NO,NO,NEVER,NOT_SURE,NOT_SURE,NOT_SURE,NOT_SURE,FRIENDS,NEVER,NEVER,NO,APPROVAL,SOMETIMES,RECENT,YES,YES,FRIENDS,NO,FRIENDS,YES,SMS,NEVER,NO,YES,OLD,YES,YES,OLD,YES,YES,NOT_SURE,NEVER,SOMETIMES,NEVER,NOT_SURE,SOMETIMES,SOMETIMES,OLD,RECENT,NOT_SURE,SOMETIMES,NEVER,0.0,12.0,30.0,11.7,24.0,15.0,18.5,28.2,32.1,31.2,20,LOW
SYN-01012,Professional,2026-02-12,FRIENDS,NO,PRIVATE,NOT_SURE,NO,NO,NO,NO,NO,NO,NO,NO,NO,NEVER,NEVER,NOT_SURE,NOT_SURE,NEVER,FRIENDS,NEVER,NEVER,NO,APPROVAL,SOMETIMES,OLD,SOMETIMES,NOT_SURE,FRIENDS,NO,NO_ONE,YES,APP_OR_KEY,SOMETIMES,YES,YES,OLD,YES,YES,RECENT,SOMETIMES,SOMETIMES,NEVER,NEVER,YES,NEVER,NO,YES,NEVER,OLD,RECENT,NO,SOMETIMES,NEVER,22.5,0.0,16.0,11.7,41.7,35.0,16.2,23.5,0.0,21.2,16,LOW
SYN-01013,Student,2026-07-21,PRIVATE,NO,FRIENDS,NO,NO,NO,NO,NO,NO,NO,NO,NO,NO,NEVER,NEVER,NEVER,NEVER,NOT_SURE,PRIVATE,NEVER,NEVER,NO,APPROVAL,NEVER,OLD,YES,YES,NO_ONE,NO,NO_ONE,YES,APP_OR_KEY,NEVER,YES,YES,RECENT,YES,YES,RECENT,SOMETIMES,YES,NEVER,NEVER,YES,SOMETIMES,NO,YES,NEVER,OLD,OLD,NO,SOMETIMES,NEVER,7.0,0.0,6.0,0.0,11.0,0.0,0.0,11.8,12.4,35.0,6,LOW
SYN-01014,Professional,2026-09-15,PRIVATE,NOT_SURE,FRIENDS,NO,NO,NO,NO,NO,NO,NO,NO,NO,NO,NEVER,NEVER,NEVER,NEVER,NEVER,FRIENDS,NEVER,NOT_SURE,NO,APPROVAL,NEVER,RECENT,SOMETIMES,NOT_SURE,NO_ONE,NO,FRIENDS,YES,APP_OR_KEY,NEVER,YES,YES,RECENT,YES,YES,OLD,YES,YES,NEVER,NEVER,YES,NEVER,NO,YES,NEVER,OLD,RECENT,NO,NOT_SURE,NEVER,19.0,0.0,0.0,22.8,6.7,30.0,0.0,19.4,0.0,24.2,9,LOW
SYN-01015,Job Seeker,2026-07-31,PUBLIC,YES,PUBLIC,NOT_SURE,YES,YES,NOT_SURE,YES,NO,YES,YES,YES,YES,OFTEN,SOMETIMES,SOMETIMES,OFTEN,OFTEN,PUBLIC,SOMETIMES,OFTEN,YES,EVERYONE,SOMETIMES,NOT_SURE,NO,NO,ANYONE,NOT_SURE,FRIENDS,NO,NONE,OFTEN,NO,NO,NOT_SURE,NO,NO,NEVER,NO,SOMETIMES,SOMETIMES,SOMETIMES,NO,OFTEN,YES,NO,NOT_SURE,NEVER,NOT_SURE,YES,NOT_SURE,SOMETIMES,92.0,74.7,87.2,88.9,80.0,80.0,98.3,81.2,87.9,84.5,86,CRITICAL
SYN-01016,Job Seeker,2025-11-19,PRIVATE,NO,FRIENDS,NOT_SURE,NO,NO,NO,NOT_SURE,NO,NO,NO,NOT_SURE,NOT_SURE,OFTEN,NOT_SURE,SOMETIMES,NOT_SURE,NOT_SURE,FRIENDS,NEVER,SOMETIMES,NOT_SURE,FRIENDS_OF_FRIENDS,SOMETIMES,OLD,YES,NOT_SURE,FRIENDS,NO,FRIENDS,NOT_SURE,SMS,NOT_SURE,YES,NOT_SURE,OLD,YES,YES,NOT_SURE,SOMETIMES,SOMETIMES,SOMETIMES,SOMETIMES,SOMETIMES,SOMETIMES,NO,SOMETIMES,SOMETIMES,OLD,OLD,NOT_SURE,NO,SOMETIMES,19.0,14.0,65.2,35.0,47.0,40.0,43.2,62.4,42.8,61.5,41,HIGH
SYN-01017,Student,2026-08-27,FRIENDS,NOT_SURE,PUBLIC,YES,NOT_SURE,NOT_SURE,NOT_SURE,YES,NOT_SURE,YES,NOT_SURE,NOT_SURE,YES,NOT_SURE,SOMETIMES,SOMETIMES,NOT_SURE,SOMETIMES,FRIENDS,OFTEN,SOMETIMES,YES,FRIENDS_OF_FRIENDS,OFTEN,OLD,YES,NO,FRIENDS,NOT_SURE,ANYONE,YES,SMS,NOT_SURE,NO,NOT_SURE,NEVER,NOT_SURE,SOMETIMES,OLD,NOT_SURE,YES,SOMETIMES,NOT_SURE,SOMETIMES,SOMETIMES,NOT_SURE,NOT_SURE,SOMETIMES,NEVER,NOT_SURE,NOT_SURE,NO,SOMETIMES,67.5,70.7,62.4,69.4,63.0,70.7,51.7,46.5,55.9,79.0,63,HIGH
SYN-01018,Student,2026-06-09,FRIENDS,NOT_SURE,FRIENDS,NO,NO,NO,NO,NO,NO,NO,NO,NO,NO,SOMETIMES,SOMETIMES,NEVER,NEVER,NOT_SURE,FRIENDS,NEVER,NOT_SURE,NOT_SURE,FRIENDS_OF_FRIENDS,NEVER,RECENT,YES,YES,NO_ONE,NO,ANYONE,YES,APP_OR_KEY,NEVER,YES,NOT_SURE,OLD,NOT_SURE,SOMETIMES,RECENT,YES,YES,NEVER,NOT_SURE,YES,SOMETIMES,NO,YES,NEVER,OLD,RECENT,NOT_SURE,SOMETIMES,NEVER,29.5,0.0,30.0,32.8,12.0,14.3,24.3,0.0,21.0,31.2,20,LOW
SYN-01019,SMB Owner,2025-12-12,PUBLIC,NOT_SURE,FRIENDS,NO,YES,NO,NOT_SURE,NOT_SURE,NO,NO,NOT_SURE,NOT_SURE,YES,NEVER,SOMETIMES,SOMETIMES,NOT_SURE,SOMETIMES,FRIENDS,SOMETIMES,SOMETIMES,NOT_SURE,FRIENDS_OF_FRIENDS,SOMETIMES,RECENT,SOMETIMES,NO,FRIENDS,YES,FRIENDS,NO,NONE,NEVER,YES,NOT_SURE,NEVER,NO,SOMETIMES,NEVER,NOT_SURE,SOMETIMES,SOMETIMES,NOT_SURE,SOMETIMES,SOMETIMES,NOT_SURE,SOMETIMES,SOMETIMES,OLD,OLD,NOT_SURE,NOT_SURE,SOMETIMES,59.0,28.0,50.4,51.7,42.7,72.1,64.7,74.1,53.1,57.0,52,HIGH
SYN-01020,Educator,2026-05-14,FRIENDS,NO,PRIVATE,NO,NO,NO,NO,NO,NO,NO,NO,NO,NOT_SURE,NEVER,NEVER,NEVER,SOMETIMES,NEVER,FRIENDS,NEVER,NEVER,NOT_SURE,APPROVAL,SOMETIMES,OLD,YES,YES,NO_ONE,NO,NO_ONE,YES,SMS,NEVER,NOT_SURE,NOT_SURE,NOT_SURE,YES,SOMETIMES,OLD,YES,SOMETIMES,NEVER,NEVER,YES,NEVER,NO,SOMETIMES,NEVER,OLD,OLD,NO,YES,NEVER,10.5,0.0,19.2,21.7,35.0,0.0,30.0,31.2,6.9,27.5,18,LOW
SYN-01021,Job Seeker,2026-01-31,FRIENDS,NO,FRIENDS,NOT_SURE,NOT_SURE,NO,NOT_SURE,NOT_SURE,NO,NOT_SURE,NO,NOT_SURE,NO,SOMETIMES,SOMETIMES,NOT_SURE,NEVER,SOMETIMES,FRIENDS,SOMETIMES,SOMETIMES,NOT_SURE,FRIENDS_OF_FRIENDS,SOMETIMES,RECENT,YES,NOT_SURE,FRIENDS,NO,FRIENDS,YES,SMS,SOMETIMES,YES,YES,NEVER,NOT_SURE,SOMETIMES,OLD,SOMETIMES,YES,NOT_SURE,NEVER,NO,NOT_SURE,NO,SOMETIMES,SOMETIMES,OLD,OLD,NOT_SURE,SOMETIMES,SOMETIMES,34.5,30.0,39.2,51.7,36.0,40.0,37.5,40.0,37.2,54.0,39,MODERATE
SYN-01022,Student,2026-03-09,FRIENDS,YES,PUBLIC,YES,NOT_SURE,NOT_SURE,NOT_SURE,YES,NOT_SURE,YES,YES,NOT_SURE,NOT_SURE,OFTEN,NOT_SURE,NOT_SURE,SOMETIMES,OFTEN,PUBLIC,SOMETIMES,SOMETIMES,YES,EVERYONE,NOT_SURE,OLD,SOMETIMES,NO,FRIENDS,YES,ANYONE,NOT_SURE,SMS,SOMETIMES,NO,NO,NOT_SURE,NOT_SURE,NOT_SURE,NEVER,NO,NO,OFTEN,SOMETIMES,SOMETIMES,NOT_SURE,NO,NOT_SURE,SOMETIMES,NEVER,OLD,NOT_SURE,NO,OFTEN,75.5,74.7,71.2,80.0,64.3,81.4,72.5,100.0,43.4,78.8,72,CRITICAL
SYN-01023,Professional,2026-03-12,PRIVATE,NO,FRIENDS,NOT_SURE,NOT_SURE,NO,NO,NO,NO,NO,NO,NOT_SURE,NO,SOMETIMES,NOT_SURE,NEVER,NEVER,NEVER,PRIVATE,NEVER,SOMETIMES,NO,FRIENDS_OF_FRIENDS,SOMETIMES,RECENT,YES,NOT_SURE,NO_ONE,NO,FRIENDS,YES,SMS,SOMETIMES,NOT_SURE,NOT_SURE,RECENT,YES,SOMETIMES,OLD,YES,NOT_SURE,SOMETIMES,NEVER,YES,SOMETIMES,NO,SOMETIMES,OFTEN,OLD,RECENT,NOT_SURE,SOMETIMES,NOT_SURE,24.0,6.0,22.4,13.3,36.0,30.0,35.0,46.5,29.7,38.8,26,MODERATE
SYN-01024,Educator,2025-11-01,FRIENDS,NO,FRIENDS,NOT_SURE,NOT_SURE,YES,YES,YES,YES,NOT_SURE,NOT_SURE,NOT_SURE,YES,SOMETIMES,NEVER,SOMETIMES,SOMETIMES,SOMETIMES,FRIENDS,SOMETIMES,SOMETIMES,YES,EVERYONE,SOMETIMES,OLD,SOMETIMES,NOT_SURE,ANYONE,NOT_SURE,ANYONE,YES,SMS,NOT_SURE,NO,NO,NEVER,NOT_SURE,NO,OLD,SOMETIMES,SOMETIMES,SOMETIMES,SOMETIMES,SOMETIMES,OFTEN,NO,NOT_SURE,SOMETIMES,NOT_SURE,OLD,YES,NOT_SURE,SOMETIMES,34.5,86.7,56.8,58.3,68.3,78.6,59.2,53.5,53.8,73.2,62,HIGH
SYN-01025,Student,2026-08-01,FRIENDS,NO,PUBLIC,NO,NO,NO,NO,NO,NO,NO,NOT_SURE,NOT_SURE,NO,NOT_SURE,NEVER,NEVER,NEVER,NEVER,FRIENDS,NEVER,NEVER,NO,FRIENDS_OF_FRIENDS,NOT_SURE,RECENT,YES,YES,FRIENDS,NOT_SURE,FRIENDS,YES,SMS,NEVER,YES,NOT_SURE,RECENT,NOT_SURE,SOMETIMES,RECENT,SOMETIMES,SOMETIMES,NEVER,SOMETIMES,YES,NEVER,NO,SOMETIMES,NEVER,NOT_SURE,OLD,YES,YES,SOMETIMES,30.5,12.0,12.0,11.7,32.0,25.7,25.3,23.5,17.2,62.8,22,MODERATE
SYN-01026,Professional,2025-11-02,PUBLIC,NOT_SURE,PUBLIC,NOT_SURE,YES,NO,NOT_SURE,YES,NO,YES,YES,NOT_SURE,NOT_SURE,NOT_SURE,SOMETIMES,OFTEN,SOMETIMES,SOMETIMES,PUBLIC,OFTEN,SOMETIMES,YES,FRIENDS_OF_FRIENDS,SOMETIMES,OLD,NOT_SURE,NOT_SURE,ANYONE,YES,ANYONE,YES,NOT_SURE,SOMETIMES,NOT_SURE,NO,NEVER,NO,SOMETIMES,NOT_SURE,YES,SOMETIMES,SOMETIMES,SOMETIMES,SOMETIMES,SOMETIMES,NOT_SURE,SOMETIMES,SOMETIMES,NOT_SURE,NEVER,YES,NOT_SURE,SOMETIMES,84.0,50.7,64.0,91.1,56.3,89.3,60.0,50.6,54.8,84.5,66,HIGH
SYN-01027,Professional,2025-11-18,PRIVATE,NO,PRIVATE,NO,NO,NOT_SURE,NO,NO,NO,NOT_SURE,NO,NOT_SURE,NO,NEVER,NEVER,NOT_SURE,NEVER,SOMETIMES,FRIENDS,SOMETIMES,NOT_SURE,NO,FRIENDS_OF_FRIENDS,NEVER,RECENT,YES,NOT_SURE,NO_ONE,NO,NO_ONE,YES,APP_OR_KEY,SOMETIMES,YES,NOT_SURE,OLD,YES,SOMETIMES,OLD,YES,YES,NEVER,SOMETIMES,YES,NEVER,NO,YES,SOMETIMES,RECENT,RECENT,NOT_SURE,SOMETIMES,SOMETIMES,0.0,26.0,15.2,39.4,12.0,25.0,28.2,19.4,16.6,26.5,21,MODERATE
SYN-01028,SMB Owner,2026-02-28,PUBLIC,NOT_SURE,PUBLIC,YES,NOT_SURE,YES,YES,NOT_SURE,YES,NOT_SURE,NOT_SURE,YES,YES,NOT_SURE,SOMETIMES,SOMETIMES,OFTEN,OFTEN,PUBLIC,SOMETIMES,OFTEN,YES,FRIENDS_OF_FRIENDS,NOT_SURE,OLD,SOMETIMES,NO,ANYONE,YES,FRIENDS,NOT_SURE,SMS,OFTEN,NO,NO,NEVER,NOT_SURE,NOT_SURE,NOT_SURE,NO,SOMETIMES,SOMETIMES,OFTEN,SOMETIMES,SOMETIMES,NOT_SURE,NOT_SURE,OFTEN,NEVER,OLD,YES,NO,NOT_SURE,87.0,85.3,75.2,88.9,49.7,90.7,81.9,74.1,68.6,81.2,78,CRITICAL
SYN-01029,Professional,2025-10-26,FRIENDS,YES,FRIENDS,NOT_SURE,NOT_SURE,NO,NOT_SURE,NOT_SURE,NO,YES,NOT_SURE,NO,NOT_SURE,SOMETIMES,NOT_SURE,NOT_SURE,SOMETIMES,SOMETIMES,FRIENDS,SOMETIMES,NOT_SURE,NOT_SURE,FRIENDS_OF_FRIENDS,NOT_SURE,NOT_SURE,SOMETIMES,NOT_SURE,FRIENDS,YES,FRIENDS,NO,NONE,SOMETIMES,NO,NO,NEVER,NOT_SURE,SOMETIMES,NOT_SURE,NOT_SURE,SOMETIMES,SOMETIMES,NOT_SURE,SOMETIMES,SOMETIMES,NO,SOMETIMES,SOMETIMES,OLD,OLD,NOT_SURE,SOMETIMES,SOMETIMES,54.5,35.3,56.8,49.4,54.7,61.4,84.7,67.1,41.0,54.0,56,HIGH
SYN-01030,Job Seeker,2026-01-27,PUBLIC,NO,FRIENDS,NOT_SURE,NOT_SURE,YES,YES,NOT_SURE,NO,YES,YES,YES,YES,NOT_SURE,SOMETIMES,OFTEN,OFTEN,SOMETIMES,PUBLIC,SOMETIMES,OFTEN,YES,FRIENDS_OF_FRIENDS,OFTEN,OLD,NOT_SURE,NO,ANYONE,YES,FRIENDS,NO,NONE,SOMETIMES,NO,NO,NEVER,NO,NOT_SURE,NOT_SURE,NO,SOMETIMES,SOMETIMES,OFTEN,NO,SOMETIMES,YES,NOT_SURE,SOMETIMES,NEVER,NEVER,YES,NO,SOMETIMES,54.0,74.7,76.8,88.9,72.3,90.7,89.7,74.1,83.4,94.0,79,CRITICAL
SYN-01031,Educator,2026-04-22,PRIVATE,NO,PRIVATE,NO,NOT_SURE,NO,NO,NO,NO,NOT_SURE,NOT_SURE,NOT_SURE,NO,NEVER,NEVER,NEVER,NEVER,NEVER,PRIVATE,NOT_SURE,NEVER,NO,APPROVAL,NEVER,RECENT,YES,NOT_SURE,FRIENDS,NO,FRIENDS,NOT_SURE,NOT_SURE,NEVER,NOT_SURE,YES,OLD,YES,YES,RECENT,SOMETIMES,YES,NEVER,NEVER,YES,NEVER,NO,YES,NEVER,OLD,RECENT,NOT_SURE,YES,NEVER,5.0,20.0,0.0,13.9,0.0,40.0,33.7,11.8,0.0,23.8,14,LOW
SYN-01032,Professional,2026-08-20,PRIVATE,NOT_SURE,PUBLIC,NO,NOT_SURE,NO,NO,NOT_SURE,NOT_SURE,NO,NO,NOT_SURE,NOT_SURE,NOT_SURE,NOT_SURE,NEVER,OFTEN,SOMETIMES,FRIENDS,NOT_SURE,SOMETIMES,NO,FRIENDS_OF_FRIENDS,SOMETIMES,OLD,SOMETIMES,NOT_SURE,FRIENDS,NOT_SURE,FRIENDS,NOT_SURE,APP_OR_KEY,SOMETIMES,NO,NOT_SURE,NEVER,NOT_SURE,SOMETIMES,NEVER,SOMETIMES,SOMETIMES,SOMETIMES,SOMETIMES,SOMETIMES,SOMETIMES,NOT_SURE,SOMETIMES,NEVER,OLD,OLD,YES,NO,SOMETIMES,37.0,26.0,52.8,38.9,53.7,50.7,63.6,69.4,48.6,71.5,49,HIGH
SYN-01033,Job Seeker,2026-08-12,PRIVATE,NOT_SURE,FRIENDS,NO,NO,NO,NO,NOT_SURE,NO,NO,NO,NOT_SURE,NO,NEVER,NEVER,NOT_SURE,NEVER,NEVER,FRIENDS,NEVER,NEVER,NOT_SURE,FRIENDS_OF_FRIENDS,NEVER,OLD,SOMETIMES,YES,FRIENDS,NOT_SURE,FRIENDS,YES,APP_OR_KEY,NEVER,YES,YES,OLD,YES,YES,OLD,YES,YES,NOT_SURE,NEVER,YES,NEVER,NO,SOMETIMES,SOMETIMES,OLD,OLD,NO,SOMETIMES,NEVER,19.0,14.0,8.0,21.7,29.7,25.7,4.6,28.2,13.1,35.0,17,LOW
SYN-01034,Professional,2026-08-02,FRIENDS,NOT_SURE,FRIENDS,YES,YES,NOT_SURE,NOT_SURE,YES,NO,NOT_SURE,YES,NOT_SURE,NOT_SURE,OFTEN,OFTEN,SOMETIMES,NEVER,OFTEN,PUBLIC,SOMETIMES,NOT_SURE,YES,FRIENDS_OF_FRIENDS,OFTEN,NEVER,SOMETIMES,NO,ANYONE,YES,ANYONE,NO,NONE,NOT_SURE,NOT_SURE,NO,NOT_SURE,NOT_SURE,NOT_SURE,NOT_SURE,NO,SOMETIMES,NOT_SURE,SOMETIMES,NO,OFTEN,YES,SOMETIMES,NOT_SURE,NOT_SURE,NOT_SURE,YES,NOT_SURE,NOT_SURE,59.5,57.3,71.2,77.8,78.7,100.0,80.3,72.4,81.0,78.0,74,CRITICAL
SYN-01035,Student,2026-07-31,FRIENDS,NO,FRIENDS,NOT_SURE,NOT_SURE,NO,NO,NO,NOT_SURE,NO,NO,YES,NO,SOMETIMES,SOMETIMES,NEVER,NEVER,NOT_SURE,FRIENDS,NOT_SURE,NEVER,NOT_SURE,APPROVAL,SOMETIMES,RECENT,SOMETIMES,YES,FRIENDS,NO,FRIENDS,NOT_SURE,SMS,NEVER,YES,NO,NEVER,YES,NOT_SURE,OLD,SOMETIMES,SOMETIMES,SOMETIMES,SOMETIMES,SOMETIMES,OFTEN,NO,YES,NEVER,RECENT,OLD,NO,SOMETIMES,NEVER,34.5,22.0,30.0,35.6,30.7,15.0,46.4,53.5,37.9,21.2,33,MODERATE
SYN-01036,Job Seeker,2026-09-16,PRIVATE,NO,PRIVATE,NO,NO,NO,NO,NO,NO,NO,NO,NO,NO,NEVER,SOMETIMES,NEVER,NEVER,NEVER,FRIENDS,NEVER,NEVER,NO,APPROVAL,SOMETIMES,RECENT,YES,NOT_SURE,NO_ONE,NO,NO_ONE,YES,APP_OR_KEY,NEVER,YES,YES,OLD,YES,YES,RECENT,YES,YES,NEVER,SOMETIMES,YES,NEVER,NO,YES,NEVER,RECENT,RECENT,NO,YES,NEVER,0.0,0.0,9.6,11.7,24.0,25.0,4.6,0.0,10.3,0.0,8,LOW
SYN-01037,Professional,2026-09-12,FRIENDS,YES,FRIENDS,YES,YES,NO,NOT_SURE,NOT_SURE,NO,NO,NOT_SURE,NOT_SURE,NOT_SURE,SOMETIMES,NOT_SURE,SOMETIMES,NOT_SURE,NOT_SURE,FRIENDS,SOMETIMES,SOMETIMES,YES,FRIENDS_OF_FRIENDS,SOMETIMES,OLD,SOMETIMES,NOT_SURE,FRIENDS,NO,FRIENDS,YES,APP_OR_KEY,SOMETIMES,NO,NOT_SURE,OLD,NOT_SURE,NO,NEVER,SOMETIMES,SOMETIMES,SOMETIMES,NOT_SURE,SOMETIMES,OFTEN,NOT_SURE,SOMETIMES,NOT_SURE,OLD,NEVER,NOT_SURE,SOMETIMES,NOT_SURE,67.5,28.0,55.6,58.3,53.7,40.0,48.5,69.4,60.3,63.8,52,HIGH
SYN-01038,Student,2026-07-30,FRIENDS,NO,FRIENDS,NOT_SURE,NO,NO,NO,NOT_SURE,NO,NOT_SURE,NO,NO,NOT_SURE,NEVER,NEVER,NEVER,SOMETIMES,NOT_SURE,FRIENDS,NEVER,SOMETIMES,NO,APPROVAL,NEVER,RECENT,SOMETIMES,NOT_SURE,FRIENDS,NO,FRIENDS,YES,NOT_SURE,SOMETIMES,NOT_SURE,NOT_SURE,OLD,YES,SOMETIMES,NEVER,SOMETIMES,YES,NOT_SURE,NEVER,YES,NEVER,NO,SOMETIMES,SOMETIMES,OLD,OLD,NO,SOMETIMES,NOT_SURE,29.5,16.0,25.2,25.0,6.7,40.0,41.8,55.9,13.1,42.5,27,MODERATE
SYN-01039,Professional,2026-02-12,FRIENDS,NO,FRIENDS,NO,NO,NO,NO,NO,NO,NO,NO,NO,NOT_SURE,NEVER,NEVER,SOMETIMES,NEVER,NEVER,FRIENDS,SOMETIMES,NEVER,NO,APPROVAL,SOMETIMES,RECENT,YES,YES,FRIENDS,NOT_SURE,NO_ONE,NOT_SURE,APP_OR_KEY,SOMETIMES,YES,NOT_SURE,OLD,YES,YES,OLD,YES,YES,NEVER,NEVER,YES,NOT_SURE,NO,YES,SOMETIMES,OLD,RECENT,NOT_SURE,YES,NEVER,17.5,0.0,19.2,28.3,24.0,20.7,39.6,19.4,16.6,23.8,21,MODERATE
SYN-01040,Professional,2026-01-21,FRIENDS,NOT_SURE,FRIENDS,NOT_SURE,NO,NO,NOT_SURE,NO,NOT_SURE,NOT_SURE,NO,NOT_SURE,YES,NOT_SURE,NEVER,NEVER,NEVER,OFTEN,FRIENDS,SOMETIMES,SOMETIMES,NOT_SURE,APPROVAL,NOT_SURE,OLD,SOMETIMES,NOT_SURE,FRIENDS,YES,FRIENDS,YES,SMS,NOT_SURE,NOT_SURE,NO,OLD,NOT_SURE,SOMETIMES,OLD,YES,SOMETIMES,NEVER,SOMETIMES,SOMETIMES,NEVER,NO,SOMETIMES,SOMETIMES,OLD,NOT_SURE,NOT_SURE,SOMETIMES,NOT_SURE,41.5,34.0,40.0,51.7,37.7,61.4,48.8,31.2,30.3,58.8,42,HIGH
SYN-01041,Student,2026-08-01,FRIENDS,NOT_SURE,FRIENDS,NOT_SURE,NOT_SURE,NOT_SURE,YES,NOT_SURE,NOT_SURE,NO,NO,NOT_SURE,NOT_SURE,NOT_SURE,SOMETIMES,SOMETIMES,SOMETIMES,NOT_SURE,PUBLIC,SOMETIMES,SOMETIMES,NO,FRIENDS_OF_FRIENDS,OFTEN,OLD,NOT_SURE,NOT_SURE,ANYONE,NOT_SURE,ANYONE,NO,NONE,NOT_SURE,NO,NOT_SURE,NOT_SURE,NOT_SURE,NOT_SURE,NOT_SURE,YES,NOT_SURE,SOMETIMES,NOT_SURE,SOMETIMES,SOMETIMES,NO,SOMETIMES,SOMETIMES,NOT_SURE,NEVER,NOT_SURE,NOT_SURE,OFTEN,46.5,51.3,56.4,63.3,72.3,78.6,79.4,55.3,41.0,80.5,61,HIGH
SYN-01042,Job Seeker,2025-12-21,FRIENDS,NO,PRIVATE,NO,NO,NO,NO,NO,NOT_SURE,NO,NOT_SURE,NO,NOT_SURE,NOT_SURE,SOMETIMES,SOMETIMES,SOMETIMES,NOT_SURE,FRIENDS,SOMETIMES,SOMETIMES,NOT_SURE,EVERYONE,NEVER,RECENT,SOMETIMES,YES,FRIENDS,NOT_SURE,FRIENDS,YES,APP_OR_KEY,NOT_SURE,YES,NOT_SURE,NEVER,NOT_SURE,SOMETIMES,RECENT,YES,YES,NOT_SURE,NOT_SURE,YES,NEVER,NO,SOMETIMES,SOMETIMES,OLD,OLD,NOT_SURE,SOMETIMES,NEVER,10.5,18.0,56.4,51.7,33.3,25.7,37.8,8.8,21.7,45.0,33,MODERATE
SYN-01043,Student,2025-10-24,FRIENDS,NO,PRIVATE,NOT_SURE,NO,NO,NO,NOT_SURE,NO,NO,NO,NOT_SURE,NO,SOMETIMES,NEVER,NEVER,SOMETIMES,SOMETIMES,PRIVATE,NOT_SURE,NEVER,YES,FRIENDS_OF_FRIENDS,SOMETIMES,OLD,SOMETIMES,NO,FRIENDS,NOT_SURE,FRIENDS,NOT_SURE,SMS,NOT_SURE,NO,NOT_SURE,OLD,NO,SOMETIMES,OLD,YES,SOMETIMES,NOT_SURE,NOT_SURE,SOMETIMES,SOMETIMES,NO,YES,SOMETIMES,OLD,NOT_SURE,NOT_SURE,SOMETIMES,NEVER,22.5,14.0,31.2,30.6,53.7,61.4,66.8,40.0,34.1,51.2,39,MODERATE
SYN-01044,Job Seeker,2026-07-02,FRIENDS,YES,FRIENDS,YES,YES,NOT_SURE,YES,NOT_SURE,NOT_SURE,YES,YES,YES,NOT_SURE,SOMETIMES,SOMETIMES,SOMETIMES,OFTEN,SOMETIMES,PUBLIC,SOMETIMES,NOT_SURE,NOT_SURE,FRIENDS_OF_FRIENDS,SOMETIMES,OLD,SOMETIMES,NOT_SURE,ANYONE,YES,FRIENDS,NOT_SURE,SMS,SOMETIMES,NO,NOT_SURE,OLD,NOT_SURE,SOMETIMES,NOT_SURE,SOMETIMES,NO,OFTEN,OFTEN,SOMETIMES,NOT_SURE,NO,SOMETIMES,NOT_SURE,OLD,NEVER,NOT_SURE,NOT_SURE,NOT_SURE,67.5,78.7,66.4,71.1,53.7,80.0,65.4,81.2,46.6,66.8,67,HIGH
SYN-01045,Professional,2026-06-30,FRIENDS,NO,FRIENDS,NO,NOT_SURE,NO,NO,NOT_SURE,NO,NO,NO,NO,NOT_SURE,SOMETIMES,NOT_SURE,NOT_SURE,NEVER,SOMETIMES,FRIENDS,NEVER,NEVER,NO,APPROVAL,NEVER,OLD,SOMETIMES,YES,FRIENDS,NO,FRIENDS,YES,SMS,NEVER,YES,NOT_SURE,OLD,NOT_SURE,YES,NEVER,YES,YES,NOT_SURE,NEVER,YES,OFTEN,NO,NOT_SURE,NOT_SURE,OLD,OLD,NOT_SURE,YES,NEVER,22.5,8.0,47.2,11.7,17.7,15.0,25.7,44.1,35.5,37.5,26,MODERATE
SYN-01046,Student,2025-11-30,PUBLIC,YES,PUBLIC,YES,YES,NOT_SURE,YES,NOT_SURE,YES,NOT_SURE,NOT_SURE,NOT_SURE,YES,OFTEN,SOMETIMES,OFTEN,OFTEN,OFTEN,PUBLIC,SOMETIMES,OFTEN,YES,EVERYONE,SOMETIMES,OLD,SOMETIMES,NO,ANYONE,NOT_SURE,ANYONE,NO,NONE,OFTEN,NO,NOT_SURE,NOT_SURE,NO,NO,NEVER,NO,NO,SOMETIMES,OFTEN,SOMETIMES,OFTEN,YES,NO,OFTEN,NEVER,NOT_SURE,YES,NO,NOT_SURE,100.0,73.3,93.6,88.9,68.3,89.3,95.0,92.9,93.1,87.5,88,CRITICAL
SYN-01047,Professional,2026-06-02,FRIENDS,YES,FRIENDS,NOT_SURE,NOT_SURE,YES,NOT_SURE,YES,NOT_SURE,NOT_SURE,NOT_SURE,YES,NOT_SURE,SOMETIMES,OFTEN,NOT_SURE,OFTEN,OFTEN,PUBLIC,SOMETIMES,OFTEN,NOT_SURE,FRIENDS_OF_FRIENDS,SOMETIMES,OLD,SOMETIMES,NO,FRIENDS,NO,ANYONE,YES,SMS,OFTEN,NO,NO,NEVER,NOT_SURE,SOMETIMES,OLD,NO,YES,OFTEN,SOMETIMES,SOMETIMES,OFTEN,NO,SOMETIMES,SOMETIMES,NEVER,NEVER,NO,NO,SOMETIMES,54.5,77.3,76.0,82.2,53.7,60.0,64.7,60.6,51.0,74.0,67,HIGH
SYN-01048,Job Seeker,2026-02-27,PRIVATE,NO,FRIENDS,NO,NOT_SURE,NO,NO,NO,NO,NO,NO,NOT_SURE,NO,NEVER,SOMETIMES,NOT_SURE,NEVER,SOMETIMES,FRIENDS,SOMETIMES,SOMETIMES,NO,FRIENDS_OF_FRIENDS,NEVER,RECENT,SOMETIMES,NOT_SURE,FRIENDS,NO,FRIENDS,YES,SMS,NEVER,YES,NOT_SURE,NEVER,NOT_SURE,SOMETIMES,OLD,YES,SOMETIMES,NEVER,SOMETIMES,YES,NEVER,NO,SOMETIMES,NEVER,OLD,OLD,NOT_SURE,SOMETIMES,NEVER,12.0,6.0,24.8,41.7,18.7,40.0,33.6,31.2,17.2,45.0,24,MODERATE
SYN-01049,Student,2026-01-01,FRIENDS,NOT_SURE,PUBLIC,YES,YES,NO,YES,NOT_SURE,NO,NOT_SURE,NOT_SURE,NOT_SURE,NOT_SURE,NOT_SURE,SOMETIMES,SOMETIMES,OFTEN,OFTEN,PUBLIC,SOMETIMES,SOMETIMES,YES,FRIENDS_OF_FRIENDS,SOMETIMES,OLD,SOMETIMES,NOT_SURE,ANYONE,NOT_SURE,ANYONE,YES,NOT_SURE,SOMETIMES,NO,NO,OLD,YES,NO,NEVER,SOMETIMES,NOT_SURE,SOMETIMES,NOT_SURE,NOT_SURE,SOMETIMES,NO,SOMETIMES,SOMETIMES,NEVER,OLD,YES,NO,OFTEN,72.5,41.3,68.8,80.0,53.7,78.6,51.8,74.1,43.8,88.8,61,HIGH
SYN-01050,Professional,2026-07-28,FRIENDS,NOT_SURE,FRIENDS,NOT_SURE,NOT_SURE,YES,NOT_SURE,NOT_SURE,NOT_SURE,NOT_SURE,NOT_SURE,NO,NOT_SURE,SOMETIMES,SOMETIMES,SOMETIMES,OFTEN,SOMETIMES,FRIENDS,SOMETIMES,NOT_SURE,NOT_SURE,EVERYONE,SOMETIMES,NOT_SURE,SOMETIMES,NO,FRIENDS,NOT_SURE,ANYONE,NOT_SURE,SMS,NOT_SURE,NO,NO,NEVER,YES,SOMETIMES,OLD,SOMETIMES,YES,SOMETIMES,NOT_SURE,YES,SOMETIMES,NO,NOT_SURE,SOMETIMES,NEVER,NEVER,YES,NO,SOMETIMES,46.5,62.0,66.4,49.4,73.3,70.7,62.8,41.8,36.9,94.0,60,HIGH
SYN-01051,SMB Owner,2026-05-01,PRIVATE,NO,PRIVATE,NO,NO,NO,NO,NO,NO,NOT_SURE,NO,NO,NO,NOT_SURE,NEVER,NEVER,NEVER,NEVER,FRIENDS,NEVER,NOT_SURE,NO,FRIENDS_OF_FRIENDS,NEVER,RECENT,YES,YES,NO_ONE,NO,NO_ONE,YES,APP_OR_KEY,NOT_SURE,YES,NO,RECENT,YES,YES,OLD,YES,SOMETIMES,NEVER,NEVER,SOMETIMES,NEVER,NO,SOMETIMES,NEVER,RECENT,OLD,NO,SOMETIMES,SOMETIMES,0.0,8.0,12.0,22.8,12.0,0.0,20.8,31.2,13.8,30.2,14,LOW
SYN-01052,SMB Owner,2025-10-21,PUBLIC,YES,PUBLIC,NOT_SURE,NO,NO,NOT_SURE,NOT_SURE,NOT_SURE,YES,YES,NOT_SURE,NOT_SURE,SOMETIMES,SOMETIMES,SOMETIMES,NOT_SURE,SOMETIMES,PUBLIC,SOMETIMES,SOMETIMES,YES,EVERYONE,SOMETIMES,RECENT,NO,NO,ANYONE,NOT_SURE,NO_ONE,NOT_SURE,SMS,SOMETIMES,NO,NO,NOT_SURE,NO,NO,NOT_SURE,SOMETIMES,NO,SOMETIMES,OFTEN,NOT_SURE,OFTEN,NO,SOMETIMES,SOMETIMES,NOT_SURE,OLD,YES,NO,OFTEN,82.0,57.3,58.4,80.0,64.0,75.0,78.3,74.1,60.7,83.8,69,HIGH
SYN-01053,Educator,2026-01-15,PRIVATE,NOT_SURE,FRIENDS,NO,NOT_SURE,NO,NO,NO,NO,NO,NOT_SURE,YES,NO,NEVER,NEVER,NEVER,SOMETIMES,OFTEN,FRIENDS,SOMETIMES,NOT_SURE,NOT_SURE,APPROVAL,SOMETIMES,OLD,NOT_SURE,YES,FRIENDS,NOT_SURE,FRIENDS,YES,SMS,NEVER,YES,YES,OLD,YES,YES,OLD,YES,YES,SOMETIMES,NEVER,YES,NEVER,NO,YES,NEVER,OLD,OLD,NOT_SURE,SOMETIMES,NEVER,24.0,16.0,21.6,49.4,44.3,25.7,10.1,30.0,0.0,45.0,24,MODERATE
SYN-01054,SMB Owner,2026-02-01,FRIENDS,NOT_SURE,FRIENDS,YES,YES,NO,NOT_SURE,NO,NO,NO,NOT_SURE,YES,NOT_SURE,NOT_SURE,SOMETIMES,SOMETIMES,OFTEN,NOT_SURE,FRIENDS,SOMETIMES,NEVER,NOT_SURE,FRIENDS_OF_FRIENDS,NOT_SURE,OLD,SOMETIMES,NO,FRIENDS,NOT_SURE,FRIENDS,NO,NONE,SOMETIMES,YES,NO,NEVER,NOT_SURE,NOT_SURE,NOT_SURE,SOMETIMES,SOMETIMES,OFTEN,SOMETIMES,SOMETIMES,SOMETIMES,NO,SOMETIMES,SOMETIMES,NEVER,NEVER,NOT_SURE,NOT_SURE,SOMETIMES,59.5,24.0,62.8,38.3,49.7,61.4,78.1,69.4,42.8,79.5,54,HIGH
SYN-01055,Student,2026-01-20,FRIENDS,NO,FRIENDS,NOT_SURE,YES,NOT_SURE,NO,NOT_SURE,NO,NOT_SURE,NO,NO,NO,NOT_SURE,SOMETIMES,NOT_SURE,NOT_SURE,SOMETIMES,FRIENDS,NEVER,SOMETIMES,NO,EVERYONE,SOMETIMES,OLD,SOMETIMES,YES,NO_ONE,NOT_SURE,FRIENDS,NOT_SURE,APP_OR_KEY,NEVER,YES,NO,OLD,NOT_SURE,SOMETIMES,RECENT,YES,YES,SOMETIMES,SOMETIMES,SOMETIMES,NEVER,NO,NOT_SURE,SOMETIMES,OLD,NEVER,NOT_SURE,NO,SOMETIMES,39.5,28.0,44.8,25.0,68.3,15.7,43.2,10.6,33.1,72.8,39,MODERATE
SYN-01056,Student,2026-07-07,FRIENDS,YES,FRIENDS,NOT_SURE,NOT_SURE,NOT_SURE,NOT_SURE,NO,NO,NOT_SURE,NOT_SURE,NOT_SURE,NOT_SURE,SOMETIMES,SOMETIMES,NEVER,SOMETIMES,NEVER,FRIENDS,SOMETIMES,NOT_SURE,NOT_SURE,FRIENDS_OF_FRIENDS,SOMETIMES,OLD,NOT_SURE,NO,FRIENDS,YES,FRIENDS,NOT_SURE,SMS,NOT_SURE,NOT_SURE,NO,NOT_SURE,YES,YES,OLD,NO,SOMETIMES,NOT_SURE,OFTEN,SOMETIMES,OFTEN,NOT_SURE,NO,SOMETIMES,NOT_SURE,OLD,NOT_SURE,SOMETIMES,SOMETIMES,54.5,40.0,43.2,49.4,56.3,72.1,54.4,63.5,76.9,60.2,54,HIGH
SYN-01057,Professional,2026-05-30,FRIENDS,NO,FRIENDS,NOT_SURE,NO,YES,NO,NOT_SURE,NO,NO,NO,NOT_SURE,NO,SOMETIMES,NEVER,NEVER,NEVER,NEVER,FRIENDS,NEVER,SOMETIMES,NO,FRIENDS_OF_FRIENDS,SOMETIMES,OLD,SOMETIMES,NOT_SURE,FRIENDS,NO,FRIENDS,YES,APP_OR_KEY,SOMETIMES,YES,NO,OLD,YES,YES,OLD,SOMETIMES,YES,SOMETIMES,NEVER,YES,SOMETIMES,NO,YES,NEVER,OLD,NEVER,NOT_SURE,SOMETIMES,SOMETIMES,29.5,34.0,14.4,25.0,53.7,40.0,27.4,41.8,12.4,65.2,31,MODERATE
SYN-01058,Student,2026-06-03,PRIVATE,NOT_SURE,PUBLIC,NOT_SURE,NOT_SURE,NOT_SURE,NO,YES,YES,NOT_SURE,YES,NOT_SURE,NOT_SURE,SOMETIMES,SOMETIMES,SOMETIMES,OFTEN,SOMETIMES,FRIENDS,SOMETIMES,OFTEN,NOT_SURE,FRIENDS_OF_FRIENDS,NOT_SURE,OLD,NOT_SURE,NOT_SURE,ANYONE,NO,FRIENDS,NOT_SURE,SMS,SOMETIMES,NO,NO,OLD,NO,SOMETIMES,NEVER,NOT_SURE,NOT_SURE,SOMETIMES,NOT_SURE,SOMETIMES,NOT_SURE,NOT_SURE,SOMETIMES,SOMETIMES,OLD,OLD,YES,NO,SOMETIMES,49.0,69.3,66.4,60.6,52.3,58.6,72.1,78.8,51.0,71.5,63,HIGH
SYN-01059,Job Seeker,2026-07-25,FRIENDS,YES,FRIENDS,NOT_SURE,NOT_SURE,NOT_SURE,NOT_SURE,YES,NOT_SURE,NOT_SURE,NOT_SURE,NOT_SURE,NOT_SURE,SOMETIMES,NOT_SURE,SOMETIMES,NOT_SURE,SOMETIMES,PUBLIC,SOMETIMES,SOMETIMES,YES,FRIENDS_OF_FRIENDS,OFTEN,NEVER,NOT_SURE,NOT_SURE,FRIENDS,YES,ANYONE,NO,NONE,SOMETIMES,YES,NO,NEVER,NO,SOMETIMES,OLD,SOMETIMES,NO,SOMETIMES,OFTEN,NOT_SURE,SOMETIMES,NOT_SURE,SOMETIMES,SOMETIMES,NEVER,NEVER,YES,NO,SOMETIMES,54.5,65.3,56.8,80.0,81.3,70.7,79.7,65.3,64.5,94.0,70,HIGH
SYN-01060,Job Seeker,2026-07-05,PRIVATE,NO,PUBLIC,NOT_SURE,NO,NO,NO,NO,NO,NOT_SURE,NOT_SURE,NOT_SURE,NO,NOT_SURE,NOT_SURE,NEVER,NEVER,SOMETIMES,PRIVATE,SOMETIMES,NOT_SURE,NOT_SURE,FRIENDS_OF_FRIENDS,NEVER,RECENT,YES,NOT_SURE,FRIENDS,NOT_SURE,NO_ONE,NO,NONE,SOMETIMES,NOT_SURE,NO,NOT_SURE,NOT_SURE,YES,OLD,SOMETIMES,YES,SOMETIMES,NOT_SURE,SOMETIMES,NEVER,NO,NOT_SURE,NEVER,OLD,OLD,NO,SOMETIMES,SOMETIMES,32.0,20.0,27.2,37.8,12.0,45.7,76.4,41.8,25.2,44.0,36,MODERATE
SYN-01061,SMB Owner,2026-08-03,PRIVATE,NO,FRIENDS,NOT_SURE,NOT_SURE,NO,NOT_SURE,NOT_SURE,NOT_SURE,NO,NOT_SURE,NOT_SURE,NOT_SURE,SOMETIMES,NEVER,SOMETIMES,OFTEN,NEVER,FRIENDS,NOT_SURE,NEVER,NOT_SURE,FRIENDS_OF_FRIENDS,SOMETIMES,RECENT,NOT_SURE,NO,ANYONE,NOT_SURE,FRIENDS,NOT_SURE,APP_OR_KEY,SOMETIMES,NOT_SURE,NOT_SURE,OLD,YES,YES,OLD,YES,NOT_SURE,NOT_SURE,NOT_SURE,SOMETIMES,NOT_SURE,NO,SOMETIMES,SOMETIMES,OLD,NOT_SURE,NOT_SURE,NO,SOMETIMES,24.0,40.0,49.6,35.6,45.3,80.0,45.4,44.7,39.0,67.8,44,HIGH
SYN-01062,Educator,2025-10-21,PRIVATE,NOT_SURE,FRIENDS,NO,NOT_SURE,NO,NO,NOT_SURE,NO,NO,NOT_SURE,YES,NO,SOMETIMES,SOMETIMES,SOMETIMES,NEVER,SOMETIMES,PRIVATE,NEVER,NEVER,NO,FRIENDS_OF_FRIENDS,NOT_SURE,OLD,YES,YES,FRIENDS,NO,FRIENDS,NO,NONE,NOT_SURE,YES,NOT_SURE,OLD,YES,YES,OLD,SOMETIMES,YES,SOMETIMES,SOMETIMES,SOMETIMES,NEVER,NO,YES,SOMETIMES,OLD,OLD,NOT_SURE,SOMETIMES,NEVER,24.0,24.0,40.8,0.0,43.0,15.0,55.4,41.8,23.4,45.0,32,MODERATE
SYN-01063,Professional,2026-06-17,FRIENDS,NOT_SURE,PUBLIC,YES,NOT_SURE,NO,NOT_SURE,YES,NOT_SURE,NOT_SURE,YES,YES,NOT_SURE,SOMETIMES,SOMETIMES,NOT_SURE,SOMETIMES,SOMETIMES,PUBLIC,SOMETIMES,OFTEN,NOT_SURE,FRIENDS_OF_FRIENDS,SOMETIMES,NOT_SURE,NOT_SURE,NOT_SURE,FRIENDS,YES,ANYONE,NOT_SURE,SMS,SOMETIMES,NO,NO,OLD,NOT_SURE,SOMETIMES,NEVER,NO,NOT_SURE,NOT_SURE,NOT_SURE,NOT_SURE,SOMETIMES,NOT_SURE,SOMETIMES,NOT_SURE,NOT_SURE,NEVER,YES,NOT_SURE,SOMETIMES,67.5,61.3,58.4,82.2,61.3,70.7,68.8,84.1,54.8,84.5,67,HIGH
SYN-01064,Student,2026-04-21,PUBLIC,YES,FRIENDS,NOT_SURE,YES,NO,YES,NOT_SURE,NOT_SURE,YES,NOT_SURE,YES,YES,SOMETIMES,OFTEN,SOMETIMES,OFTEN,NOT_SURE,PUBLIC,SOMETIMES,OFTEN,YES,EVERYONE,NOT_SURE,NEVER,NO,NO,FRIENDS,YES,ANYONE,NOT_SURE,NOT_SURE,NOT_SURE,NOT_SURE,NO,NEVER,NOT_SURE,SOMETIMES,OLD,NO,SOMETIMES,NOT_SURE,OFTEN,NO,SOMETIMES,NOT_SURE,SOMETIMES,SOMETIMES,NEVER,NEVER,YES,NO,SOMETIMES,79.0,62.7,78.0,88.9,80.0,81.4,70.3,63.5,68.6,94.0,75,CRITICAL
SYN-01065,Professional,2026-02-01,FRIENDS,NOT_SURE,FRIENDS,NO,YES,NO,NOT_SURE,NO,NO,NOT_SURE,NO,YES,NOT_SURE,SOMETIMES,NOT_SURE,SOMETIMES,SOMETIMES,SOMETIMES,FRIENDS,SOMETIMES,SOMETIMES,NOT_SURE,FRIENDS_OF_FRIENDS,SOMETIMES,OLD,SOMETIMES,YES,FRIENDS,NOT_SURE,FRIENDS,NOT_SURE,SMS,SOMETIMES,NOT_SURE,NO,NEVER,NOT_SURE,NOT_SURE,NEVER,SOMETIMES,SOMETIMES,NOT_SURE,SOMETIMES,NOT_SURE,SOMETIMES,NO,SOMETIMES,SOMETIMES,OLD,OLD,YES,SOMETIMES,SOMETIMES,39.5,26.0,58.4,51.7,53.7,25.7,71.7,67.6,45.5,64.0,50,HIGH
SYN-01066,Student,2026-05-19,PRIVATE,NO,FRIENDS,NO,NO,NO,NO,YES,NO,YES,NOT_SURE,NOT_SURE,NOT_SURE,SOMETIMES,SOMETIMES,SOMETIMES,NEVER,NOT_SURE,FRIENDS,NEVER,NEVER,NO,APPROVAL,NOT_SURE,OLD,SOMETIMES,NOT_SURE,FRIENDS,NO,FRIENDS,YES,SMS,NEVER,YES,NO,RECENT,NOT_SURE,NO,OLD,YES,SOMETIMES,NEVER,NOT_SURE,YES,NEVER,NO,SOMETIMES,NOT_SURE,OLD,OLD,NOT_SURE,YES,NOT_SURE,7.0,38.7,49.2,11.7,37.7,40.0,32.8,31.2,20.7,45.0,32,MODERATE
SYN-01067,Student,2026-04-12,PUBLIC,YES,FRIENDS,NOT_SURE,NOT_SURE,NOT_SURE,NO,YES,NO,NOT_SURE,NOT_SURE,NOT_SURE,NOT_SURE,SOMETIMES,NOT_SURE,SOMETIMES,SOMETIMES,OFTEN,PUBLIC,OFTEN,SOMETIMES,YES,FRIENDS_OF_FRIENDS,NEVER,RECENT,NOT_SURE,NOT_SURE,FRIENDS,NOT_SURE,ANYONE,NOT_SURE,SMS,SOMETIMES,NOT_SURE,NO,OLD,NO,NO,NEVER,NOT_SURE,NO,SOMETIMES,SOMETIMES,SOMETIMES,OFTEN,NOT_SURE,SOMETIMES,SOMETIMES,OLD,NOT_SURE,NOT_SURE,NO,SOMETIMES,74.0,45.3,63.2,91.1,21.3,60.0,73.7,85.9,63.1,67.8,63,HIGH
SYN-01068,Educator,2026-03-26,FRIENDS,NO,PUBLIC,NOT_SURE,YES,NO,NOT_SURE,NO,NO,NO,NO,YES,NOT_SURE,SOMETIMES,NEVER,NOT_SURE,NOT_SURE,NEVER,FRIENDS,NEVER,NEVER,NO,FRIENDS_OF_FRIENDS,SOMETIMES,RECENT,YES,YES,NO_ONE,NOT_SURE,NO_ONE,NOT_SURE,SMS,SOMETIMES,NOT_SURE,NOT_SURE,OLD,NOT_SURE,NOT_SURE,OLD,YES,SOMETIMES,SOMETIMES,NEVER,SOMETIMES,SOMETIMES,NO,SOMETIMES,NOT_SURE,NEVER,OLD,NOT_SURE,SOMETIMES,NEVER,52.5,18.0,40.0,11.7,36.0,10.7,64.6,41.8,31.4,56.2,37,MODERATE
SYN-01069,Job Seeker,2026-07-27,FRIENDS,YES,FRIENDS,NOT_SURE,NOT_SURE,NO,NO,NOT_SURE,NO,NOT_SURE,NO,NOT_SURE,NOT_SURE,NOT_SURE,NOT_SURE,NEVER,SOMETIMES,SOMETIMES,FRIENDS,SOMETIMES,NOT_SURE,NOT_SURE,EVERYONE,NOT_SURE,OLD,SOMETIMES,NOT_SURE,FRIENDS,NO,FRIENDS,NOT_SURE,SMS,SOMETIMES,YES,NO,OLD,YES,SOMETIMES,OLD,SOMETIMES,YES,NOT_SURE,SOMETIMES,SOMETIMES,SOMETIMES,NO,SOMETIMES,NOT_SURE,OLD,NOT_SURE,NOT_SURE,SOMETIMES,NEVER,54.5,22.0,46.4,49.4,64.3,40.0,52.6,40.0,41.7,51.2,46,HIGH
SYN-01070,Job Seeker,2025-11-10,FRIENDS,NOT_SURE,FRIENDS,NOT_SURE,NO,NO,NO,NO,NO,NO,NO,NOT_SURE,NO,SOMETIMES,NOT_SURE,NEVER,NOT_SURE,NEVER,FRIENDS,SOMETIMES,SOMETIMES,NO,APPROVAL,OFTEN,OLD,YES,YES,FRIENDS,NO,FRIENDS,NOT_SURE,SMS,SOMETIMES,NOT_SURE,NO,OLD,YES,SOMETIMES,OLD,NOT_SURE,NOT_SURE,NEVER,NOT_SURE,SOMETIMES,OFTEN,NO,SOMETIMES,NEVER,OLD,OLD,NOT_SURE,YES,SOMETIMES,41.5,6.0,30.4,41.7,51.0,15.0,58.5,52.4,43.1,46.5,38,MODERATE
SYN-01071,Student,2026-04-17,PRIVATE,NO,FRIENDS,NO,NOT_SURE,NO,NO,NOT_SURE,NO,YES,NO,NO,NO,NEVER,NEVER,NEVER,NEVER,SOMETIMES,PRIVATE,NEVER,NEVER,NO,APPROVAL,NOT_SURE,RECENT,YES,YES,FRIENDS,NOT_SURE,NO_ONE,YES,APP_OR_KEY,NOT_SURE,NOT_SURE,NO,OLD,YES,YES,OLD,YES,YES,NOT_SURE,NOT_SURE,YES,NEVER,NO,YES,NEVER,OLD,RECENT,NO,YES,NOT_SURE,12.0,21.3,7.2,0.0,20.0,20.7,31.2,28.2,8.6,21.2,17,LOW
SYN-01072,Educator,2026-01-02,FRIENDS,NOT_SURE,FRIENDS,NO,NOT_SURE,YES,NO,YES,NO,NOT_SURE,NOT_SURE,NOT_SURE,YES,NEVER,SOMETIMES,SOMETIMES,SOMETIMES,SOMETIMES,FRIENDS,NEVER,OFTEN,NO,FRIENDS_OF_FRIENDS,NEVER,OLD,NOT_SURE,YES,NO_ONE,NOT_SURE,ANYONE,NO,NONE,SOMETIMES,NOT_SURE,NO,RECENT,NOT_SURE,SOMETIMES,OLD,YES,YES,NOT_SURE,NOT_SURE,SOMETIMES,NEVER,NO,NO,SOMETIMES,NEVER,NOT_SURE,NOT_SURE,NO,SOMETIMES,34.5,53.3,52.0,33.9,32.3,25.0,73.9,28.2,35.5,79.0,47,HIGH
SYN-01073,Professional,2025-10-21,FRIENDS,NOT_SURE,FRIENDS,YES,NOT_SURE,NOT_SURE,NO,NO,NO,NOT_SURE,NO,YES,NOT_SURE,SOMETIMES,NEVER,NOT_SURE,SOMETIMES,SOMETIMES,PRIVATE,NEVER,SOMETIMES,NOT_SURE,FRIENDS_OF_FRIENDS,NOT_SURE,RECENT,SOMETIMES,NO,ANYONE,NO,FRIENDS,NOT_SURE,SMS,SOMETIMES,NOT_SURE,NO,OLD,NOT_SURE,SOMETIMES,NOT_SURE,SOMETIMES,SOMETIMES,SOMETIMES,SOMETIMES,YES,SOMETIMES,NO,SOMETIMES,NEVER,OLD,NEVER,NOT_SURE,NOT_SURE,SOMETIMES,54.5,30.0,48.8,23.3,38.7,69.3,66.2,62.4,29.7,68.2,46,HIGH
SYN-01074,Job Seeker,2026-04-03,FRIENDS,YES,FRIENDS,NOT_SURE,NOT_SURE,NO,NOT_SURE,NOT_SURE,NO,NOT_SURE,NOT_SURE,NOT_SURE,NO,NEVER,NEVER,NOT_SURE,SOMETIMES,SOMETIMES,FRIENDS,NOT_SURE,NEVER,NOT_SURE,EVERYONE,SOMETIMES,NOT_SURE,YES,NO,FRIENDS,NOT_SURE,FRIENDS,NOT_SURE,APP_OR_KEY,SOMETIMES,NOT_SURE,NOT_SURE,OLD,YES,SOMETIMES,OLD,SOMETIMES,SOMETIMES,NEVER,NOT_SURE,SOMETIMES,SOMETIMES,NO,SOMETIMES,NEVER,NEVER,OLD,NOT_SURE,NO,SOMETIMES,54.5,36.0,24.8,35.6,66.7,61.4,49.6,42.9,34.8,72.8,45,HIGH
SYN-01075,Educator,2026-02-19,FRIENDS,NO,PRIVATE,NOT_SURE,NO,NO,NO,NO,NO,NO,NOT_SURE,NOT_SURE,NO,NEVER,NEVER,NEVER,NEVER,NEVER,FRIENDS,NEVER,NEVER,NO,FRIENDS_OF_FRIENDS,NOT_SURE,RECENT,YES,YES,NO_ONE,NO,FRIENDS,YES,APP_OR_KEY,NEVER,NOT_SURE,YES,OLD,YES,YES,OLD,YES,YES,NEVER,NOT_SURE,SOMETIMES,NOT_SURE,NO,YES,SOMETIMES,OLD,RECENT,NO,YES,NEVER,22.5,12.0,0.0,11.7,32.0,5.0,10.4,19.4,32.1,13.8,15,LOW
SYN-01076,Student,2026-02-13,FRIENDS,NOT_SURE,FRIENDS,NO,NOT_SURE,NO,NO,NO,NO,NOT_SURE,YES,NO,NOT_SURE,NEVER,NEVER,NEVER,NOT_SURE,SOMETIMES,PRIVATE,SOMETIMES,NOT_SURE,NO,APPROVAL,SOMETIMES,NOT_SURE,SOMETIMES,NOT_SURE,FRIENDS,NOT_SURE,NO_ONE,YES,SMS,NEVER,NOT_SURE,YES,NEVER,YES,YES,OLD,SOMETIMES,SOMETIMES,NOT_SURE,NOT_SURE,YES,NOT_SURE,NO,NOT_SURE,NEVER,OLD,OLD,NOT_SURE,NO,NEVER,34.5,18.0,24.8,27.8,46.7,45.7,19.7,51.8,28.6,52.5,31,MODERATE
SYN-01077,Student,2025-12-03,PUBLIC,NOT_SURE,FRIENDS,YES,NOT_SURE,YES,YES,YES,NOT_SURE,NOT_SURE,NOT_SURE,NOT_SURE,YES,SOMETIMES,OFTEN,OFTEN,SOMETIMES,SOMETIMES,FRIENDS,SOMETIMES,SOMETIMES,NOT_SURE,FRIENDS_OF_FRIENDS,OFTEN,OLD,SOMETIMES,NO,FRIENDS,YES,ANYONE,NO,NONE,OFTEN,NOT_SURE,NO,NEVER,NO,NOT_SURE,RECENT,NOT_SURE,NOT_SURE,SOMETIMES,OFTEN,NO,SOMETIMES,NOT_SURE,NO,NOT_SURE,NEVER,OLD,YES,NOT_SURE,SOMETIMES,74.0,78.7,79.2,51.7,69.7,81.4,95.0,43.5,74.5,78.2,75,CRITICAL
SYN-01078,SMB Owner,2026-04-26,FRIENDS,NOT_SURE,FRIENDS,NO,NO,NO,YES,NOT_SURE,NO,NOT_SURE,NO,NO,NO,NOT_SURE,SOMETIMES,SOMETIMES,NEVER,NOT_SURE,FRIENDS,SOMETIMES,NEVER,NO,APPROVAL,NOT_SURE,RECENT,YES,NOT_SURE,NO_ONE,NOT_SURE,NO_ONE,YES,SMS,SOMETIMES,NOT_SURE,NOT_SURE,NEVER,NOT_SURE,SOMETIMES,OLD,YES,SOMETIMES,NEVER,SOMETIMES,YES,SOMETIMES,NO,NO,SOMETIMES,OLD,OLD,NOT_SURE,SOMETIMES,SOMETIMES,29.5,29.3,37.2,28.3,20.0,35.7,51.1,31.2,42.8,54.0,36,MODERATE
SYN-01079,Professional,2025-11-21,PRIVATE,NOT_SURE,FRIENDS,NO,NOT_SURE,NOT_SURE,NOT_SURE,NO,NO,NO,NO,NOT_SURE,NO,NEVER,NEVER,NEVER,NEVER,NEVER,FRIENDS,NOT_SURE,NEVER,NO,FRIENDS_OF_FRIENDS,NOT_SURE,OLD,SOMETIMES,NOT_SURE,NO_ONE,NO,FRIENDS,YES,SMS,SOMETIMES,NOT_SURE,NOT_SURE,OLD,NOT_SURE,NOT_SURE,RECENT,SOMETIMES,SOMETIMES,NEVER,SOMETIMES,SOMETIMES,NEVER,NO,SOMETIMES,NEVER,OLD,OLD,NOT_SURE,NOT_SURE,SOMETIMES,24.0,26.0,0.0,25.6,49.7,30.0,49.0,23.5,24.1,57.0,29,MODERATE
SYN-01080,Professional,2026-06-13,PRIVATE,NO,FRIENDS,NO,NO,NO,NO,NO,NO,NO,NO,NO,NO,NEVER,NEVER,NEVER,SOMETIMES,SOMETIMES,PRIVATE,NOT_SURE,NEVER,NO,FRIENDS_OF_FRIENDS,NEVER,RECENT,YES,YES,FRIENDS,NO,NO_ONE,YES,APP_OR_KEY,NEVER,YES,YES,RECENT,YES,SOMETIMES,RECENT,YES,YES,NEVER,NEVER,YES,NEVER,NO,YES,NEVER,OLD,OLD,NOT_SURE,SOMETIMES,NEVER,7.0,0.0,16.8,13.9,12.0,10.0,4.2,0.0,0.0,45.0,9,LOW
SYN-01081,Professional,2026-05-04,FRIENDS,YES,FRIENDS,YES,YES,NO,NOT_SURE,NO,NO,NO,NO,NO,NO,NOT_SURE,OFTEN,NEVER,SOMETIMES,NOT_SURE,FRIENDS,SOMETIMES,NOT_SURE,NOT_SURE,FRIENDS_OF_FRIENDS,NEVER,OLD,SOMETIMES,NO,FRIENDS,NO,FRIENDS,YES,APP_OR_KEY,SOMETIMES,YES,NOT_SURE,OLD,YES,SOMETIMES,NEVER,SOMETIMES,SOMETIMES,SOMETIMES,NOT_SURE,SOMETIMES,SOMETIMES,NO,YES,SOMETIMES,OLD,OLD,NOT_SURE,SOMETIMES,SOMETIMES,67.5,8.0,43.6,49.4,29.7,50.7,28.2,69.4,34.1,54.0,39,MODERATE
SYN-01082,Job Seeker,2026-05-09,PUBLIC,NOT_SURE,FRIENDS,YES,NOT_SURE,NO,NOT_SURE,YES,YES,NO,YES,NOT_SURE,NOT_SURE,SOMETIMES,SOMETIMES,OFTEN,OFTEN,OFTEN,PUBLIC,NOT_SURE,SOMETIMES,NOT_SURE,FRIENDS_OF_FRIENDS,SOMETIMES,NEVER,YES,NO,FRIENDS,NOT_SURE,FRIENDS,NOT_SURE,SMS,NOT_SURE,NO,NOT_SURE,OLD,NOT_SURE,NO,NOT_SURE,YES,NOT_SURE,SOMETIMES,SOMETIMES,SOMETIMES,NOT_SURE,NOT_SURE,NOT_SURE,SOMETIMES,OLD,NEVER,YES,NO,SOMETIMES,74.0,57.3,77.6,70.6,56.0,61.4,67.6,55.3,55.5,82.8,66,HIGH
SYN-01083,Student,2026-09-10,FRIENDS,NO,PRIVATE,NO,NO,NO,NO,NOT_SURE,NO,NO,NOT_SURE,NOT_SURE,NO,NEVER,NEVER,SOMETIMES,NOT_SURE,NEVER,FRIENDS,SOMETIMES,NEVER,NO,FRIENDS_OF_FRIENDS,SOMETIMES,NEVER,SOMETIMES,NOT_SURE,FRIENDS,NOT_SURE,NO_ONE,YES,SMS,NOT_SURE,NOT_SURE,NOT_SURE,OLD,YES,YES,NEVER,SOMETIMES,SOMETIMES,NEVER,NOT_SURE,SOMETIMES,SOMETIMES,NOT_SURE,YES,SOMETIMES,NEVER,OLD,NOT_SURE,SOMETIMES,NEVER,10.5,20.0,17.6,28.3,62.7,45.7,33.5,58.8,46.2,56.2,33,MODERATE
SYN-01084,Educator,2026-08-29,FRIENDS,NOT_SURE,PRIVATE,NO,NO,NOT_SURE,NO,NOT_SURE,NO,NO,YES,NO,NOT_SURE,NEVER,SOMETIMES,SOMETIMES,NOT_SURE,NEVER,PRIVATE,NOT_SURE,NOT_SURE,NOT_SURE,APPROVAL,SOMETIMES,OLD,YES,YES,FRIENDS,NOT_SURE,FRIENDS,YES,APP_OR_KEY,SOMETIMES,NOT_SURE,NOT_SURE,OLD,YES,SOMETIMES,OLD,SOMETIMES,YES,SOMETIMES,SOMETIMES,SOMETIMES,SOMETIMES,NO,SOMETIMES,NEVER,OLD,RECENT,NOT_SURE,YES,NEVER,22.5,30.0,36.8,35.0,35.0,25.7,34.0,41.8,36.6,23.8,33,MODERATE
SYN-01085,Student,2026-03-05,FRIENDS,NOT_SURE,FRIENDS,NOT_SURE,NOT_SURE,NO,NOT_SURE,YES,NO,NOT_SURE,NOT_SURE,NOT_SURE,NOT_SURE,NOT_SURE,NEVER,SOMETIMES,SOMETIMES,SOMETIMES,PUBLIC,NEVER,NOT_SURE,NO,FRIENDS_OF_FRIENDS,SOMETIMES,OLD,NO,NOT_SURE,FRIENDS,YES,FRIENDS,NOT_SURE,SMS,SOMETIMES,NOT_SURE,NOT_SURE,OLD,NOT_SURE,NO,OLD,SOMETIMES,SOMETIMES,SOMETIMES,OFTEN,NO,SOMETIMES,NO,SOMETIMES,NEVER,OLD,NEVER,NOT_SURE,SOMETIMES,NOT_SURE,46.5,41.3,48.0,44.4,60.3,61.4,67.1,53.5,50.3,63.8,53,HIGH
SYN-01086,Student,2025-12-08,FRIENDS,NO,PRIVATE,NOT_SURE,NO,NO,NOT_SURE,NO,NO,NO,NOT_SURE,NOT_SURE,NO,NEVER,NOT_SURE,NEVER,NOT_SURE,SOMETIMES,FRIENDS,NEVER,OFTEN,NOT_SURE,FRIENDS_OF_FRIENDS,NEVER,RECENT,SOMETIMES,YES,FRIENDS,NOT_SURE,FRIENDS,YES,SMS,SOMETIMES,YES,NO,RECENT,YES,NOT_SURE,NEVER,SOMETIMES,NOT_SURE,OFTEN,NOT_SURE,SOMETIMES,SOMETIMES,NO,YES,NOT_SURE,OLD,OLD,NOT_SURE,SOMETIMES,NEVER,22.5,20.0,23.2,43.9,18.7,25.7,34.2,81.2,33.1,45.0,31,MODERATE
SYN-01087,Job Seeker,2026-02-08,PRIVATE,NOT_SURE,PRIVATE,NOT_SURE,NO,NO,NO,NO,NO,YES,NOT_SURE,NO,NO,SOMETIMES,SOMETIMES,SOMETIMES,SOMETIMES,SOMETIMES,FRIENDS,NEVER,SOMETIMES,NO,FRIENDS_OF_FRIENDS,SOMETIMES,OLD,YES,YES,FRIENDS,NOT_SURE,NO_ONE,YES,APP_OR_KEY,SOMETIMES,NOT_SURE,YES,OLD,YES,SOMETIMES,OLD,YES,YES,SOMETIMES,NEVER,YES,SOMETIMES,NO,YES,NEVER,OLD,RECENT,NOT_SURE,SOMETIMES,SOMETIMES,24.0,19.3,50.4,25.0,47.0,20.7,26.2,30.0,12.4,40.3,30,MODERATE
SYN-01088,Student,2026-08-13,FRIENDS,NOT_SURE,FRIENDS,NO,NO,NO,NO,NOT_SURE,NO,NOT_SURE,NO,NO,NOT_SURE,NEVER,NEVER,NOT_SURE,NEVER,NEVER,FRIENDS,NEVER,NEVER,NOT_SURE,FRIENDS_OF_FRIENDS,SOMETIMES,RECENT,YES,NOT_SURE,FRIENDS,NO,FRIENDS,NOT_SURE,SMS,SOMETIMES,YES,NO,OLD,YES,YES,RECENT,YES,SOMETIMES,NOT_SURE,SOMETIMES,SOMETIMES,NOT_SURE,NOT_SURE,SOMETIMES,SOMETIMES,OLD,RECENT,NO,NOT_SURE,SOMETIMES,29.5,16.0,17.6,21.7,36.0,40.0,48.5,20.6,52.8,33.2,31,MODERATE
SYN-01089,Job Seeker,2026-09-12,FRIENDS,YES,FRIENDS,YES,NOT_SURE,NOT_SURE,NOT_SURE,NO,NO,YES,NOT_SURE,NO,NOT_SURE,SOMETIMES,NOT_SURE,SOMETIMES,SOMETIMES,SOMETIMES,PUBLIC,SOMETIMES,SOMETIMES,NO,APPROVAL,OFTEN,OLD,SOMETIMES,NO,FRIENDS,NOT_SURE,FRIENDS,NO,NONE,NOT_SURE,NO,NOT_SURE,NEVER,NO,SOMETIMES,OLD,NOT_SURE,SOMETIMES,NOT_SURE,SOMETIMES,NO,SOMETIMES,NOT_SURE,SOMETIMES,SOMETIMES,OLD,NOT_SURE,NOT_SURE,SOMETIMES,SOMETIMES,62.5,39.3,58.4,63.3,57.7,61.4,82.8,56.5,61.7,60.2,61,HIGH
SYN-01090,Professional,2026-04-28,PRIVATE,NO,PUBLIC,NO,NO,NO,NOT_SURE,NO,NO,NO,NO,NO,NO,SOMETIMES,SOMETIMES,NOT_SURE,NEVER,NEVER,FRIENDS,SOMETIMES,NEVER,NOT_SURE,APPROVAL,NEVER,RECENT,YES,YES,FRIENDS,NO,FRIENDS,YES,SMS,SOMETIMES,NOT_SURE,NOT_SURE,OLD,YES,SOMETIMES,OLD,YES,SOMETIMES,SOMETIMES,NEVER,SOMETIMES,NOT_SURE,NO,NOT_SURE,NEVER,OLD,OLD,NO,YES,SOMETIMES,20.0,8.0,32.0,38.3,0.0,15.0,39.6,41.8,26.9,36.5,25,MODERATE
SYN-01091,Professional,2026-02-01,PRIVATE,NO,PRIVATE,NO,NO,NO,NO,NOT_SURE,NO,NO,NO,NO,NO,SOMETIMES,SOMETIMES,NEVER,NEVER,SOMETIMES,PRIVATE,NEVER,NOT_SURE,NO,APPROVAL,NOT_SURE,OLD,YES,YES,FRIENDS,NO,FRIENDS,YES,SMS,NEVER,YES,NOT_SURE,OLD,NOT_SURE,SOMETIMES,OLD,YES,SOMETIMES,SOMETIMES,SOMETIMES,SOMETIMES,NEVER,NO,YES,NOT_SURE,OLD,OLD,NOT_SURE,SOMETIMES,NOT_SURE,0.0,8.0,31.2,11.1,31.0,15.0,29.9,41.8,22.4,52.5,22,MODERATE
SYN-01092,Student,2026-08-13,PRIVATE,NOT_SURE,FRIENDS,NOT_SURE,NO,NO,NOT_SURE,NO,NO,NOT_SURE,NO,NOT_SURE,NO,NOT_SURE,SOMETIMES,SOMETIMES,NOT_SURE,SOMETIMES,FRIENDS,NOT_SURE,NOT_SURE,NOT_SURE,FRIENDS_OF_FRIENDS,NEVER,NEVER,NOT_SURE,YES,FRIENDS,NOT_SURE,NO_ONE,NOT_SURE,NOT_SURE,NOT_SURE,YES,NOT_SURE,OLD,NOT_SURE,NOT_SURE,NEVER,SOMETIMES,SOMETIMES,SOMETIMES,NOT_SURE,SOMETIMES,SOMETIMES,NO,SOMETIMES,SOMETIMES,OLD,OLD,NOT_SURE,NO,SOMETIMES,31.0,22.0,46.4,46.7,41.3,20.7,59.0,69.4,41.0,61.5,43,HIGH
SYN-01093,Job Seeker,2026-03-16,FRIENDS,NO,PUBLIC,NOT_SURE,NOT_SURE,NOT_SURE,YES,NO,NOT_SURE,NOT_SURE,NOT_SURE,YES,NOT_SURE,SOMETIMES,SOMETIMES,SOMETIMES,SOMETIMES,SOMETIMES,FRIENDS,SOMETIMES,SOMETIMES,NOT_SURE,EVERYONE,NEVER,OLD,SOMETIMES,NO,ANYONE,YES,FRIENDS,NOT_SURE,SMS,NEVER,NO,NO,OLD,NOT_SURE,NOT_SURE,OLD,NOT_SURE,SOMETIMES,SOMETIMES,SOMETIMES,NO,SOMETIMES,NOT_SURE,NOT_SURE,NOT_SURE,NOT_SURE,OLD,YES,NO,SOMETIMES,47.5,61.3,60.0,51.7,44.3,90.7,58.8,58.2,63.4,77.8,59,HIGH
SYN-01094,Professional,2025-12-13,FRIENDS,NOT_SURE,PRIVATE,YES,NOT_SURE,NOT_SURE,NOT_SURE,NO,NOT_SURE,NOT_SURE,NOT_SURE,NOT_SURE,NOT_SURE,SOMETIMES,NEVER,NOT_SURE,SOMETIMES,SOMETIMES,PUBLIC,SOMETIMES,SOMETIMES,NOT_SURE,FRIENDS_OF_FRIENDS,NOT_SURE,NOT_SURE,NOT_SURE,NOT_SURE,FRIENDS,NOT_SURE,ANYONE,NO,NONE,SOMETIMES,NOT_SURE,YES,OLD,NO,SOMETIMES,NOT_SURE,NOT_SURE,SOMETIMES,NOT_SURE,NOT_SURE,NO,SOMETIMES,NO,YES,SOMETIMES,NOT_SURE,NEVER,YES,SOMETIMES,NOT_SURE,47.5,52.0,48.8,73.3,57.3,60.0,70.7,65.3,41.0,80.0,58,HIGH
SYN-01095,Professional,2026-04-13,PRIVATE,NO,PRIVATE,NO,NO,NO,NO,NO,NO,NO,NO,NO,NO,NEVER,NEVER,NEVER,NEVER,NEVER,FRIENDS,NEVER,NEVER,NO,APPROVAL,NEVER,RECENT,YES,YES,NO_ONE,NO,NO_ONE,YES,APP_OR_KEY,NEVER,YES,YES,RECENT,YES,YES,OLD,YES,NOT_SURE,NEVER,NEVER,YES,NEVER,NO,YES,NEVER,RECENT,OLD,NO,YES,NEVER,0.0,0.0,0.0,11.7,0.0,0.0,0.0,35.9,0.0,13.8,4,LOW
SYN-01096,Student,2025-12-30,FRIENDS,NOT_SURE,FRIENDS,NO,NOT_SURE,NO,NO,YES,NO,NOT_SURE,NOT_SURE,YES,NOT_SURE,OFTEN,NEVER,SOMETIMES,OFTEN,SOMETIMES,PUBLIC,NOT_SURE,NEVER,NOT_SURE,FRIENDS_OF_FRIENDS,OFTEN,NEVER,NOT_SURE,NOT_SURE,ANYONE,NOT_SURE,FRIENDS,NO,NONE,NOT_SURE,NO,NO,NEVER,NO,NOT_SURE,NEVER,SOMETIMES,SOMETIMES,SOMETIMES,SOMETIMES,SOMETIMES,SOMETIMES,NO,YES,SOMETIMES,OLD,NOT_SURE,NOT_SURE,NO,SOMETIMES,34.5,37.3,66.4,57.2,81.3,69.3,87.8,69.4,35.9,67.8,60,HIGH
SYN-01097,SMB Owner,2025-10-16,FRIENDS,NOT_SURE,FRIENDS,NOT_SURE,NOT_SURE,NO,NOT_SURE,NOT_SURE,NO,NO,NOT_SURE,NOT_SURE,NOT_SURE,SOMETIMES,SOMETIMES,NEVER,SOMETIMES,SOMETIMES,FRIENDS,NOT_SURE,NOT_SURE,NO,FRIENDS_OF_FRIENDS,SOMETIMES,OLD,SOMETIMES,NOT_SURE,FRIENDS,NOT_SURE,FRIENDS,NOT_SURE,SMS,SOMETIMES,NOT_SURE,NO,NOT_SURE,NOT_SURE,SOMETIMES,OLD,NOT_SURE,YES,SOMETIMES,NOT_SURE,SOMETIMES,SOMETIMES,NO,NOT_SURE,SOMETIMES,OLD,OLD,NOT_SURE,SOMETIMES,NOT_SURE,46.5,28.0,50.4,36.7,53.7,50.7,68.3,46.5,43.8,52.5,48,HIGH
SYN-01098,Professional,2026-05-08,FRIENDS,NO,PRIVATE,NOT_SURE,NO,NO,NO,NO,NO,NO,NO,NO,NO,NEVER,NEVER,NEVER,NOT_SURE,NEVER,PRIVATE,NEVER,NEVER,NO,FRIENDS_OF_FRIENDS,NOT_SURE,RECENT,YES,YES,NO_ONE,NO,FRIENDS,YES,APP_OR_KEY,NEVER,YES,YES,RECENT,YES,YES,RECENT,YES,YES,NEVER,NEVER,YES,NEVER,NO,YES,NEVER,OLD,OLD,NO,SOMETIMES,NEVER,22.5,0.0,8.0,0.0,32.0,5.0,0.0,0.0,0.0,35.0,9,LOW
SYN-01099,Professional,2025-10-24,FRIENDS,NO,PUBLIC,NOT_SURE,YES,YES,YES,NOT_SURE,NOT_SURE,NOT_SURE,NOT_SURE,NO,NOT_SURE,SOMETIMES,SOMETIMES,OFTEN,SOMETIMES,NOT_SURE,PUBLIC,OFTEN,SOMETIMES,NOT_SURE,FRIENDS_OF_FRIENDS,OFTEN,NOT_SURE,NOT_SURE,NOT_SURE,FRIENDS,NOT_SURE,FRIENDS,NOT_SURE,SMS,OFTEN,NO,NO,NEVER,NOT_SURE,SOMETIMES,NOT_SURE,NO,NO,SOMETIMES,OFTEN,NO,NEVER,NOT_SURE,SOMETIMES,SOMETIMES,OLD,OLD,YES,SOMETIMES,SOMETIMES,52.5,67.3,65.2,84.4,77.3,50.7,80.3,85.9,56.2,64.0,69,HIGH
SYN-01100,Professional,2026-06-17,FRIENDS,NOT_SURE,FRIENDS,NOT_SURE,YES,NO,NOT_SURE,NOT_SURE,NO,NOT_SURE,NO,NO,NO,OFTEN,NEVER,NEVER,SOMETIMES,SOMETIMES,FRIENDS,SOMETIMES,SOMETIMES,NO,EVERYONE,NOT_SURE,OLD,YES,NOT_SURE,FRIENDS,NO,NO_ONE,YES,SMS,NEVER,NOT_SURE,NOT_SURE,NOT_SURE,NOT_SURE,SOMETIMES,OLD,NOT_SURE,SOMETIMES,SOMETIMES,SOMETIMES,NOT_SURE,NOT_SURE,NO,SOMETIMES,NEVER,OLD,OLD,NO,SOMETIMES,SOMETIMES,51.5,24.0,40.8,41.7,57.7,35.0,37.8,58.2,37.2,44.0,41,HIGH
SYN-01101,Job Seeker,2025-12-29,PRIVATE,NO,PRIVATE,NO,NO,NO,NO,NO,NO,NO,NO,NO,NO,SOMETIMES,SOMETIMES,NEVER,NEVER,NEVER,FRIENDS,NEVER,SOMETIMES,NO,FRIENDS_OF_FRIENDS,NEVER,RECENT,YES,NO,NO_ONE,NOT_SURE,NO_ONE,YES,APP_OR_KEY,NEVER,YES,NOT_SURE,OLD,YES,SOMETIMES,RECENT,YES,YES,NEVER,NEVER,SOMETIMES,NEVER,NO,YES,NEVER,NOT_SURE,RECENT,NO,SOMETIMES,SOMETIMES,0.0,0.0,24.0,25.0,12.0,46.4,16.5,0.0,6.9,36.5,15,LOW
SYN-01102,Job Seeker,2026-04-07,PRIVATE,YES,PUBLIC,NOT_SURE,NO,YES,NO,NO,NO,NO,NO,NOT_SURE,NO,SOMETIMES,SOMETIMES,SOMETIMES,NOT_SURE,NOT_SURE,FRIENDS,SOMETIMES,SOMETIMES,YES,FRIENDS_OF_FRIENDS,SOMETIMES,OLD,SOMETIMES,NO,ANYONE,NO,FRIENDS,NOT_SURE,SMS,SOMETIMES,NOT_SURE,NOT_SURE,OLD,YES,SOMETIMES,OLD,SOMETIMES,NOT_SURE,NEVER,OFTEN,NO,NEVER,NO,SOMETIMES,NOT_SURE,OLD,OLD,NOT_SURE,SOMETIMES,NOT_SURE,52.0,26.0,47.6,58.3,53.7,69.3,55.1,47.6,43.1,52.5,48,HIGH
SYN-01103,Job Seeker,2026-07-20,PUBLIC,NOT_SURE,FRIENDS,YES,NO,NOT_SURE,YES,NOT_SURE,NO,NOT_SURE,YES,YES,YES,OFTEN,SOMETIMES,NOT_SURE,NOT_SURE,NOT_SURE,PUBLIC,SOMETIMES,NEVER,YES,FRIENDS_OF_FRIENDS,OFTEN,OLD,SOMETIMES,NO,ANYONE,YES,ANYONE,NO,NONE,SOMETIMES,NO,NO,OLD,NO,NO,NEVER,SOMETIMES,NOT_SURE,OFTEN,SOMETIMES,SOMETIMES,SOMETIMES,NO,NO,NOT_SURE,NEVER,OLD,NOT_SURE,NOT_SURE,SOMETIMES,69.0,61.3,71.6,66.7,69.7,100.0,88.5,81.2,48.6,68.2,71,CRITICAL
SYN-01104,Job Seeker,2026-07-28,PRIVATE,YES,FRIENDS,NOT_SURE,NOT_SURE,NO,NOT_SURE,NO,NOT_SURE,NO,NO,NOT_SURE,NOT_SURE,NOT_SURE,SOMETIMES,NEVER,SOMETIMES,SOMETIMES,FRIENDS,NEVER,SOMETIMES,NOT_SURE,FRIENDS_OF_FRIENDS,NOT_SURE,RECENT,SOMETIMES,NOT_SURE,FRIENDS,NOT_SURE,FRIENDS,YES,SMS,SOMETIMES,NOT_SURE,NOT_SURE,OLD,YES,SOMETIMES,NEVER,YES,YES,SOMETIMES,SOMETIMES,SOMETIMES,NEVER,NO,NO,NOT_SURE,NOT_SURE,OLD,NOT_SURE,NOT_SURE,SOMETIMES,44.0,26.0,48.0,35.0,38.7,50.7,39.6,45.9,36.2,63.2,40,MODERATE
SYN-01105,Job Seeker,2026-06-16,FRIENDS,NO,FRIENDS,NOT_SURE,NO,YES,YES,YES,NOT_SURE,NOT_SURE,NOT_SURE,NOT_SURE,YES,SOMETIMES,OFTEN,SOMETIMES,NEVER,SOMETIMES,FRIENDS,SOMETIMES,SOMETIMES,NOT_SURE,FRIENDS_OF_FRIENDS,SOMETIMES,OLD,SOMETIMES,NOT_SURE,FRIENDS,NOT_SURE,ANYONE,NO,NONE,NOT_SURE,NO,NOT_SURE,OLD,NOT_SURE,SOMETIMES,OLD,YES,SOMETIMES,SOMETIMES,SOMETIMES,SOMETIMES,SOMETIMES,NOT_SURE,SOMETIMES,NOT_SURE,NOT_SURE,OLD,NOT_SURE,SOMETIMES,SOMETIMES,29.5,78.7,63.2,51.7,53.7,60.0,75.7,41.8,53.8,60.2,60,HIGH
SYN-01106,Job Seeker,2026-02-20,FRIENDS,NOT_SURE,FRIENDS,NOT_SURE,YES,NOT_SURE,YES,NOT_SURE,NO,NOT_SURE,NOT_SURE,NOT_SURE,NO,NOT_SURE,SOMETIMES,SOMETIMES,SOMETIMES,SOMETIMES,FRIENDS,SOMETIMES,NOT_SURE,YES,FRIENDS_OF_FRIENDS,NEVER,OLD,SOMETIMES,NOT_SURE,FRIENDS,NOT_SURE,FRIENDS,NO,NONE,OFTEN,NO,NOT_SURE,NEVER,NOT_SURE,NOT_SURE,OLD,YES,SOMETIMES,SOMETIMES,OFTEN,SOMETIMES,SOMETIMES,NOT_SURE,SOMETIMES,SOMETIMES,NEVER,OLD,YES,NOT_SURE,NOT_SURE,51.5,53.3,48.0,56.1,29.7,50.7,90.8,41.8,61.7,76.8,57,HIGH
SYN-01107,SMB Owner,2025-11-03,FRIENDS,NOT_SURE,FRIENDS,NO,NOT_SURE,NOT_SURE,NOT_SURE,NOT_SURE,NOT_SURE,NOT_SURE,YES,YES,NOT_SURE,SOMETIMES,SOMETIMES,SOMETIMES,NEVER,NEVER,FRIENDS,NOT_SURE,SOMETIMES,NOT_SURE,FRIENDS_OF_FRIENDS,OFTEN,OLD,SOMETIMES,YES,FRIENDS,NOT_SURE,NO_ONE,NO,NONE,SOMETIMES,YES,NO,OLD,YES,SOMETIMES,NOT_SURE,YES,SOMETIMES,NOT_SURE,SOMETIMES,SOMETIMES,SOMETIMES,NO,NOT_SURE,SOMETIMES,NOT_SURE,OLD,NOT_SURE,SOMETIMES,NOT_SURE,34.5,68.0,43.2,48.9,69.7,20.7,64.9,48.8,45.5,58.8,53,HIGH
SYN-01108,Student,2026-04-11,FRIENDS,NO,PUBLIC,NOT_SURE,NOT_SURE,NOT_SURE,NO,NOT_SURE,NOT_SURE,YES,NOT_SURE,NOT_SURE,YES,SOMETIMES,NOT_SURE,NOT_SURE,OFTEN,NOT_SURE,FRIENDS,OFTEN,SOMETIMES,YES,FRIENDS_OF_FRIENDS,OFTEN,OLD,NOT_SURE,NO,FRIENDS,NOT_SURE,FRIENDS,NO,NONE,SOMETIMES,NOT_SURE,NOT_SURE,NEVER,YES,NO,NOT_SURE,SOMETIMES,SOMETIMES,NEVER,SOMETIMES,SOMETIMES,SOMETIMES,NOT_SURE,NOT_SURE,NOT_SURE,NEVER,OLD,NOT_SURE,NO,SOMETIMES,47.5,57.3,68.4,69.4,72.3,61.4,75.3,51.8,56.6,72.8,64,HIGH
SYN-01109,Professional,2025-10-21,FRIENDS,NOT_SURE,FRIENDS,NO,NOT_SURE,NO,NO,NOT_SURE,NO,NO,NO,NO,NOT_SURE,NEVER,NOT_SURE,NOT_SURE,NEVER,NEVER,FRIENDS,NEVER,NOT_SURE,NO,FRIENDS_OF_FRIENDS,NEVER,NEVER,SOMETIMES,NO,FRIENDS,NOT_SURE,FRIENDS,YES,SMS,SOMETIMES,YES,YES,OLD,NOT_SURE,SOMETIMES,OLD,SOMETIMES,SOMETIMES,NEVER,SOMETIMES,SOMETIMES,NEVER,NO,SOMETIMES,NEVER,OLD,RECENT,YES,SOMETIMES,NOT_SURE,34.5,8.0,25.6,22.8,38.7,61.4,33.8,42.9,24.1,48.8,30,MODERATE
SYN-01110,Educator,2026-04-09,FRIENDS,NO,PRIVATE,NO,NO,NO,NO,NO,NO,NO,NO,NOT_SURE,NO,SOMETIMES,SOMETIMES,NOT_SURE,SOMETIMES,NEVER,PRIVATE,NEVER,NEVER,NO,FRIENDS_OF_FRIENDS,NEVER,RECENT,SOMETIMES,YES,NO_ONE,NO,FRIENDS,YES,APP_OR_KEY,NEVER,YES,NOT_SURE,NEVER,YES,SOMETIMES,OLD,SOMETIMES,YES,SOMETIMES,NEVER,YES,NEVER,NO,YES,SOMETIMES,OLD,NOT_SURE,NOT_SURE,YES,NEVER,10.5,6.0,41.6,0.0,18.7,5.0,20.3,41.8,6.2,43.8,18,LOW
SYN-01111,Professional,2025-10-28,FRIENDS,NO,FRIENDS,NOT_SURE,NO,NO,NO,NOT_SURE,NO,NO,NO,NO,NO,NEVER,NEVER,SOMETIMES,SOMETIMES,SOMETIMES,FRIENDS,SOMETIMES,SOMETIMES,NO,APPROVAL,NEVER,RECENT,SOMETIMES,NOT_SURE,FRIENDS,NOT_SURE,FRIENDS,YES,SMS,NEVER,NOT_SURE,NOT_SURE,OLD,NOT_SURE,YES,NOT_SURE,SOMETIMES,SOMETIMES,SOMETIMES,NEVER,SOMETIMES,NEVER,NO,NO,SOMETIMES,OLD,OLD,NOT_SURE,NO,NOT_SURE,29.5,8.0,26.4,41.7,6.7,50.7,31.5,62.4,26.9,60.0,29,MODERATE
SYN-01112,SMB Owner,2026-08-02,FRIENDS,NOT_SURE,FRIENDS,YES,YES,NOT_SURE,NOT_SURE,NOT_SURE,NO,YES,NOT_SURE,YES,YES,SOMETIMES,NOT_SURE,SOMETIMES,OFTEN,NOT_SURE,PUBLIC,NOT_SURE,NOT_SURE,NOT_SURE,FRIENDS_OF_FRIENDS,SOMETIMES,OLD,NOT_SURE,NO,ANYONE,YES,ANYONE,NOT_SURE,SMS,SOMETIMES,NOT_SURE,NO,NEVER,NOT_SURE,SOMETIMES,NEVER,NOT_SURE,SOMETIMES,OFTEN,SOMETIMES,SOMETIMES,SOMETIMES,NOT_SURE,SOMETIMES,SOMETIMES,NEVER,OLD,YES,NOT_SURE,SOMETIMES,59.5,57.3,70.0,68.3,56.3,100.0,70.0,81.2,54.8,78.2,66,HIGH
SYN-01113,Student,2025-11-25,PRIVATE,NOT_SURE,FRIENDS,NOT_SURE,YES,NOT_SURE,NO,NOT_SURE,NO,NO,NO,NO,NOT_SURE,NOT_SURE,NOT_SURE,SOMETIMES,OFTEN,SOMETIMES,FRIENDS,SOMETIMES,SOMETIMES,NOT_SURE,FRIENDS_OF_FRIENDS,SOMETIMES,OLD,YES,NO,FRIENDS,YES,NO_ONE,NOT_SURE,SMS,NEVER,YES,NO,NOT_SURE,NO,SOMETIMES,OLD,SOMETIMES,SOMETIMES,SOMETIMES,NOT_SURE,SOMETIMES,SOMETIMES,NO,SOMETIMES,NEVER,OLD,OLD,YES,NO,NOT_SURE,41.0,20.0,62.4,51.7,47.0,67.1,54.2,53.5,34.8,70.0,47,HIGH
SYN-01114,Professional,2025-12-26,FRIENDS,NOT_SURE,PUBLIC,YES,YES,YES,YES,YES,NOT_SURE,YES,YES,NOT_SURE,NOT_SURE,NOT_SURE,SOMETIMES,OFTEN,NOT_SURE,SOMETIMES,FRIENDS,OFTEN,OFTEN,YES,EVERYONE,SOMETIMES,NOT_SURE,NO,NO,ANYONE,YES,ANYONE,NOT_SURE,SMS,SOMETIMES,NO,NOT_SURE,NEVER,NO,NOT_SURE,NEVER,NO,SOMETIMES,SOMETIMES,OFTEN,NO,SOMETIMES,NOT_SURE,SOMETIMES,OFTEN,NOT_SURE,NOT_SURE,YES,SOMETIMES,NOT_SURE,72.5,88.0,62.4,78.3,80.0,100.0,74.2,81.2,72.8,75.0,77,CRITICAL
SYN-01115,Professional,2026-07-30,FRIENDS,YES,FRIENDS,YES,YES,NO,NOT_SURE,NOT_SURE,NOT_SURE,NOT_SURE,NOT_SURE,YES,NOT_SURE,NEVER,OFTEN,OFTEN,SOMETIMES,SOMETIMES,FRIENDS,NOT_SURE,NOT_SURE,NOT_SURE,FRIENDS_OF_FRIENDS,OFTEN,NOT_SURE,NO,NO,FRIENDS,YES,FRIENDS,NOT_SURE,SMS,NOT_SURE,NO,NO,OLD,NOT_SURE,NO,NEVER,SOMETIMES,SOMETIMES,SOMETIMES,SOMETIMES,SOMETIMES,OFTEN,NO,NO,SOMETIMES,OLD,OLD,NOT_SURE,NOT_SURE,SOMETIMES,67.5,52.0,58.4,46.7,81.3,72.1,71.0,69.4,57.9,57.0,62,HIGH
SYN-01116,Educator,2025-12-16,FRIENDS,NO,FRIENDS,NO,NOT_SURE,NOT_SURE,NO,NO,NO,NOT_SURE,NO,NO,NO,SOMETIMES,SOMETIMES,SOMETIMES,NEVER,SOMETIMES,FRIENDS,SOMETIMES,NEVER,NO,FRIENDS_OF_FRIENDS,NOT_SURE,RECENT,SOMETIMES,NOT_SURE,FRIENDS,NOT_SURE,FRIENDS,YES,SMS,NEVER,NOT_SURE,NOT_SURE,OLD,NOT_SURE,SOMETIMES,OLD,YES,NOT_SURE,SOMETIMES,NEVER,YES,NEVER,NO,YES,NEVER,RECENT,OLD,YES,SOMETIMES,NOT_SURE,22.5,20.0,40.8,28.3,38.7,50.7,35.7,46.5,0.0,48.8,31,MODERATE
SYN-01117,Job Seeker,2026-08-13,PUBLIC,NOT_SURE,FRIENDS,NO,NOT_SURE,NOT_SURE,NO,NOT_SURE,NO,YES,NOT_SURE,YES,NOT_SURE,NOT_SURE,SOMETIMES,SOMETIMES,NOT_SURE,NOT_SURE,FRIENDS,SOMETIMES,SOMETIMES,NOT_SURE,FRIENDS_OF_FRIENDS,NOT_SURE,OLD,YES,YES,FRIENDS,NOT_SURE,ANYONE,YES,SMS,SOMETIMES,NOT_SURE,NO,RECENT,YES,NOT_SURE,NOT_SURE,SOMETIMES,SOMETIMES,SOMETIMES,SOMETIMES,SOMETIMES,SOMETIMES,NO,YES,SOMETIMES,NEVER,RECENT,NO,SOMETIMES,SOMETIMES,54.0,49.3,54.8,51.7,43.0,35.0,40.0,62.4,35.9,41.5,47,HIGH
SYN-01118,Professional,2026-08-23,FRIENDS,NO,PRIVATE,NO,NO,NO,NO,NO,NO,NO,NO,NO,NOT_SURE,SOMETIMES,NEVER,NEVER,NEVER,NEVER,PRIVATE,SOMETIMES,NEVER,NO,FRIENDS_OF_FRIENDS,NOT_SURE,RECENT,NOT_SURE,YES,NO_ONE,NO,NO_ONE,YES,APP_OR_KEY,SOMETIMES,YES,YES,OLD,YES,YES,RECENT,SOMETIMES,YES,NEVER,NEVER,SOMETIMES,NEVER,NO,YES,NOT_SURE,RECENT,OLD,NOT_SURE,SOMETIMES,NEVER,10.5,0.0,24.0,16.7,41.3,0.0,16.2,11.8,12.1,31.2,16,LOW
SYN-01119,Student,2026-04-06,PRIVATE,NOT_SURE,FRIENDS,NO,YES,NO,YES,NO,NO,NOT_SURE,YES,NOT_SURE,NO,SOMETIMES,SOMETIMES,NOT_SURE,SOMETIMES,NOT_SURE,FRIENDS,SOMETIMES,SOMETIMES,NOT_SURE,FRIENDS_OF_FRIENDS,OFTEN,OLD,SOMETIMES,NOT_SURE,FRIENDS,NOT_SURE,FRIENDS,NOT_SURE,SMS,SOMETIMES,NO,NOT_SURE,NEVER,NOT_SURE,NOT_SURE,OLD,SOMETIMES,YES,SOMETIMES,NOT_SURE,SOMETIMES,SOMETIMES,NO,NO,OFTEN,NOT_SURE,OLD,NOT_SURE,SOMETIMES,OFTEN,29.0,37.3,47.6,51.7,69.7,50.7,70.8,41.8,52.1,66.2,52,HIGH
SYN-01120,SMB Owner,2026-05-23,FRIENDS,NOT_SURE,FRIENDS,YES,NOT_SURE,NO,NOT_SURE,NO,NO,NO,NO,NO,NO,NEVER,NOT_SURE,SOMETIMES,NEVER,SOMETIMES,FRIENDS,SOMETIMES,NEVER,NOT_SURE,FRIENDS_OF_FRIENDS,NOT_SURE,OLD,SOMETIMES,NOT_SURE,NO_ONE,NOT_SURE,NO_ONE,YES,SMS,SOMETIMES,NO,NO,OLD,YES,YES,OLD,SOMETIMES,SOMETIMES,SOMETIMES,NEVER,SOMETIMES,NOT_SURE,NO,SOMETIMES,NEVER,OLD,RECENT,YES,YES,SOMETIMES,54.5,8.0,24.8,38.3,49.7,35.7,41.2,53.5,24.1,42.8,34,MODERATE
SYN-01121,Job Seeker,2026-03-30,PRIVATE,NO,FRIENDS,NO,NOT_SURE,NOT_SURE,NO,NO,NO,NO,NO,NO,NO,NEVER,NOT_SURE,NEVER,NEVER,NOT_SURE,PRIVATE,NEVER,NEVER,NO,FRIENDS_OF_FRIENDS,SOMETIMES,OLD,YES,YES,FRIENDS,NO,FRIENDS,YES,SMS,NEVER,YES,YES,RECENT,YES,YES,OLD,SOMETIMES,SOMETIMES,NEVER,SOMETIMES,YES,SOMETIMES,NO,YES,NEVER,RECENT,OLD,NOT_SURE,SOMETIMES,SOMETIMES,12.0,12.0,14.0,0.0,47.0,15.0,5.6,42.9,22.8,40.3,18,LOW
SYN-01122,Job Seeker,2025-10-03,FRIENDS,NOT_SURE,FRIENDS,NOT_SURE,NOT_SURE,YES,NOT_SURE,NOT_SURE,NO,NO,NOT_SURE,NO,NOT_SURE,NOT_SURE,SOMETIMES,SOMETIMES,SOMETIMES,OFTEN,FRIENDS,SOMETIMES,NOT_SURE,NO,FRIENDS_OF_FRIENDS,SOMETIMES,OLD,SOMETIMES,NO,FRIENDS,YES,FRIENDS,NO,NONE,SOMETIMES,NO,NO,OLD,NOT_SURE,SOMETIMES,NEVER,NOT_SURE,NOT_SURE,SOMETIMES,SOMETIMES,YES,SOMETIMES,NO,NOT_SURE,SOMETIMES,RECENT,NOT_SURE,YES,SOMETIMES,SOMETIMES,46.5,42.0,62.4,39.4,53.7,72.1,81.0,78.8,38.6,56.5,56,HIGH
SYN-01123,Professional,2026-03-27,FRIENDS,NOT_SURE,FRIENDS,NO,NO,NO,YES,NO,NO,YES,NOT_SURE,NOT_SURE,NOT_SURE,SOMETIMES,NOT_SURE,NOT_SURE,SOMETIMES,NOT_SURE,FRIENDS,SOMETIMES,SOMETIMES,NO,FRIENDS_OF_FRIENDS,SOMETIMES,OLD,NO,NOT_SURE,FRIENDS,YES,NO_ONE,YES,SMS,SOMETIMES,NO,NOT_SURE,NEVER,YES,SOMETIMES,OLD,NOT_SURE,YES,OFTEN,SOMETIMES,YES,NOT_SURE,NOT_SURE,SOMETIMES,NOT_SURE,OLD,NEVER,NOT_SURE,SOMETIMES,NEVER,29.5,38.7,55.6,41.7,60.3,56.4,45.8,53.5,44.8,56.2,47,HIGH
SYN-01124,Professional,2026-02-18,FRIENDS,NOT_SURE,FRIENDS,NO,NOT_SURE,NO,NO,NO,NO,NOT_SURE,NOT_SURE,NO,NOT_SURE,NEVER,NEVER,SOMETIMES,NEVER,NEVER,FRIENDS,SOMETIMES,NOT_SURE,NO,FRIENDS_OF_FRIENDS,NEVER,OLD,SOMETIMES,YES,FRIENDS,NO,FRIENDS,YES,SMS,NEVER,YES,YES,OLD,NOT_SURE,SOMETIMES,OLD,YES,SOMETIMES,SOMETIMES,NEVER,YES,NOT_SURE,NO,YES,NOT_SURE,RECENT,OLD,NOT_SURE,YES,SOMETIMES,34.5,14.0,19.2,39.4,29.7,15.0,22.1,41.8,15.5,32.8,25,MODERATE
SYN-01125,Student,2026-01-02,FRIENDS,NOT_SURE,PUBLIC,YES,YES,NO,NOT_SURE,NOT_SURE,NO,NO,NOT_SURE,NOT_SURE,NO,OFTEN,NOT_SURE,OFTEN,SOMETIMES,SOMETIMES,FRIENDS,SOMETIMES,SOMETIMES,YES,APPROVAL,SOMETIMES,OLD,SOMETIMES,NOT_SURE,FRIENDS,NOT_SURE,FRIENDS,NOT_SURE,SMS,SOMETIMES,NOT_SURE,NOT_SURE,OLD,NOT_SURE,SOMETIMES,OLD,NOT_SURE,NOT_SURE,SOMETIMES,OFTEN,SOMETIMES,SOMETIMES,NO,SOMETIMES,SOMETIMES,OLD,NOT_SURE,YES,NOT_SURE,SOMETIMES,72.5,28.0,64.8,58.3,41.7,50.7,62.9,62.9,49.7,73.2,55,HIGH
SYN-01126,Job Seeker,2026-06-03,PRIVATE,NOT_SURE,PRIVATE,NO,NO,NO,NO,NOT_SURE,NO,NO,NO,NO,NO,NEVER,SOMETIMES,NEVER,SOMETIMES,NOT_SURE,PRIVATE,NEVER,NEVER,NOT_SURE,FRIENDS_OF_FRIENDS,NEVER,RECENT,YES,YES,NO_ONE,NO,FRIENDS,YES,APP_OR_KEY,NEVER,YES,YES,RECENT,YES,YES,OLD,SOMETIMES,YES,NEVER,NEVER,YES,NEVER,NO,YES,SOMETIMES,RECENT,RECENT,NO,SOMETIMES,NEVER,12.0,8.0,25.2,10.0,12.0,5.0,0.0,31.2,6.2,7.5,11,LOW
SYN-01127,Professional,2026-09-20,FRIENDS,NO,PUBLIC,NOT_SURE,YES,NO,NO,NO,NOT_SURE,NO,NOT_SURE,NOT_SURE,NOT_SURE,SOMETIMES,NOT_SURE,SOMETIMES,OFTEN,SOMETIMES,PUBLIC,SOMETIMES,SOMETIMES,YES,FRIENDS_OF_FRIENDS,SOMETIMES,OLD,SOMETIMES,NO,FRIENDS,NOT_SURE,FRIENDS,YES,NOT_SURE,OFTEN,NO,NO,OLD,NOT_SURE,SOMETIMES,OLD,NOT_SURE,NOT_SURE,SOMETIMES,SOMETIMES,SOMETIMES,OFTEN,NOT_SURE,SOMETIMES,SOMETIMES,OLD,OLD,YES,SOMETIMES,OFTEN,52.5,24.0,64.8,80.0,53.7,61.4,63.2,62.9,63.1,70.0,57,HIGH
SYN-01128,Student,2026-09-26,FRIENDS,NO,FRIENDS,NO,NOT_SURE,NOT_SURE,NO,NOT_SURE,NO,NOT_SURE,NO,NOT_SURE,YES,NEVER,SOMETIMES,SOMETIMES,SOMETIMES,SOMETIMES,FRIENDS,SOMETIMES,NOT_SURE,NO,FRIENDS_OF_FRIENDS,NEVER,RECENT,YES,NOT_SURE,FRIENDS,YES,FRIENDS,YES,APP_OR_KEY,SOMETIMES,NO,NOT_SURE,OLD,YES,YES,NEVER,NO,SOMETIMES,OFTEN,NOT_SURE,SOMETIMES,SOMETIMES,NO,SOMETIMES,SOMETIMES,NOT_SURE,OLD,NOT_SURE,NO,SOMETIMES,22.5,34.0,52.0,39.4,12.0,61.4,32.4,88.2,41.0,67.8,40,MODERATE
SYN-01129,SMB Owner,2026-01-30,FRIENDS,NOT_SURE,FRIENDS,NO,NO,NO,NO,NO,NO,NO,NOT_SURE,NO,NOT_SURE,NEVER,NEVER,SOMETIMES,NEVER,SOMETIMES,FRIENDS,SOMETIMES,NEVER,NO,FRIENDS_OF_FRIENDS,SOMETIMES,OLD,SOMETIMES,NO,ANYONE,NO,FRIENDS,YES,SMS,NEVER,NOT_SURE,NOT_SURE,OLD,YES,SOMETIMES,NEVER,YES,SOMETIMES,SOMETIMES,NOT_SURE,YES,SOMETIMES,NO,SOMETIMES,SOMETIMES,OLD,OLD,NO,SOMETIMES,NOT_SURE,29.5,6.0,26.4,28.3,53.7,69.3,27.9,57.6,34.1,42.5,32,MODERATE
SYN-01130,Student,2026-03-10,FRIENDS,YES,PUBLIC,YES,NOT_SURE,NOT_SURE,YES,YES,NOT_SURE,NOT_SURE,NOT_SURE,NOT_SURE,YES,SOMETIMES,OFTEN,SOMETIMES,OFTEN,OFTEN,PUBLIC,SOMETIMES,SOMETIMES,NOT_SURE,EVERYONE,OFTEN,NEVER,NOT_SURE,NOT_SURE,ANYONE,YES,FRIENDS,NO,NONE,OFTEN,NO,NOT_SURE,OLD,NOT_SURE,NOT_SURE,NEVER,SOMETIMES,NO,OFTEN,SOMETIMES,NO,OFTEN,NOT_SURE,SOMETIMES,SOMETIMES,NEVER,NOT_SURE,YES,NO,SOMETIMES,75.5,70.7,84.0,73.3,96.0,80.0,87.1,88.2,70.0,89.0,81,CRITICAL
SYN-01131,Educator,2026-08-06,FRIENDS,NOT_SURE,FRIENDS,YES,NOT_SURE,NO,NO,NO,NO,NOT_SURE,NO,NO,NO,NOT_SURE,NEVER,NEVER,NEVER,NEVER,PRIVATE,NOT_SURE,NEVER,NO,FRIENDS_OF_FRIENDS,SOMETIMES,OLD,SOMETIMES,YES,FRIENDS,NO,FRIENDS,NOT_SURE,SMS,NEVER,YES,NOT_SURE,OLD,YES,SOMETIMES,OLD,YES,YES,NEVER,NEVER,YES,NEVER,NO,YES,NEVER,OLD,OLD,NO,SOMETIMES,OFTEN,54.5,8.0,12.0,13.9,53.7,15.0,37.6,19.4,0.0,50.0,25,MODERATE
SYN-01132,SMB Owner,2026-05-05,FRIENDS,NOT_SURE,FRIENDS,NO,NOT_SURE,NO,NOT_SURE,NOT_SURE,NOT_SURE,NOT_SURE,NO,YES,NO,SOMETIMES,SOMETIMES,SOMETIMES,OFTEN,SOMETIMES,FRIENDS,SOMETIMES,SOMETIMES,NOT_SURE,EVERYONE,NOT_SURE,OLD,YES,NO,ANYONE,YES,NO_ONE,NOT_SURE,SMS,NOT_SURE,NOT_SURE,NO,NOT_SURE,NOT_SURE,NOT_SURE,OLD,NO,SOMETIMES,OFTEN,NOT_SURE,SOMETIMES,NOT_SURE,NO,SOMETIMES,SOMETIMES,NEVER,OLD,NOT_SURE,NO,SOMETIMES,34.5,46.0,56.8,51.7,57.7,85.7,68.1,72.4,39.0,72.8,55,HIGH
SYN-01133,SMB Owner,2026-02-11,FRIENDS,NOT_SURE,FRIENDS,NOT_SURE,YES,NOT_SURE,YES,YES,YES,YES,NOT_SURE,NOT_SURE,YES,SOMETIMES,OFTEN,SOMETIMES,OFTEN,SOMETIMES,FRIENDS,SOMETIMES,NOT_SURE,NOT_SURE,EVERYONE,SOMETIMES,NEVER,NOT_SURE,NO,ANYONE,YES,FRIENDS,NOT_SURE,SMS,SOMETIMES,NO,NO,NEVER,NOT_SURE,SOMETIMES,NEVER,NOT_SURE,NO,OFTEN,OFTEN,NOT_SURE,SOMETIMES,NOT_SURE,SOMETIMES,OFTEN,NEVER,NEVER,YES,NO,SOMETIMES,51.5,84.0,79.2,49.4,80.0,90.7,72.5,92.9,68.6,94.0,74,CRITICAL
SYN-01134,Student,2026-03-11,PRIVATE,NO,PRIVATE,NOT_SURE,YES,NOT_SURE,NO,NO,NO,NOT_SURE,YES,NOT_SURE,NOT_SURE,SOMETIMES,SOMETIMES,NOT_SURE,SOMETIMES,SOMETIMES,FRIENDS,SOMETIMES,NOT_SURE,YES,FRIENDS_OF_FRIENDS,SOMETIMES,OLD,SOMETIMES,NO,FRIENDS,NO,FRIENDS,YES,SMS,SOMETIMES,NOT_SURE,NO,NEVER,NOT_SURE,NOT_SURE,OLD,SOMETIMES,NO,SOMETIMES,NEVER,SOMETIMES,SOMETIMES,NO,SOMETIMES,SOMETIMES,OLD,NEVER,YES,SOMETIMES,NEVER,22.0,36.0,58.4,56.1,53.7,50.7,56.1,65.3,32.4,66.2,48,HIGH
SYN-01135,Job Seeker,2026-01-05,FRIENDS,YES,PUBLIC,NOT_SURE,NOT_SURE,NO,NOT_SURE,NOT_SURE,NO,NO,NOT_SURE,YES,NOT_SURE,SOMETIMES,NEVER,SOMETIMES,OFTEN,OFTEN,PUBLIC,SOMETIMES,OFTEN,NOT_SURE,FRIENDS_OF_FRIENDS,SOMETIMES,OLD,SOMETIMES,NOT_SURE,ANYONE,NOT_SURE,FRIENDS,NOT_SURE,APP_OR_KEY,SOMETIMES,NOT_SURE,NO,OLD,NOT_SURE,SOMETIMES,NEVER,SOMETIMES,SOMETIMES,NEVER,NOT_SURE,NOT_SURE,SOMETIMES,NO,NOT_SURE,NOT_SURE,OLD,OLD,NOT_SURE,SOMETIMES,OFTEN,67.5,32.0,61.6,82.2,53.7,69.3,60.7,58.8,45.5,60.0,57,HIGH
SYN-01136,Professional,2026-08-28,PUBLIC,NOT_SURE,FRIENDS,YES,YES,NOT_SURE,YES,YES,NOT_SURE,NOT_SURE,YES,YES,YES,OFTEN,SOMETIMES,OFTEN,SOMETIMES,SOMETIMES,PUBLIC,OFTEN,SOMETIMES,NOT_SURE,FRIENDS_OF_FRIENDS,OFTEN,OLD,NOT_SURE,NO,ANYONE,YES,ANYONE,NO,NONE,OFTEN,NO,NO,NEVER,NO,NO,NEVER,SOMETIMES,NO,SOMETIMES,OFTEN,NO,OFTEN,NOT_SURE,NO,SOMETIMES,NEVER,NOT_SURE,YES,NO,SOMETIMES,79.0,78.7,82.4,84.4,72.3,100.0,100.0,81.2,83.8,89.0,85,CRITICAL
SYN-01137,Professional,2025-12-06,FRIENDS,NOT_SURE,FRIENDS,NO,NOT_SURE,YES,NOT_SURE,NO,NO,NOT_SURE,NOT_SURE,NOT_SURE,NOT_SURE,NEVER,SOMETIMES,NEVER,SOMETIMES,SOMETIMES,PRIVATE,NEVER,NEVER,YES,FRIENDS_OF_FRIENDS,SOMETIMES,RECENT,SOMETIMES,NO,FRIENDS,NOT_SURE,NO_ONE,NOT_SURE,SMS,SOMETIMES,NOT_SURE,NOT_SURE,RECENT,YES,SOMETIMES,RECENT,NO,YES,NOT_SURE,SOMETIMES,SOMETIMES,SOMETIMES,NO,NOT_SURE,SOMETIMES,OLD,OLD,NOT_SURE,SOMETIMES,NEVER,34.5,48.0,36.0,16.7,42.7,56.4,50.6,32.4,45.5,45.0,41,HIGH
SYN-01138,Professional,2026-02-04,FRIENDS,NO,FRIENDS,NOT_SURE,NO,NO,NO,NOT_SURE,NO,NOT_SURE,NOT_SURE,NOT_SURE,NOT_SURE,SOMETIMES,SOMETIMES,SOMETIMES,NEVER,SOMETIMES,PRIVATE,SOMETIMES,NOT_SURE,NO,APPROVAL,SOMETIMES,RECENT,NO,YES,ANYONE,NO,FRIENDS,NOT_SURE,APP_OR_KEY,NOT_SURE,NOT_SURE,NOT_SURE,OLD,YES,SOMETIMES,OLD,SOMETIMES,SOMETIMES,NEVER,SOMETIMES,NOT_SURE,NEVER,NOT_SURE,SOMETIMES,NOT_SURE,OLD,OLD,YES,SOMETIMES,NOT_SURE,29.5,28.0,50.4,27.8,37.3,33.6,47.6,42.9,44.1,62.5,40,MODERATE
SYN-01139,Student,2025-10-14,FRIENDS,NOT_SURE,PUBLIC,YES,YES,NO,NOT_SURE,YES,NOT_SURE,NOT_SURE,YES,YES,YES,SOMETIMES,SOMETIMES,SOMETIMES,NOT_SURE,SOMETIMES,PUBLIC,NOT_SURE,NOT_SURE,NOT_SURE,EVERYONE,SOMETIMES,NOT_SURE,SOMETIMES,NOT_SURE,ANYONE,YES,ANYONE,NO,NONE,NEVER,NOT_SURE,NO,OLD,NOT_SURE,SOMETIMES,NEVER,NOT_SURE,SOMETIMES,SOMETIMES,NOT_SURE,NOT_SURE,SOMETIMES,NO,NOT_SURE,SOMETIMES,OLD,OLD,NOT_SURE,NO,NOT_SURE,72.5,61.3,64.8,68.3,73.3,89.3,66.8,74.1,46.6,60.0,66,HIGH
SYN-01140,Student,2026-06-30,PUBLIC,NOT_SURE,PUBLIC,NOT_SURE,NOT_SURE,NOT_SURE,NOT_SURE,NOT_SURE,NOT_SURE,NOT_SURE,NOT_SURE,YES,NOT_SURE,NOT_SURE,NOT_SURE,OFTEN,NOT_SURE,NOT_SURE,FRIENDS,SOMETIMES,SOMETIMES,NO,FRIENDS_OF_FRIENDS,SOMETIMES,OLD,NO,NOT_SURE,ANYONE,NOT_SURE,FRIENDS,NOT_SURE,SMS,SOMETIMES,NO,NO,NOT_SURE,NOT_SURE,NOT_SURE,OLD,SOMETIMES,NOT_SURE,NOT_SURE,SOMETIMES,SOMETIMES,SOMETIMES,NO,SOMETIMES,SOMETIMES,NEVER,OLD,NOT_SURE,NO,NOT_SURE,79.0,64.0,59.6,41.7,60.3,69.3,72.5,56.5,42.8,71.2,62,HIGH
SYN-01141,Student,2025-10-26,PRIVATE,NO,FRIENDS,YES,NO,NOT_SURE,NOT_SURE,NO,NO,NOT_SURE,NOT_SURE,NO,NOT_SURE,SOMETIMES,OFTEN,SOMETIMES,OFTEN,SOMETIMES,FRIENDS,SOMETIMES,NOT_SURE,NOT_SURE,FRIENDS_OF_FRIENDS,NOT_SURE,OLD,SOMETIMES,NOT_SURE,FRIENDS,NOT_SURE,FRIENDS,NO,NONE,NOT_SURE,NOT_SURE,NO,OLD,NOT_SURE,SOMETIMES,OLD,YES,SOMETIMES,SOMETIMES,NOT_SURE,SOMETIMES,NOT_SURE,NO,YES,SOMETIMES,NEVER,OLD,NO,SOMETIMES,SOMETIMES,27.0,34.0,72.8,49.4,49.7,50.7,76.5,41.8,32.1,55.2,51,HIGH
SYN-01142,Student,2026-02-12,FRIENDS,NOT_SURE,FRIENDS,NO,YES,NO,NOT_SURE,NO,NO,NOT_SURE,NOT_SURE,NO,NOT_SURE,SOMETIMES,SOMETIMES,NEVER,NOT_SURE,NEVER,FRIENDS,SOMETIMES,NEVER,NO,FRIENDS_OF_FRIENDS,SOMETIMES,NOT_SURE,YES,YES,FRIENDS,NO,NO_ONE,NOT_SURE,APP_OR_KEY,NEVER,YES,NO,RECENT,YES,SOMETIMES,OLD,SOMETIMES,SOMETIMES,SOMETIMES,NOT_SURE,SOMETIMES,NEVER,NO,YES,NOT_SURE,OLD,OLD,NOT_SURE,SOMETIMES,NOT_SURE,39.5,22.0,41.6,28.3,52.0,10.0,30.8,53.5,20.7,52.5,34,MODERATE
SYN-01143,Student,2026-05-20,PRIVATE,NO,FRIENDS,NOT_SURE,NO,NOT_SURE,NO,NO,NO,NO,NO,YES,NOT_SURE,NOT_SURE,NEVER,SOMETIMES,SOMETIMES,NOT_SURE,FRIENDS,NOT_SURE,NEVER,NOT_SURE,FRIENDS_OF_FRIENDS,NEVER,OLD,NOT_SURE,NOT_SURE,FRIENDS,NO,FRIENDS,NOT_SURE,APP_OR_KEY,NOT_SURE,NOT_SURE,NOT_SURE,NOT_SURE,YES,SOMETIMES,OLD,SOMETIMES,SOMETIMES,SOMETIMES,SOMETIMES,SOMETIMES,SOMETIMES,NO,SOMETIMES,SOMETIMES,RECENT,OLD,YES,NOT_SURE,SOMETIMES,19.0,22.0,46.8,35.6,32.3,40.0,49.7,53.5,42.8,53.2,38,MODERATE
SYN-01144,Student,2025-11-29,FRIENDS,NO,FRIENDS,NOT_SURE,NOT_SURE,NO,NO,NO,NO,NOT_SURE,NO,NO,NO,SOMETIMES,NEVER,NEVER,NEVER,SOMETIMES,FRIENDS,SOMETIMES,SOMETIMES,NOT_SURE,FRIENDS_OF_FRIENDS,NOT_SURE,OLD,YES,NOT_SURE,FRIENDS,YES,NO_ONE,YES,NOT_SURE,SOMETIMES,NOT_SURE,NOT_SURE,NEVER,NOT_SURE,SOMETIMES,OLD,SOMETIMES,YES,NOT_SURE,NEVER,SOMETIMES,OFTEN,NO,SOMETIMES,NOT_SURE,OLD,OLD,NOT_SURE,SOMETIMES,NOT_SURE,34.5,8.0,21.6,51.7,43.0,56.4,53.3,40.0,39.7,52.5,37,MODERATE
SYN-01145,Professional,2026-06-30,PRIVATE,NOT_SURE,FRIENDS,NOT_SURE,NOT_SURE,NO,NO,NO,NO,NO,NO,NO,NO,SOMETIMES,SOMETIMES,NEVER,NEVER,NOT_SURE,FRIENDS,NEVER,NEVER,NOT_SURE,FRIENDS_OF_FRIENDS,SOMETIMES,OLD,YES,YES,FRIENDS,NO,FRIENDS,YES,APP_OR_KEY,SOMETIMES,NOT_SURE,NOT_SURE,NOT_SURE,YES,SOMETIMES,NEVER,YES,SOMETIMES,SOMETIMES,SOMETIMES,SOMETIMES,SOMETIMES,NO,SOMETIMES,SOMETIMES,NOT_SURE,OLD,NOT_SURE,SOMETIMES,NEVER,36.0,0.0,30.0,21.7,47.0,15.0,36.1,57.6,42.8,51.2,31,MODERATE
SYN-01146,Educator,2026-05-08,PRIVATE,NO,FRIENDS,NO,NOT_SURE,NO,NO,NO,NO,NO,NOT_SURE,NOT_SURE,NO,SOMETIMES,NEVER,NEVER,NEVER,NEVER,PRIVATE,NEVER,SOMETIMES,NO,APPROVAL,NEVER,OLD,SOMETIMES,NOT_SURE,FRIENDS,NO,FRIENDS,YES,SMS,NEVER,YES,NOT_SURE,RECENT,YES,YES,NOT_SURE,YES,YES,NEVER,SOMETIMES,SOMETIMES,NOT_SURE,NO,SOMETIMES,SOMETIMES,OLD,OLD,NOT_SURE,SOMETIMES,SOMETIMES,12.0,12.0,14.4,13.3,17.7,40.0,13.3,28.2,40.7,54.0,20,LOW
SYN-01147,Professional,2025-11-13,FRIENDS,NO,FRIENDS,NO,NOT_SURE,NOT_SURE,NO,NOT_SURE,NO,NO,NO,NO,NOT_SURE,SOMETIMES,SOMETIMES,SOMETIMES,NOT_SURE,SOMETIMES,PRIVATE,NEVER,NOT_SURE,NOT_SURE,APPROVAL,SOMETIMES,OLD,YES,YES,FRIENDS,NO,FRIENDS,YES,APP_OR_KEY,NEVER,NOT_SURE,YES,OLD,NO,SOMETIMES,OLD,YES,SOMETIMES,NEVER,NEVER,NOT_SURE,SOMETIMES,NO,SOMETIMES,NOT_SURE,NOT_SURE,OLD,NO,YES,SOMETIMES,22.5,20.0,58.4,21.1,35.0,15.0,25.7,31.2,34.1,42.8,31,MODERATE
SYN-01148,Educator,2025-10-29,PUBLIC,NOT_SURE,PUBLIC,NOT_SURE,YES,NOT_SURE,YES,NOT_SURE,NOT_SURE,NOT_SURE,YES,YES,NOT_SURE,SOMETIMES,NOT_SURE,OFTEN,OFTEN,NOT_SURE,PUBLIC,SOMETIMES,SOMETIMES,YES,EVERYONE,SOMETIMES,NEVER,YES,NOT_SURE,FRIENDS,NOT_SURE,ANYONE,NOT_SURE,APP_OR_KEY,NOT_SURE,NOT_SURE,NOT_SURE,NEVER,YES,NOT_SURE,NEVER,SOMETIMES,SOMETIMES,SOMETIMES,OFTEN,SOMETIMES,NOT_SURE,NOT_SURE,NOT_SURE,SOMETIMES,NEVER,NEVER,YES,NO,SOMETIMES,84.0,73.3,70.0,80.0,70.7,60.0,53.1,69.4,62.4,94.0,70,HIGH
SYN-01149,Professional,2026-08-19,PRIVATE,NO,FRIENDS,NO,NO,NOT_SURE,NO,NOT_SURE,NO,NOT_SURE,NO,NOT_SURE,NOT_SURE,NEVER,NEVER,NEVER,SOMETIMES,SOMETIMES,FRIENDS,SOMETIMES,SOMETIMES,NO,FRIENDS_OF_FRIENDS,SOMETIMES,RECENT,YES,NOT_SURE,FRIENDS,NOT_SURE,FRIENDS,NOT_SURE,SMS,NOT_SURE,NOT_SURE,NOT_SURE,OLD,YES,NOT_SURE,NOT_SURE,SOMETIMES,SOMETIMES,SOMETIMES,NOT_SURE,SOMETIMES,SOMETIMES,NO,SOMETIMES,SOMETIMES,NEVER,OLD,NO,SOMETIMES,SOMETIMES,7.0,34.0,26.4,41.7,36.0,50.7,54.9,62.4,41.0,55.2,38,MODERATE
SYN-01150,Professional,2026-09-11,FRIENDS,NO,FRIENDS,NO,NO,NO,NO,NO,NO,NO,NO,NO,NO,NEVER,NEVER,NEVER,SOMETIMES,NEVER,PRIVATE,NEVER,NEVER,NO,APPROVAL,NEVER,RECENT,YES,YES,NO_ONE,NO,NO_ONE,YES,APP_OR_KEY,NOT_SURE,YES,YES,OLD,YES,SOMETIMES,OLD,SOMETIMES,NOT_SURE,NEVER,NOT_SURE,SOMETIMES,NEVER,NO,YES,NEVER,RECENT,OLD,NOT_SURE,SOMETIMES,NEVER,17.5,0.0,9.6,0.0,0.0,0.0,18.5,47.6,15.5,31.2,11,LOW
SYN-01151,Professional,2026-04-15,PUBLIC,NOT_SURE,PUBLIC,YES,YES,NOT_SURE,NOT_SURE,YES,NOT_SURE,YES,NOT_SURE,YES,YES,OFTEN,SOMETIMES,SOMETIMES,SOMETIMES,OFTEN,PUBLIC,SOMETIMES,SOMETIMES,YES,EVERYONE,OFTEN,NOT_SURE,NO,NO,ANYONE,YES,FRIENDS,NO,NONE,NOT_SURE,NO,NO,NEVER,NOT_SURE,NO,NEVER,SOMETIMES,NO,OFTEN,OFTEN,NO,OFTEN,YES,NO,OFTEN,NEVER,NEVER,YES,SOMETIMES,SOMETIMES,92.0,74.7,80.8,80.0,96.0,90.7,86.9,88.2,100.0,86.5,86,CRITICAL
SYN-01152,Educator,2025-11-07,FRIENDS,NOT_SURE,PRIVATE,NO,NO,YES,NOT_SURE,NO,NO,NO,NOT_SURE,NOT_SURE,NO,NOT_SURE,NOT_SURE,NEVER,NEVER,NOT_SURE,PRIVATE,SOMETIMES,NOT_SURE,NO,APPROVAL,SOMETIMES,RECENT,YES,YES,FRIENDS,NO,FRIENDS,NOT_SURE,APP_OR_KEY,NEVER,YES,NOT_SURE,OLD,YES,YES,NEVER,YES,SOMETIMES,NOT_SURE,NEVER,SOMETIMES,NEVER,NOT_SURE,YES,NOT_SURE,OLD,OLD,NOT_SURE,YES,SOMETIMES,22.5,40.0,26.0,27.8,24.0,15.0,27.9,55.9,24.1,46.5,30,MODERATE
SYN-01153,Job Seeker,2025-12-22,PRIVATE,NO,FRIENDS,NOT_SURE,NOT_SURE,NO,YES,NOT_SURE,NOT_SURE,NO,NO,NO,NO,NEVER,SOMETIMES,NEVER,SOMETIMES,SOMETIMES,FRIENDS,NOT_SURE,SOMETIMES,NOT_SURE,APPROVAL,SOMETIMES,OLD,SOMETIMES,NOT_SURE,FRIENDS,NO,FRIENDS,NOT_SURE,APP_OR_KEY,NOT_SURE,NOT_SURE,NOT_SURE,OLD,NOT_SURE,SOMETIMES,OLD,SOMETIMES,YES,SOMETIMES,NOT_SURE,NOT_SURE,SOMETIMES,NO,NO,NEVER,OLD,OLD,YES,NOT_SURE,NOT_SURE,24.0,33.3,26.4,48.9,41.7,40.0,55.4,41.8,44.5,65.5,41,HIGH
SYN-01154,Student,2026-04-29,FRIENDS,NOT_SURE,FRIENDS,YES,YES,NO,NO,NOT_SURE,NO,NOT_SURE,NO,NOT_SURE,NOT_SURE,SOMETIMES,SOMETIMES,SOMETIMES,SOMETIMES,SOMETIMES,FRIENDS,OFTEN,NOT_SURE,NOT_SURE,APPROVAL,SOMETIMES,RECENT,SOMETIMES,NOT_SURE,FRIENDS,NOT_SURE,FRIENDS,NOT_SURE,NOT_SURE,SOMETIMES,NO,NO,OLD,NOT_SURE,SOMETIMES,NOT_SURE,SOMETIMES,NO,NEVER,SOMETIMES,NO,NEVER,NOT_SURE,SOMETIMES,NOT_SURE,OLD,NOT_SURE,YES,NOT_SURE,SOMETIMES,59.5,22.0,60.0,60.6,30.7,50.7,71.0,63.5,48.3,73.2,52,HIGH
SYN-01155,Job Seeker,2026-03-22,FRIENDS,NO,FRIENDS,NOT_SURE,YES,YES,NOT_SURE,NOT_SURE,NO,NOT_SURE,NO,YES,NOT_SURE,SOMETIMES,NEVER,SOMETIMES,NOT_SURE,NOT_SURE,PUBLIC,NOT_SURE,SOMETIMES,YES,FRIENDS_OF_FRIENDS,SOMETIMES,OLD,NOT_SURE,NO,FRIENDS,NOT_SURE,ANYONE,NOT_SURE,SMS,SOMETIMES,YES,YES,NOT_SURE,NOT_SURE,SOMETIMES,NOT_SURE,SOMETIMES,SOMETIMES,SOMETIMES,SOMETIMES,YES,SOMETIMES,NO,NOT_SURE,OFTEN,NOT_SURE,NEVER,NO,SOMETIMES,SOMETIMES,39.5,54.0,47.6,77.2,56.3,70.7,51.4,62.4,42.8,61.5,54,HIGH
SYN-01156,Student,2026-09-13,FRIENDS,NO,FRIENDS,YES,NO,NO,NO,NO,NO,NO,NOT_SURE,NO,NOT_SURE,NOT_SURE,SOMETIMES,SOMETIMES,SOMETIMES,SOMETIMES,PRIVATE,NOT_SURE,NEVER,NOT_SURE,FRIENDS_OF_FRIENDS,NEVER,OLD,YES,NOT_SURE,FRIENDS,NOT_SURE,FRIENDS,YES,SMS,NEVER,YES,YES,NOT_SURE,YES,YES,OLD,YES,SOMETIMES,NOT_SURE,NEVER,SOMETIMES,NOT_SURE,NO,SOMETIMES,NEVER,OLD,OLD,NOT_SURE,NOT_SURE,SOMETIMES,37.5,6.0,57.6,23.9,23.0,50.7,12.2,40.0,24.1,57.0,30,MODERATE
SYN-01157,Professional,2026-08-24,PRIVATE,NOT_SURE,PUBLIC,NOT_SURE,YES,NOT_SURE,NO,NO,NO,YES,NO,NO,NOT_SURE,NOT_SURE,NOT_SURE,SOMETIMES,SOMETIMES,NEVER,FRIENDS,NOT_SURE,NOT_SURE,NO,APPROVAL,SOMETIMES,OLD,SOMETIMES,NOT_SURE,FRIENDS,NOT_SURE,FRIENDS,NOT_SURE,APP_OR_KEY,NOT_SURE,NOT_SURE,NO,NOT_SURE,NOT_SURE,SOMETIMES,OLD,SOMETIMES,SOMETIMES,NEVER,OFTEN,NO,NOT_SURE,NOT_SURE,SOMETIMES,SOMETIMES,NEVER,OLD,NOT_SURE,NO,SOMETIMES,54.0,25.3,48.8,36.7,41.7,50.7,60.8,42.9,66.6,72.8,48,HIGH
SYN-01158,Professional,2026-09-02,FRIENDS,NO,FRIENDS,NO,NOT_SURE,NOT_SURE,NOT_SURE,NOT_SURE,NO,NO,NOT_SURE,NOT_SURE,NOT_SURE,SOMETIMES,NOT_SURE,NOT_SURE,NEVER,SOMETIMES,PRIVATE,NEVER,OFTEN,NO,FRIENDS_OF_FRIENDS,NEVER,OLD,YES,NOT_SURE,FRIENDS,NOT_SURE,FRIENDS,NOT_SURE,APP_OR_KEY,OFTEN,NO,YES,OLD,NOT_SURE,YES,OLD,SOMETIMES,SOMETIMES,NEVER,SOMETIMES,SOMETIMES,NEVER,NO,NOT_SURE,SOMETIMES,NOT_SURE,OLD,NO,YES,NEVER,22.5,40.0,47.2,22.2,23.0,50.7,55.7,42.9,33.1,33.8,38,MODERATE
SYN-01159,Educator,2026-04-01,FRIENDS,NOT_SURE,FRIENDS,NO,NO,NO,NO,NOT_SURE,NO,NO,NOT_SURE,NO,NO,NOT_SURE,NEVER,NEVER,NEVER,NEVER,FRIENDS,NEVER,NEVER,NO,FRIENDS_OF_FRIENDS,SOMETIMES,OLD,SOMETIMES,NOT_SURE,FRIENDS,NO,FRIENDS,NO,NONE,NOT_SURE,NOT_SURE,NOT_SURE,NOT_SURE,YES,SOMETIMES,NEVER,SOMETIMES,SOMETIMES,NOT_SURE,NEVER,SOMETIMES,SOMETIMES,NO,SOMETIMES,NEVER,OLD,OLD,NO,NOT_SURE,SOMETIMES,29.5,14.0,12.0,11.7,53.7,40.0,67.5,67.6,26.2,47.0,34,MODERATE
SYN-01160,SMB Owner,2025-12-31,PRIVATE,NOT_SURE,FRIENDS,NO,NO,NO,NOT_SURE,NOT_SURE,NO,NO,NO,NO,NOT_SURE,OFTEN,NEVER,NOT_SURE,NEVER,NEVER,FRIENDS,NOT_SURE,NEVER,YES,APPROVAL,SOMETIMES,RECENT,SOMETIMES,NOT_SURE,NO_ONE,NO,FRIENDS,YES,APP_OR_KEY,NEVER,YES,YES,OLD,YES,YES,OLD,SOMETIMES,YES,SOMETIMES,SOMETIMES,YES,SOMETIMES,NOT_SURE,YES,NEVER,RECENT,OLD,NOT_SURE,SOMETIMES,NEVER,19.0,16.0,41.6,42.2,30.7,30.0,4.6,41.8,34.8,31.2,27,MODERATE
SYN-01161,Professional,2026-09-23,PRIVATE,NO,PRIVATE,NOT_SURE,NO,NOT_SURE,NOT_SURE,NO,NO,NOT_SURE,NO,NOT_SURE,NO,NEVER,NOT_SURE,NEVER,SOMETIMES,OFTEN,PRIVATE,SOMETIMES,SOMETIMES,NO,FRIENDS_OF_FRIENDS,NOT_SURE,OLD,SOMETIMES,YES,FRIENDS,NOT_SURE,FRIENDS,NOT_SURE,SMS,NEVER,NOT_SURE,YES,RECENT,YES,SOMETIMES,OLD,NOT_SURE,SOMETIMES,SOMETIMES,NEVER,SOMETIMES,SOMETIMES,NO,SOMETIMES,NEVER,OLD,OLD,NO,SOMETIMES,NOT_SURE,12.0,34.0,29.6,30.0,49.7,25.7,31.1,58.2,26.2,42.5,32,MODERATE
SYN-01162,SMB Owner,2026-08-12,PUBLIC,YES,PUBLIC,YES,YES,YES,NO,YES,NO,NOT_SURE,YES,NOT_SURE,YES,SOMETIMES,SOMETIMES,SOMETIMES,SOMETIMES,OFTEN,FRIENDS,SOMETIMES,OFTEN,NOT_SURE,EVERYONE,NOT_SURE,NEVER,SOMETIMES,NO,ANYONE,NOT_SURE,FRIENDS,NO,NONE,SOMETIMES,NO,NO,NEVER,NOT_SURE,NOT_SURE,NEVER,NOT_SURE,SOMETIMES,OFTEN,OFTEN,NOT_SURE,OFTEN,NOT_SURE,SOMETIMES,OFTEN,NEVER,NEVER,YES,NO,SOMETIMES,100.0,57.3,71.2,60.6,73.3,80.0,86.4,81.2,76.9,94.0,76,CRITICAL
SYN-01163,Job Seeker,2026-06-20,PRIVATE,NO,PRIVATE,NO,NO,NOT_SURE,YES,YES,NO,NO,NO,NOT_SURE,NOT_SURE,SOMETIMES,NOT_SURE,SOMETIMES,NEVER,SOMETIMES,FRIENDS,SOMETIMES,NEVER,NOT_SURE,FRIENDS_OF_FRIENDS,SOMETIMES,OLD,YES,NO,FRIENDS,NO,FRIENDS,YES,SMS,SOMETIMES,NOT_SURE,NO,OLD,YES,YES,OLD,SOMETIMES,SOMETIMES,SOMETIMES,SOMETIMES,SOMETIMES,SOMETIMES,NO,SOMETIMES,SOMETIMES,OLD,OLD,YES,SOMETIMES,NEVER,0.0,44.7,48.8,38.3,47.0,50.7,38.8,53.5,42.8,55.0,41,HIGH
SYN-01164,SMB Owner,2025-10-19,FRIENDS,YES,FRIENDS,YES,NOT_SURE,YES,YES,NOT_SURE,NO,NOT_SURE,NOT_SURE,NOT_SURE,YES,NOT_SURE,OFTEN,NOT_SURE,SOMETIMES,OFTEN,PUBLIC,SOMETIMES,SOMETIMES,NOT_SURE,EVERYONE,SOMETIMES,NOT_SURE,NOT_SURE,NO,FRIENDS,NOT_SURE,FRIENDS,NOT_SURE,SMS,OFTEN,NOT_SURE,NO,NEVER,NO,SOMETIMES,NEVER,SOMETIMES,SOMETIMES,SOMETIMES,SOMETIMES,SOMETIMES,SOMETIMES,NO,SOMETIMES,SOMETIMES,NEVER,NEVER,NOT_SURE,NOT_SURE,SOMETIMES,62.5,61.3,73.6,73.3,76.0,61.4,81.1,69.4,42.8,79.5,68,HIGH
SYN-01165,SMB Owner,2026-06-23,FRIENDS,NO,FRIENDS,NO,NO,NO,NO,NO,NO,NOT_SURE,NO,NOT_SURE,NOT_SURE,SOMETIMES,SOMETIMES,NEVER,NEVER,NEVER,FRIENDS,SOMETIMES,SOMETIMES,NOT_SURE,FRIENDS_OF_FRIENDS,NEVER,RECENT,SOMETIMES,NOT_SURE,FRIENDS,NOT_SURE,FRIENDS,NOT_SURE,APP_OR_KEY,NEVER,NOT_SURE,NOT_SURE,OLD,YES,SOMETIMES,OLD,SOMETIMES,YES,NOT_SURE,NEVER,YES,SOMETIMES,NO,SOMETIMES,SOMETIMES,OLD,OLD,NOT_SURE,SOMETIMES,SOMETIMES,17.5,14.0,33.6,51.7,18.7,50.7,37.9,40.0,25.5,54.0,31,MODERATE
SYN-01166,Student,2026-02-21,PUBLIC,NOT_SURE,FRIENDS,NOT_SURE,NOT_SURE,NO,NOT_SURE,NOT_SURE,NO,NO,NOT_SURE,NOT_SURE,NO,NEVER,SOMETIMES,NEVER,SOMETIMES,NEVER,FRIENDS,NEVER,SOMETIMES,NOT_SURE,APPROVAL,SOMETIMES,OLD,NO,NOT_SURE,ANYONE,NO,ANYONE,NOT_SURE,SMS,SOMETIMES,NOT_SURE,NOT_SURE,OLD,NOT_SURE,YES,NEVER,SOMETIMES,SOMETIMES,NOT_SURE,SOMETIMES,YES,NOT_SURE,NO,SOMETIMES,SOMETIMES,OLD,NEVER,NO,NOT_SURE,SOMETIMES,66.0,28.0,19.2,35.0,48.3,67.9,58.8,67.6,33.8,58.2,44,HIGH
SYN-01167,Job Seeker,2026-01-02,FRIENDS,NOT_SURE,FRIENDS,NOT_SURE,NO,NO,NO,NO,NO,NO,NOT_SURE,NO,NO,NEVER,NEVER,SOMETIMES,NEVER,NOT_SURE,FRIENDS,SOMETIMES,SOMETIMES,NO,FRIENDS_OF_FRIENDS,NEVER,RECENT,YES,NOT_SURE,FRIENDS,NO,FRIENDS,YES,APP_OR_KEY,NEVER,YES,YES,NOT_SURE,YES,YES,OLD,SOMETIMES,YES,NEVER,NEVER,YES,NOT_SURE,NO,YES,NEVER,OLD,OLD,NO,SOMETIMES,SOMETIMES,41.5,6.0,15.6,41.7,12.0,40.0,6.7,31.2,10.3,44.0,21,MODERATE
SYN-01168,Professional,2026-03-16,PRIVATE,NO,FRIENDS,NO,NO,NO,NO,NO,NO,NO,NO,NO,NO,NEVER,NEVER,NEVER,NEVER,NEVER,PRIVATE,NEVER,NEVER,NO,APPROVAL,NEVER,RECENT,YES,YES,FRIENDS,NO,NO_ONE,YES,APP_OR_KEY,NEVER,YES,YES,RECENT,YES,SOMETIMES,RECENT,YES,YES,NEVER,NEVER,SOMETIMES,NEVER,NO,YES,NEVER,OLD,RECENT,NO,YES,NEVER,7.0,0.0,0.0,0.0,0.0,10.0,4.2,0.0,6.9,13.8,3,LOW
SYN-01169,Educator,2025-11-22,FRIENDS,NOT_SURE,PUBLIC,NOT_SURE,YES,NOT_SURE,YES,YES,NO,NO,NOT_SURE,NOT_SURE,NOT_SURE,SOMETIMES,SOMETIMES,SOMETIMES,SOMETIMES,NOT_SURE,FRIENDS,NEVER,SOMETIMES,NOT_SURE,FRIENDS_OF_FRIENDS,SOMETIMES,OLD,SOMETIMES,NOT_SURE,FRIENDS,NOT_SURE,ANYONE,NOT_SURE,SMS,SOMETIMES,NOT_SURE,NO,NEVER,YES,SOMETIMES,NEVER,NO,NOT_SURE,SOMETIMES,SOMETIMES,NOT_SURE,SOMETIMES,NO,SOMETIMES,SOMETIMES,OLD,NEVER,NOT_SURE,NO,NOT_SURE,64.5,50.7,58.8,35.0,53.7,60.0,62.2,85.9,45.5,71.2,56,HIGH
SYN-01170,Professional,2025-11-17,PUBLIC,YES,PUBLIC,NOT_SURE,YES,NOT_SURE,NOT_SURE,YES,NO,YES,YES,YES,NO,SOMETIMES,OFTEN,OFTEN,SOMETIMES,NOT_SURE,FRIENDS,SOMETIMES,SOMETIMES,YES,FRIENDS_OF_FRIENDS,OFTEN,NOT_SURE,NOT_SURE,NOT_SURE,ANYONE,YES,FRIENDS,NO,NONE,SOMETIMES,YES,NOT_SURE,NOT_SURE,NO,NO,NOT_SURE,NO,NO,OFTEN,OFTEN,SOMETIMES,OFTEN,NOT_SURE,SOMETIMES,SOMETIMES,NOT_SURE,NOT_SURE,NOT_SURE,NO,NOT_SURE,92.0,66.7,62.0,58.3,77.3,80.0,78.9,92.9,70.0,72.5,73,CRITICAL
SYN-01171,Student,2026-08-12,FRIENDS,NOT_SURE,FRIENDS,NO,NOT_SURE,NO,NO,YES,NO,NO,NO,NOT_SURE,NOT_SURE,NEVER,SOMETIMES,NOT_SURE,NOT_SURE,NEVER,PUBLIC,NOT_SURE,SOMETIMES,NO,FRIENDS_OF_FRIENDS,SOMETIMES,OLD,SOMETIMES,YES,FRIENDS,NOT_SURE,NO_ONE,YES,SMS,SOMETIMES,YES,YES,OLD,YES,SOMETIMES,OLD,SOMETIMES,SOMETIMES,SOMETIMES,SOMETIMES,NOT_SURE,SOMETIMES,NO,SOMETIMES,SOMETIMES,OLD,OLD,NOT_SURE,YES,SOMETIMES,34.5,19.3,35.2,60.6,53.7,20.7,26.0,53.5,45.5,46.5,38,MODERATE
SYN-01172,Student,2026-01-11,FRIENDS,YES,FRIENDS,YES,YES,YES,YES,YES,NOT_SURE,YES,NOT_SURE,YES,NOT_SURE,OFTEN,OFTEN,OFTEN,NOT_SURE,SOMETIMES,PUBLIC,SOMETIMES,NOT_SURE,NOT_SURE,EVERYONE,SOMETIMES,OLD,SOMETIMES,NO,FRIENDS,YES,ANYONE,NO,NONE,OFTEN,NOT_SURE,NOT_SURE,NEVER,NOT_SURE,SOMETIMES,OLD,SOMETIMES,SOMETIMES,NOT_SURE,SOMETIMES,NO,OFTEN,NOT_SURE,SOMETIMES,SOMETIMES,NEVER,OLD,YES,NO,SOMETIMES,67.5,88.0,80.8,71.1,68.3,81.4,86.7,51.8,70.0,82.8,77,CRITICAL
SYN-01173,Educator,2026-08-09,FRIENDS,NO,FRIENDS,NOT_SURE,NOT_SURE,NO,YES,NO,NO,NO,NO,NO,NOT_SURE,SOMETIMES,NEVER,NEVER,NEVER,SOMETIMES,FRIENDS,NEVER,SOMETIMES,NO,APPROVAL,NEVER,RECENT,SOMETIMES,NOT_SURE,FRIENDS,YES,NO_ONE,YES,SMS,SOMETIMES,YES,NOT_SURE,RECENT,YES,SOMETIMES,NOT_SURE,SOMETIMES,SOMETIMES,NEVER,SOMETIMES,YES,SOMETIMES,NO,YES,NOT_SURE,OLD,OLD,NOT_SURE,SOMETIMES,NEVER,34.5,13.3,31.2,25.0,6.7,56.4,29.2,51.8,27.9,45.0,28,MODERATE
SYN-01174,SMB Owner,2026-08-28,FRIENDS,NOT_SURE,PUBLIC,YES,NO,NO,NOT_SURE,NOT_SURE,NO,YES,YES,NOT_SURE,YES,SOMETIMES,SOMETIMES,OFTEN,SOMETIMES,SOMETIMES,PUBLIC,OFTEN,SOMETIMES,NOT_SURE,APPROVAL,NOT_SURE,OLD,NOT_SURE,NO,FRIENDS,NOT_SURE,ANYONE,NOT_SURE,NOT_SURE,SOMETIMES,NOT_SURE,NO,OLD,NOT_SURE,SOMETIMES,NEVER,SOMETIMES,SOMETIMES,SOMETIMES,NOT_SURE,SOMETIMES,NOT_SURE,NO,SOMETIMES,SOMETIMES,NEVER,OLD,YES,NOT_SURE,SOMETIMES,62.5,45.3,72.8,84.4,40.3,70.7,68.5,69.4,39.0,78.2,62,HIGH
SYN-01175,Student,2026-09-22,FRIENDS,NOT_SURE,PUBLIC,YES,NOT_SURE,NOT_SURE,NO,NOT_SURE,YES,YES,NOT_SURE,YES,NOT_SURE,OFTEN,SOMETIMES,SOMETIMES,SOMETIMES,NOT_SURE,PUBLIC,SOMETIMES,NOT_SURE,NOT_SURE,FRIENDS_OF_FRIENDS,SOMETIMES,NEVER,NOT_SURE,NOT_SURE,FRIENDS,NOT_SURE,FRIENDS,NO,NONE,NOT_SURE,YES,NO,NOT_SURE,NO,SOMETIMES,NEVER,NOT_SURE,SOMETIMES,SOMETIMES,NEVER,NOT_SURE,NEVER,NO,SOMETIMES,SOMETIMES,NEVER,NOT_SURE,NOT_SURE,NOT_SURE,SOMETIMES,67.5,69.3,68.4,71.1,65.3,50.7,76.1,74.1,22.8,74.5,65,HIGH
SYN-01176,Student,2026-09-19,FRIENDS,NOT_SURE,PUBLIC,NOT_SURE,NOT_SURE,NOT_SURE,NOT_SURE,YES,NOT_SURE,NOT_SURE,YES,YES,NOT_SURE,SOMETIMES,NEVER,SOMETIMES,NOT_SURE,SOMETIMES,FRIENDS,NOT_SURE,SOMETIMES,NOT_SURE,APPROVAL,SOMETIMES,OLD,YES,NO,FRIENDS,NO,ANYONE,NOT_SURE,NOT_SURE,SOMETIMES,NOT_SURE,NO,NEVER,NOT_SURE,SOMETIMES,OLD,YES,SOMETIMES,OFTEN,SOMETIMES,SOMETIMES,NOT_SURE,NO,SOMETIMES,SOMETIMES,OLD,NOT_SURE,NOT_SURE,SOMETIMES,SOMETIMES,59.5,73.3,48.8,48.9,35.0,60.0,72.2,48.8,40.7,60.2,56,HIGH
SYN-01177,Student,2026-07-18,FRIENDS,YES,FRIENDS,NOT_SURE,NOT_SURE,NOT_SURE,NOT_SURE,NO,NO,NOT_SURE,NO,YES,NOT_SURE,SOMETIMES,SOMETIMES,NEVER,NOT_SURE,SOMETIMES,FRIENDS,SOMETIMES,NEVER,NO,FRIENDS_OF_FRIENDS,NOT_SURE,OLD,NOT_SURE,YES,FRIENDS,NOT_SURE,FRIENDS,NO,NONE,NEVER,NOT_SURE,NOT_SURE,OLD,YES,SOMETIMES,NOT_SURE,SOMETIMES,SOMETIMES,NEVER,SOMETIMES,NOT_SURE,SOMETIMES,NO,SOMETIMES,NOT_SURE,OLD,OLD,NOT_SURE,SOMETIMES,NEVER,54.5,38.0,48.8,28.3,52.3,25.7,55.7,51.8,44.5,45.0,45,HIGH
SYN-01178,Student,2026-06-30,FRIENDS,NO,PRIVATE,NOT_SURE,NO,NO,NO,NOT_SURE,NO,NOT_SURE,NO,NOT_SURE,NOT_SURE,SOMETIMES,NOT_SURE,NOT_SURE,NOT_SURE,NEVER,FRIENDS,NEVER,SOMETIMES,NOT_SURE,APPROVAL,NOT_SURE,RECENT,SOMETIMES,YES,FRIENDS,NOT_SURE,FRIENDS,YES,SMS,NOT_SURE,NOT_SURE,NOT_SURE,NEVER,YES,SOMETIMES,OLD,SOMETIMES,YES,SOMETIMES,NEVER,YES,NEVER,NO,SOMETIMES,SOMETIMES,OLD,OLD,NOT_SURE,NOT_SURE,SOMETIMES,22.5,22.0,48.0,35.0,26.7,25.7,41.4,41.8,13.1,57.0,33,MODERATE
SYN-01179,Job Seeker,2026-06-13,PRIVATE,NO,PRIVATE,NO,NOT_SURE,NO,NO,NO,NO,NO,NO,NO,NO,NEVER,NOT_SURE,SOMETIMES,NEVER,NEVER,PRIVATE,NEVER,NEVER,NO,APPROVAL,NEVER,RECENT,YES,YES,FRIENDS,NO,NO_ONE,YES,APP_OR_KEY,NEVER,YES,YES,OLD,YES,YES,RECENT,YES,YES,NEVER,NEVER,YES,NEVER,NO,YES,NEVER,RECENT,OLD,NO,SOMETIMES,NEVER,5.0,0.0,17.6,0.0,0.0,10.0,4.6,0.0,0.0,21.2,5,LOW
SYN-01180,Professional,2025-11-13,PRIVATE,NO,FRIENDS,NO,NOT_SURE,NO,NOT_SURE,NO,NO,NO,NO,NO,NO,SOMETIMES,NEVER,NEVER,NEVER,SOMETIMES,FRIENDS,NEVER,NEVER,NO,FRIENDS_OF_FRIENDS,NEVER,RECENT,SOMETIMES,YES,NO_ONE,NO,FRIENDS,NO,NONE,NEVER,NOT_SURE,NOT_SURE,NEVER,NOT_SURE,SOMETIMES,OLD,YES,SOMETIMES,SOMETIMES,NEVER,YES,NEVER,NO,YES,SOMETIMES,OLD,RECENT,NOT_SURE,NOT_SURE,NEVER,12.0,8.0,21.6,11.7,18.7,5.0,67.2,41.8,6.2,34.2,23,MODERATE
SYN-01181,Student,2026-05-29,PRIVATE,NOT_SURE,FRIENDS,NOT_SURE,NO,NO,NOT_SURE,NOT_SURE,NOT_SURE,YES,YES,NOT_SURE,NOT_SURE,OFTEN,OFTEN,SOMETIMES,SOMETIMES,SOMETIMES,FRIENDS,NOT_SURE,SOMETIMES,NOT_SURE,FRIENDS_OF_FRIENDS,SOMETIMES,OLD,SOMETIMES,NOT_SURE,ANYONE,NOT_SURE,FRIENDS,YES,SMS,OFTEN,YES,NOT_SURE,OLD,NO,SOMETIMES,NEVER,SOMETIMES,SOMETIMES,SOMETIMES,NEVER,YES,NOT_SURE,NO,SOMETIMES,NEVER,NEVER,NOT_SURE,NOT_SURE,NO,SOMETIMES,31.0,57.3,76.0,48.9,53.7,69.3,52.6,69.4,17.2,79.0,54,HIGH
SYN-01182,Student,2025-10-13,FRIENDS,YES,PUBLIC,YES,YES,YES,NOT_SURE,YES,NOT_SURE,YES,YES,YES,NOT_SURE,NOT_SURE,SOMETIMES,OFTEN,OFTEN,SOMETIMES,PUBLIC,SOMETIMES,SOMETIMES,NOT_SURE,EVERYONE,OFTEN,OLD,SOMETIMES,NO,ANYONE,NOT_SURE,FRIENDS,NO,NONE,OFTEN,NO,NO,NOT_SURE,YES,SOMETIMES,NEVER,SOMETIMES,SOMETIMES,SOMETIMES,NOT_SURE,NOT_SURE,OFTEN,NOT_SURE,SOMETIMES,SOMETIMES,NEVER,NOT_SURE,YES,NO,SOMETIMES,80.5,86.7,70.4,73.3,84.3,80.0,83.1,69.4,64.1,89.0,78,CRITICAL
SYN-01183,Job Seeker,2026-03-31,FRIENDS,NOT_SURE,FRIENDS,NOT_SURE,NOT_SURE,NOT_SURE,NOT_SURE,NOT_SURE,NO,NOT_SURE,NOT_SURE,NOT_SURE,NO,SOMETIMES,SOMETIMES,NEVER,SOMETIMES,NOT_SURE,FRIENDS,NEVER,NEVER,YES,EVERYONE,NOT_SURE,OLD,NO,NOT_SURE,NO_ONE,NO,FRIENDS,YES,SMS,OFTEN,NOT_SURE,NOT_SURE,OLD,NO,SOMETIMES,NEVER,YES,SOMETIMES,SOMETIMES,NOT_SURE,SOMETIMES,SOMETIMES,NO,SOMETIMES,NOT_SURE,NOT_SURE,NOT_SURE,NOT_SURE,SOMETIMES,SOMETIMES,46.5,48.0,39.6,28.3,71.0,30.0,58.5,57.6,40.0,66.5,48,HIGH
SYN-01184,Student,2026-01-25,FRIENDS,NOT_SURE,FRIENDS,NO,NO,NO,NO,NO,NO,NO,NO,NO,NO,NEVER,NEVER,NEVER,NEVER,NOT_SURE,PRIVATE,NOT_SURE,SOMETIMES,NOT_SURE,FRIENDS_OF_FRIENDS,NEVER,RECENT,YES,NOT_SURE,NO_ONE,NOT_SURE,NO_ONE,YES,SMS,SOMETIMES,YES,YES,OLD,YES,YES,RECENT,SOMETIMES,SOMETIMES,NEVER,NEVER,YES,NEVER,NO,SOMETIMES,NEVER,RECENT,NOT_SURE,NOT_SURE,NOT_SURE,NOT_SURE,29.5,0.0,6.0,37.2,12.0,35.7,21.8,23.5,6.9,48.0,18,LOW
SYN-01185,Student,2026-06-01,FRIENDS,NOT_SURE,PUBLIC,NOT_SURE,YES,NO,NOT_SURE,NOT_SURE,NO,NOT_SURE,YES,NOT_SURE,YES,NOT_SURE,SOMETIMES,SOMETIMES,OFTEN,SOMETIMES,FRIENDS,SOMETIMES,SOMETIMES,YES,EVERYONE,SOMETIMES,NOT_SURE,SOMETIMES,NOT_SURE,ANYONE,NOT_SURE,ANYONE,NO,NONE,OFTEN,NO,NO,NEVER,NOT_SURE,NO,NEVER,NOT_SURE,NOT_SURE,NOT_SURE,SOMETIMES,SOMETIMES,SOMETIMES,NO,SOMETIMES,OFTEN,NEVER,OLD,NOT_SURE,NO,SOMETIMES,64.5,40.0,70.4,58.3,73.3,78.6,96.7,77.1,46.9,72.8,67,HIGH
SYN-01186,Student,2026-05-27,FRIENDS,NOT_SURE,FRIENDS,YES,YES,NOT_SURE,NOT_SURE,NOT_SURE,NOT_SURE,NOT_SURE,NOT_SURE,NO,YES,NOT_SURE,OFTEN,SOMETIMES,SOMETIMES,SOMETIMES,FRIENDS,SOMETIMES,OFTEN,NOT_SURE,FRIENDS_OF_FRIENDS,SOMETIMES,NOT_SURE,NO,NO,FRIENDS,YES,FRIENDS,NOT_SURE,NOT_SURE,OFTEN,NO,NO,OLD,NOT_SURE,NO,NEVER,NO,SOMETIMES,SOMETIMES,OFTEN,NOT_SURE,NOT_SURE,NO,NO,OFTEN,NOT_SURE,OLD,YES,NOT_SURE,SOMETIMES,59.5,54.0,70.4,60.6,65.3,72.1,82.9,81.2,61.4,73.2,67,HIGH
SYN-01187,Professional,2025-10-23,PRIVATE,NO,FRIENDS,NO,NO,NO,NO,NO,NO,NO,NOT_SURE,NO,NO,NEVER,SOMETIMES,NEVER,NEVER,NEVER,FRIENDS,SOMETIMES,SOMETIMES,NO,FRIENDS_OF_FRIENDS,SOMETIMES,RECENT,SOMETIMES,YES,FRIENDS,NO,NO_ONE,YES,APP_OR_KEY,NEVER,YES,YES,RECENT,YES,SOMETIMES,OLD,SOMETIMES,NOT_SURE,NOT_SURE,SOMETIMES,YES,NEVER,NO,SOMETIMES,NEVER,OLD,RECENT,NO,YES,SOMETIMES,7.0,6.0,9.6,41.7,42.7,10.0,4.2,56.5,17.2,22.8,18,LOW
SYN-01188,Job Seeker,2026-08-28,FRIENDS,NO,PRIVATE,NO,NO,NO,NO,NO,NO,NO,NO,NO,NO,NEVER,NEVER,NEVER,NEVER,NEVER,FRIENDS,NEVER,NEVER,NO,FRIENDS_OF_FRIENDS,NOT_SURE,RECENT,YES,YES,NO_ONE,NO,FRIENDS,YES,APP_OR_KEY,SOMETIMES,YES,NOT_SURE,RECENT,YES,YES,OLD,YES,YES,SOMETIMES,NEVER,YES,SOMETIMES,NO,SOMETIMES,NEVER,RECENT,RECENT,NO,SOMETIMES,NEVER,10.5,0.0,0.0,11.7,32.0,5.0,19.4,30.0,19.3,7.5,12,LOW
SYN-01189,Professional,2025-11-20,PUBLIC,YES,PUBLIC,NOT_SURE,YES,YES,NOT_SURE,NOT_SURE,NO,NOT_SURE,YES,YES,NOT_SURE,SOMETIMES,OFTEN,SOMETIMES,SOMETIMES,SOMETIMES,PUBLIC,NOT_SURE,SOMETIMES,YES,FRIENDS_OF_FRIENDS,NOT_SURE,OLD,NO,NO,ANYONE,NOT_SURE,ANYONE,NO,NONE,OFTEN,NOT_SURE,NO,OLD,NOT_SURE,NOT_SURE,NEVER,NOT_SURE,SOMETIMES,OFTEN,NOT_SURE,NOT_SURE,NOT_SURE,NOT_SURE,SOMETIMES,SOMETIMES,OLD,NEVER,YES,NO,SOMETIMES,92.0,64.0,66.4,77.2,56.3,89.3,87.9,81.2,53.8,82.8,73,CRITICAL
SYN-01190,Professional,2026-06-01,PRIVATE,NO,FRIENDS,NO,NO,NO,NO,NO,NO,NO,NO,NO,NO,SOMETIMES,SOMETIMES,NEVER,NEVER,SOMETIMES,PRIVATE,SOMETIMES,NEVER,NO,APPROVAL,SOMETIMES,OLD,SOMETIMES,YES,FRIENDS,NO,NO_ONE,YES,APP_OR_KEY,NEVER,YES,NO,OLD,YES,SOMETIMES,OLD,SOMETIMES,YES,SOMETIMES,NOT_SURE,SOMETIMES,NEVER,NO,YES,NEVER,OLD,OLD,NO,YES,SOMETIMES,7.0,0.0,31.2,16.7,41.7,10.0,19.9,41.8,15.5,36.5,20,LOW
SYN-01191,SMB Owner,2025-11-15,FRIENDS,NO,FRIENDS,NOT_SURE,NO,NO,NO,NO,NO,NOT_SURE,NO,NO,NOT_SURE,SOMETIMES,SOMETIMES,SOMETIMES,SOMETIMES,SOMETIMES,FRIENDS,NOT_SURE,SOMETIMES,NOT_SURE,APPROVAL,NEVER,OLD,SOMETIMES,YES,FRIENDS,NOT_SURE,NO_ONE,YES,SMS,NEVER,NOT_SURE,NOT_SURE,OLD,YES,SOMETIMES,OLD,SOMETIMES,SOMETIMES,NEVER,NEVER,SOMETIMES,NEVER,NOT_SURE,SOMETIMES,SOMETIMES,NEVER,OLD,NOT_SURE,SOMETIMES,NOT_SURE,29.5,8.0,60.0,48.9,17.7,20.7,27.9,42.9,32.1,63.8,34,MODERATE
SYN-01192,Job Seeker,2025-11-11,PRIVATE,YES,FRIENDS,YES,YES,YES,NOT_SURE,NOT_SURE,NOT_SURE,NOT_SURE,NOT_SURE,NOT_SURE,NOT_SURE,OFTEN,OFTEN,SOMETIMES,SOMETIMES,SOMETIMES,PRIVATE,NOT_SURE,SOMETIMES,NOT_SURE,FRIENDS_OF_FRIENDS,OFTEN,NEVER,NO,NO,FRIENDS,YES,FRIENDS,NOT_SURE,NOT_SURE,NOT_SURE,NO,NO,NEVER,NOT_SURE,SOMETIMES,OLD,SOMETIMES,NOT_SURE,SOMETIMES,SOMETIMES,SOMETIMES,NOT_SURE,NO,NOT_SURE,OFTEN,NEVER,NEVER,NOT_SURE,NOT_SURE,NEVER,57.0,68.0,76.0,37.2,85.3,72.1,72.8,58.2,47.6,70.5,65,HIGH
SYN-01193,Job Seeker,2026-08-10,FRIENDS,NO,FRIENDS,NO,NO,NO,NO,YES,NO,NOT_SURE,NOT_SURE,NOT_SURE,NOT_SURE,SOMETIMES,SOMETIMES,SOMETIMES,NOT_SURE,SOMETIMES,FRIENDS,SOMETIMES,NEVER,NOT_SURE,FRIENDS_OF_FRIENDS,SOMETIMES,RECENT,NOT_SURE,NO,ANYONE,NO,ANYONE,YES,SMS,NEVER,NOT_SURE,NOT_SURE,NOT_SURE,NOT_SURE,SOMETIMES,OLD,SOMETIMES,SOMETIMES,OFTEN,NEVER,SOMETIMES,SOMETIMES,NO,NOT_SURE,SOMETIMES,OLD,NEVER,NOT_SURE,NOT_SURE,NOT_SURE,17.5,33.3,58.4,38.3,45.3,78.6,37.8,60.6,35.2,66.8,43,HIGH
SYN-01194,SMB Owner,2025-10-22,FRIENDS,YES,PUBLIC,YES,YES,NOT_SURE,NOT_SURE,NOT_SURE,NO,YES,NO,NOT_SURE,YES,SOMETIMES,NOT_SURE,SOMETIMES,OFTEN,SOMETIMES,PUBLIC,SOMETIMES,SOMETIMES,NOT_SURE,FRIENDS_OF_FRIENDS,SOMETIMES,OLD,SOMETIMES,NOT_SURE,ANYONE,YES,FRIENDS,NOT_SURE,NOT_SURE,NOT_SURE,NO,NOT_SURE,NEVER,NOT_SURE,SOMETIMES,NEVER,SOMETIMES,NOT_SURE,OFTEN,SOMETIMES,SOMETIMES,OFTEN,NO,SOMETIMES,NOT_SURE,NEVER,NEVER,YES,NOT_SURE,SOMETIMES,80.5,47.3,71.2,73.3,53.7,80.0,69.4,81.2,50.0,89.5,66,HIGH
SYN-01195,Student,2026-04-26,FRIENDS,NO,PRIVATE,NOT_SURE,NO,NOT_SURE,NO,NOT_SURE,NO,NO,NOT_SURE,NOT_SURE,NO,NEVER,NEVER,SOMETIMES,SOMETIMES,NOT_SURE,FRIENDS,OFTEN,NOT_SURE,NOT_SURE,APPROVAL,NEVER,RECENT,YES,YES,NO_ONE,NOT_SURE,NO_ONE,YES,SMS,SOMETIMES,NOT_SURE,NOT_SURE,OLD,YES,YES,OLD,YES,SOMETIMES,NEVER,NEVER,SOMETIMES,NEVER,NO,YES,NOT_SURE,OLD,OLD,NOT_SURE,SOMETIMES,NOT_SURE,22.5,32.0,25.2,60.6,0.0,10.7,35.4,31.2,12.1,52.5,28,MODERATE
SYN-01196,Job Seeker,2026-07-13,FRIENDS,NOT_SURE,FRIENDS,NOT_SURE,NOT_SURE,NOT_SURE,YES,NOT_SURE,NOT_SURE,YES,NO,YES,NOT_SURE,SOMETIMES,SOMETIMES,NEVER,NOT_SURE,SOMETIMES,FRIENDS,SOMETIMES,OFTEN,YES,FRIENDS_OF_FRIENDS,SOMETIMES,RECENT,SOMETIMES,NOT_SURE,FRIENDS,NO,ANYONE,NOT_SURE,SMS,SOMETIMES,NO,NOT_SURE,OLD,YES,SOMETIMES,OLD,SOMETIMES,NO,SOMETIMES,SOMETIMES,SOMETIMES,SOMETIMES,NO,NOT_SURE,OFTEN,NEVER,NEVER,YES,NO,OFTEN,46.5,68.7,48.8,67.2,42.7,49.3,57.6,65.3,49.7,100.0,58,HIGH
SYN-01197,Professional,2025-11-26,FRIENDS,NOT_SURE,FRIENDS,YES,YES,NOT_SURE,NOT_SURE,NOT_SURE,NOT_SURE,NOT_SURE,NOT_SURE,YES,YES,OFTEN,SOMETIMES,SOMETIMES,SOMETIMES,SOMETIMES,FRIENDS,SOMETIMES,NOT_SURE,YES,EVERYONE,OFTEN,NEVER,NO,NOT_SURE,ANYONE,YES,ANYONE,NOT_SURE,SMS,OFTEN,NO,NO,NEVER,NOT_SURE,SOMETIMES,NEVER,SOMETIMES,NO,SOMETIMES,NOT_SURE,NO,SOMETIMES,NOT_SURE,SOMETIMES,NOT_SURE,NOT_SURE,OLD,YES,NO,NOT_SURE,59.5,64.0,76.0,56.1,100.0,89.3,80.3,81.2,59.0,76.2,73,CRITICAL
SYN-01198,Professional,2026-05-07,PRIVATE,YES,PRIVATE,NOT_SURE,NOT_SURE,NOT_SURE,NOT_SURE,NOT_SURE,NO,YES,NO,NOT_SURE,NOT_SURE,SOMETIMES,NEVER,SOMETIMES,NOT_SURE,OFTEN,FRIENDS,SOMETIMES,NOT_SURE,NOT_SURE,FRIENDS_OF_FRIENDS,NEVER,OLD,SOMETIMES,NOT_SURE,ANYONE,NO,ANYONE,NOT_SURE,SMS,NOT_SURE,NO,YES,OLD,NOT_SURE,SOMETIMES,NOT_SURE,YES,SOMETIMES,SOMETIMES,SOMETIMES,NOT_SURE,NOT_SURE,NO,YES,SOMETIMES,OLD,OLD,NOT_SURE,SOMETIMES,SOMETIMES,37.0,47.3,53.6,49.4,29.7,67.9,55.7,50.6,36.6,54.0,47,HIGH
SYN-01199,Job Seeker,2026-09-10,FRIENDS,NOT_SURE,FRIENDS,NO,NOT_SURE,YES,NOT_SURE,NO,NO,YES,NOT_SURE,NOT_SURE,NO,SOMETIMES,NEVER,NOT_SURE,OFTEN,SOMETIMES,PRIVATE,SOMETIMES,SOMETIMES,NOT_SURE,APPROVAL,SOMETIMES,NOT_SURE,SOMETIMES,NOT_SURE,FRIENDS,NOT_SURE,NO_ONE,NOT_SURE,SMS,SOMETIMES,NOT_SURE,NOT_SURE,OLD,YES,YES,NEVER,SOMETIMES,SOMETIMES,NEVER,SOMETIMES,SOMETIMES,SOMETIMES,NO,SOMETIMES,SOMETIMES,OLD,OLD,YES,NO,SOMETIMES,34.5,53.3,45.6,40.0,46.7,45.7,51.0,58.8,42.8,71.5,48,HIGH
SYN-01200,Professional,2026-01-11,PRIVATE,NO,PRIVATE,NO,NO,NO,NO,NO,NO,NO,NO,NO,NO,NEVER,NEVER,NEVER,NEVER,NEVER,PRIVATE,NEVER,NEVER,NO,APPROVAL,NEVER,RECENT,YES,YES,FRIENDS,NO,NO_ONE,YES,APP_OR_KEY,NEVER,YES,YES,RECENT,YES,SOMETIMES,OLD,YES,YES,NEVER,NOT_SURE,YES,NEVER,NO,YES,NEVER,OLD,OLD,NO,SOMETIMES,NEVER,0.0,0.0,0.0,0.0,0.0,10.0,4.2,19.4,8.6,35.0,5,LOW
